,Data,Countries,Local,Industry Sector,Accident Level,Potential Accident Level,Genre,Employee or Third Party,Critical Risk,Description,,
0,1/1/2016 0:00,Country_01,Local_01,Mining,I,IV,Male,Third Party,Pressed,"While removing the drill rod of the Jumbo 08 for maintenance, the supervisor proceeds to loosen the support of the intermediate centralizer to facilitate the removal, seeing this the mechanic supports one end on the drill of the equipment to pull with both hands the bar and accelerate the removal from this, at this moment the bar slides from its point of support and tightens the fingers of the mechanic between the drilling bar and the beam of the jumbo.",,
1,1/2/2016 0:00,Country_02,Local_02,Mining,I,IV,Male,Employee,Pressurized Systems,"During the activation of a sodium sulphide pump, the piping was uncoupled and the sulfide solution was designed in the area to reach the maid. Immediately she made use of the emergency shower and was directed to the ambulatory doctor and later to the hospital. Note: of sulphide solution = 48 grams / liter.",,
2,1/6/2016 0:00,Country_01,Local_03,Mining,I,III,Male,Third Party (Remote),Manual Tools,"In the sub-station MILPO located at level +170 when the collaborator was doing the excavation work with a pick (hand tool), hitting a rock with the flat part of the beak, it bounces off hitting the steel tip of the safety shoe and then the metatarsal area of ​​the left foot of the collaborator causing the injury.",,
3,1/8/2016 0:00,Country_01,Local_04,Mining,I,I,Male,Third Party,Others,"Being 9:45 am. approximately in the Nv. 1880 CX-695 OB7, the personnel begins the task of unlocking the Soquet bolts of the BHB machine, when they were in the penultimate bolt they identified that the hexagonal head was worn, proceeding Mr. Cristóbal - Auxiliary assistant to climb to the platform to exert pressure with your hand on the ""DADO"" key, to prevent it from coming out of the bolt; in those moments two collaborators rotate with the lever in anti-clockwise direction, leaving the key of the bolt, hitting the palm of the left hand, causing the injury.",,
4,1/10/2016 0:00,Country_01,Local_04,Mining,IV,IV,Male,Third Party,Others,"Approximately at 11:45 a.m. in circumstances that the mechanics Anthony (group leader), Eduardo and Eric Fernández-injured-the three of the Company IMPROMEC, performed the removal of the pulley of the motor of the pump 3015 in the ZAF of Marcy. 27 cm / Length: 33 cm / Weight: 70 kg), as it was locked proceed to heating the pulley to loosen it, it comes out and falls from a distance of 1.06 meters high and hits the instep of the right foot of the worker, causing the injury described.",,
5,1/12/2016 0:00,Country_02,Local_05,Metals,I,III,Male,Third Party (Remote),Pressurized Systems,"During the unloading operation of the ustulado Bag there was a need to unclog the discharge mouth of the silo truck. In performing this procedure, there was a maneuver of unhooking the hose without the total depressurisation of the mouth, projecting ustulado powder in the collaborator caused irritation in the eyes.",,
6,1/16/2016 0:00,Country_02,Local_05,Metals,I,III,Male,Employee,Fall prevention (same level),"The collaborator reports that he was on street 09 holding in his left hand the volumetric balloon, when he slipped and when placing his hand on the ground the volumetric balloon ended up breaking caused a small wound in his left hand.",,
7,1/17/2016 0:00,Country_01,Local_04,Mining,I,III,Male,Third Party,Pressed,"At approximately 04:50 p.m., when the mechanic technician José of the Tecnomin verified the transmission belts of the HM-100 pump at the Acid plant, he proceeded to turn the pulley manually; unexpectedly at that instant the electrician supervisor Miguel of the EKA Mining grabs the transmission belts to verify their tension, at which point the finger traps.",,
8,1/19/2016 0:00,Country_02,Local_02,Mining,I,IV,Male,Third Party (Remote),Others,"Employee was sitting in the resting area at level 326 (raise bore), when he suffered sudden illness, falling and suffering excoriation on the face.",,
9,1/26/2016 0:00,Country_01,Local_06,Metals,I,II,Male,Third Party,Chemical substances,"At the moment the forklift operator went to manipulate big bag of bioxide in section 70 and just in front of the ladder that leads to the area of ​​manual displacement, he splashed spent at the height of his forehead from a fissure in pipe G -069, subsequently spilling to his left eye. The collaborator went to the nearby eyewash for cleaning and immediately to the medical center.",,
10,1/28/2016 0:00,Country_01,Local_03,Mining,I,III,Male,Employee,Others,"While installing a segment of the polyurethane pulley protective lyner - 60x4x5cm weighing 1.2 kg - on the head pulley of the ore winch, when the pulley is rotated to compress the lyner inside the channel, it falls from its housing 1.50 m rubbing the right side of the worker's hip, generating the injury described.",,
11,1/30/2016 0:00,Country_01,Local_03,Mining,I,IV,Male,Third Party,Others,"While preparing the rice for the lunch of the day, when moving the pot # 60 - 35 Kg of weight including the contents - to evacuate the residual water of the cooking of the rice, when positioning the pot on a jaba it tilts backwards spilling some 200 ml of hot water on the cook's leg. The cook immediately after the event applies first aid, pouring cold water on the area of ​​the injury and go to the medical post for evaluation.",,
12,2/1/2016 0:00,Country_02,Local_05,Metals,I,I,Male,Employee,Liquid Metal,The collaborator reports that he was working in the Ustulación and realized that the cyclone duct was obstructed and opened the door to try to unclog the same and the material detached and projected towards the employee causing small burn in the right heel.,,
13,2/2/2016 0:00,Country_01,Local_01,Mining,IV,V,Male,Third Party,Electrical installation,"In moments that the operator of the Jumbo 2, tried energize your equipment to proceed to the installation of 4 split set at intersection 544 of Nv 3300, remove the lock and opening the electric board of 440V and 400A, and when lifting the thermomagnetic key This makes phase to ground - phase contact with the panel shell - producing a flash which reaches the operator causing the injury described.",,
14,2/4/2016 0:00,Country_02,Local_05,Metals,I,III,Male,Employee,Confined space,"Due to the accumulation of Waelz on the conveyor and trailer of the Filter 08FI0502, the employee performed the cleaning of the shutter using the air lance, when he was surprised by the fall of the product that was above the door, passing between the neck and the collar of the aramid jacket and causing burn in the neck and shoulder.",,
15,2/4/2016 0:00,Country_02,Local_05,Metals,I,IV,Male,Employee,Liquid Metal,"The employee was working in the When a thermal shock caused a splash of zinc in his direction, the employee, despite using all the indicated PPE, was hit by small spatters that passed between the facila and the hood. small burn in the face region.",,
16,2/6/2016 0:00,Country_01,Local_04,Mining,III,IV,Male,Third Party,Others,"At Rp 050 of level 1620, in circumstances where the workers of the company were performing the task of diamond drilling, the assistants Jhonatan (injured) and Nilton were preparing to increase the HQ perforation pipe located on the scaffolding, Mr. Jhonatan lifts one end of the tube and supports it on the pulley of the equipment frame, the other end being on the working scaffolding, at the moment that Mr. Nilton lifts the end of the HQ pipe that is in the scaffolding to position in the frame, the upper part of the pipe comes out of the pulley falling and striking the right hand of the worker jhonatan against bolts that has the lateral part of the same frame causing the injury described.",,
17,2/7/2016 0:00,Country_01,Local_06,Metals,I,II,Female,Third Party,Others,"Due to the overheating of 2 bars in row 5 of cell 7 a spark is produced, which is projected and manages to reach the Chief of guard who was in the corridor, producing a first degree burn in the neck.",,
18,2/8/2016 0:00,Country_01,Local_06,Metals,I,II,Male,Employee,Others,"An auxiliary wheel of the cathode crane G2133 was changed in area 75, when when a bearing was heated and hit with a hammer and chisel at one end of the bearing track, a detachment of a bearing piece occurred, impacting it in the thigh of the right leg producing a cut. The ambulance is called and you are transferred to the clinic.",,
19,2/21/2016 0:00,Country_01,Local_06,Metals,I,III,Male,Employee,Others,"The worker Manuel was making the disconnection of the power cables of the gate that is at the intersection of Manco streets with Cajamarquilla in order to remove it. In circumstances that Mr. José worker of the company ITS, was removing the rope tied in the body of the gate, this yields and falls pulling the warning post which hits the helmet of Mr. who He was standing at his side.",,
20,2/25/2016 0:00,Country_01,Local_06,Metals,I,II,Male,Third Party,Others,"At 14:16, the operator Samuel was about to open the container for its subsequent loading with silver concentrate, and opened the first gate. Afterwards, he tries to open the second door and it is when product of the opening of the latter, the first one opens and impacts with the handle the safety lens and generates the injury in the left cheekbone of the face of the operator.",,
21,2/9/2016 0:00,Country_01,Local_03,Mining,I,IV,Male,Third Party,Others,"In the Raise chamber, when the operator and assistant removed the drilling bar from the 71R drilling machine - weight approx. 500 Kg - holding it at the top with a 2 TM stroke and assisted with jibs to move horizontally, the operator's jib on the bottom slides by moving the top of the drill bar causing the assistant's bar to enforce his assistant's hand between the bar and the piston of the equipment.",,
22,2/10/2016 0:00,Country_01,Local_03,Mining,II,IV,Male,Third Party,Others,"While aligning the right bracket of tower N ° 32, when releasing the tension applied by the tirford of 1.5 Tn, when pushing the lever towards the tension release point, it returns by mechanical effect overcoming the resistance of the lineman operator and reshaping the the hands of the assistant beating the assistant in the frontal region.",,
23,2/15/2016 0:00,Country_02,Local_02,Mining,II,II,Male,Third Party (Remote),Others,"By loosening the A30-29 truck's steering cylinder bolt using power cable and socket, with the force exerted in favor of the equipment, the bolt suddenly retired and the employee hit his hand against the structure of the equipment, causing injury.",,
24,2/14/2016 0:00,Country_01,Local_06,Metals,I,II,Male,Third Party,Others,"An operator of the G-2142 deslaminadora in section 75 was unlocking a sheet of zinc stuck so that it can enter the slide of the stacking table, for this requires the support of Mr. Mollares and this helps to hold the sheet to place it in the entry chute to the slide. At the moment of releasing the blade, it tilted and brushed Mr. Mollares's left leg. The collaborator went to the nearby eyewash for cleaning and immediately to the medical center.",,
25,2/15/2016 0:00,Country_01,Local_06,Metals,I,II,Male,Employee,Manual Tools,"The operator was willing to manually displace the zinc sheet adhered to the aluminum cathode. At the moment when the blade was detached, the blade was released from the cathode, bending and grazing the collaborator's right hand, producing 2 small cuts at the knuckles of the fingers, the worker made use of his gloves. leather. The worker is transferred to the medical unit for first aid.",,
26,2/13/2016 0:00,Country_01,Local_01,Mining,I,I,Male,Employee,Others,"At the end of lunch in an enabled place on the side of the winche control room. He gets up and after a short walk he slips and sits with the floor and making contact with the left knee and not taking importance in the rest of the guard, when the guard is finished, he goes to safety and communicates the fact, for which reason it is derived Natclar, for your attention.",,
27,2/15/2016 0:00,Country_01,Local_03,Mining,I,III,Male,Third Party,Others,"At the end of the rock break at the intersection of the ramp -1055 and the opening of the access to the ventilation chimney, the master loader identifies rocks on the mesh proceeding to unload them, at the end he decides to verify if there are still remains by positioning himself under the line of fire, at which time a fragment of rock falls - 5x4x3cm .; 180 gr - between the cocada mesh impacting between the lens and the helmet causing the injury.",,
28,2/16/2016 0:00,Country_01,Local_01,Mining,I,IV,Male,Employee,Others,"The worker carried out his work at level 2940, stop 896; and placed metal mesh on the basket (SOIL HALF) of the Scissor the mesh falls and hits the back of his right hand.",,
29,2/16/2016 0:00,Country_02,Local_07,Mining,II,III,Male,Employee,Others,When using the griff wrench to unscrew the rod from the probe the key came to move by pressing the employee's finger against the probe.,,
30,2/17/2016 0:00,Country_01,Local_03,Mining,I,II,Male,Employee,Others,"When the plant operator was semi-kneeling when lifting the lid or gate (15 kg) of the distributor box of the secondary mill No. 4 and No. 5, his right knee slips due to the presence of debris spilled on the platform or floor (Grating) - which gave him an extra effort in his left leg, generating a muscle contracture.",,
31,2/19/2016 0:00,Country_01,Local_03,Mining,I,II,Male,Employee,Others,"At level -1095 - Access 6 A2 - at times when the engineer trainee planamieto entered to verify the amount of split set placed by the Scissor 184 in the support - holding his notebook and pen in his left hand - while inspecting the roof of the work, he lost the balance when stepping on a rock holding the right hand on a rock on the floor causing the injury. The worker at the time of the accident wore gloves but did not use them because it made it difficult to take notes.",,
32,2/21/2016 0:00,Country_01,Local_01,Mining,III,IV,Male,Third Party,Others,"The worker Yaranga while working with barretilla in Stop 996, Level 3300. While unloading metal mesh, on the basket of an ampoloader with his operator Juan barretilla is embedded on safety boot, reacting immediately the worker removing the limb with force and managing to release the foot, but producing a wound on the right foot.",,
33,2/20/2016 0:00,Country_01,Local_04,Mining,V,V,Male,Third Party,Others,"Approximately 1:40 p.m. in circumstances that shotcrete was launched in the Nv. 1680 BP 255 of the OB2B, after finishing the launch of the first mixkret 113, the assistant of the alpha, Mr. Albertico asks the operator of the mixkret 113, Mr. Jhony to move the mixkret 116, so that access, finding in the cockpit of the mixkret the operator of the Launcher team, Mr. Danon asks him to come down. When the team started, he noticed that Mr. Danon (injured) was imprisoned between the team (height of the left rear rim) and the Hastial de la Labor.",,
34,2/15/2016 0:00,Country_02,Local_05,Metals,I,II,Male,Employee,Others,The employee was clearing the pipe when he tapped his right thumb against the flange causing little trauma.,,
35,2/18/2016 0:00,Country_02,Local_05,Metals,I,III,Male,Third Party (Remote),Pressed,"When replacing the telescopic expansion joint of the HDPE pipe of the storm drainage pumping system, it reports that the piece involuntarily moved when it was positioned in the holder, pressing its finger against the holder, causing a wound 1 right chemo.",,
36,2/22/2016 0:00,Country_01,Local_01,Mining,I,IV,Male,Third Party,Others,"During the withdrawal the Kelly bar (conductive bar of 45 Kg, 1.5 m of length and 10 cm of diameter) of the equipment of perforation on the part of two workers, one of them is positioned in the low part to tie the bar and the injured one is position in the upper part to hold the bar, when positioning the bar on the platform they lose control of the bar moving 5 cm with the 2nd finger of the right hand against the pulleys of the frame. At the time of the accident, the worker was wearing safety gloves and the drill rig was blocked.",,
37,2/24/2016 0:00,Country_02,Local_07,Mining,I,V,Male,Employee,Others,When starting the activity of removing a coil of electric cables in the warehouse with the help of forklift truck the operator did not notice that there was a beehive in it. Due to the movement of the coil the bees were excited. Realizing the fact the operator turned off the equipment and left the area. People passing by were stung.,,
38,2/24/2016 0:00,Country_02,Local_07,Mining,I,V,Female,Third Party,Others,When starting the activity of removing a coil of electric cables in the warehouse with the help of forklift truck the operator did not notice that there was a beehive in it. Due to the movement of the coil the bees were excited. Realizing the fact the operator turned off the equipment and left the area. People passing by were stung.,,
39,2/24/2016 0:00,Country_01,Local_01,Mining,I,IV,Male,Employee,Others,"During the pre-use inspection of the Jumbo 15 (check list) equipment, the operator of the equipment finds behind the seat a plastic bottle filled with a liquid apparently mineral water, without any label or labeling. Take the bottle and take a small sip of the liquid, expelling it immediately when noticing that it was not water, immediately proceeds to wash with enough water and is transferred to the medical center for your attention. The liquid with which it had contact is an esengrasante product of equipment and machinery of low toxicity.",,
40,2/29/2016 0:00,Country_02,Local_02,Mining,II,IV,Male,Employee,Others,"During maintenance of the Flyght pump rotor, the oil pressure of the the lubrication chamber caused the chamber cover to be projected towards the employee's face, striking him superficially on the forehead, causing injury.",,
41,2/26/2016 0:00,Country_01,Local_06,Metals,I,IV,Male,Third Party (Remote),Pressurized Systems / Chemical Substances,"Approx. at 11:22 am there is a leakage of sulfur dioxide (SO2) from section 20/30 due to water seal blowing due to overpressure of the acid plant, at that moment there were 13 collaborators of CORMEI companies, EISSA and COSAPI doing work near the impacted area; who were evacuated to the medical center for their care, then returned to their usual work.",,
54,2/27/2016 0:00,Country_01,Local_01,Mining,I,III,Male,Third Party,Others,"While performing the cutting of the meshes protruding in the gables of the work, the assistant loader is positioned at 1.40mt. on the floor using a portable ladder which was held at the base by the master loader, at which time the loader assistant loses balance and when falling is held by the mesh with the hand hanging at 0.80mt. of the floor causing the injury.",,
55,3/2/2016 0:00,Country_02,Local_08,Metals,I,III,Male,Employee,Pressed,"The operator was in the center (Demag IV), performing maintenance. When transporting the hydraulic cylinder with the help of another operator the official was unbalanced coming the cylinder that carried to press his finger (Left thumb) against the pillar of support of the oven specified below (figure).",,
56,3/2/2016 0:00,Country_01,Local_06,Metals,I,III,Male,Employee,Blocking and isolation of energies,"During the start of the neutral leaching process, the employee Jhonatan proceeds to open the air valve of the tank Airlift a circumstance in which the process solution returns through the chimney, the solution coming into contact with the arm and right foot.",,
57,3/3/2016 0:00,Country_01,Local_03,Mining,I,III,Male,Third Party,Others,"At a time when two assistants were carrying a bag of cement weighing 42.5 kg to the lamp of the loader - suspended about 10 cm from the floor, the left foot of one of the assistants slid and hit the edge of the baton.",,
58,3/4/2016 0:00,Country_01,Local_06,Metals,I,III,Male,Employee,Manual Tools,"The operator cleaned with spatula spear through one of the windows of the boiler, at that time by force action hit the window frame, causing injury to the little finger of the left hand, the operator had all EPP for boiler cleaning.",,
59,3/5/2016 0:00,Country_01,Local_03,Mining,I,IV,Male,Employee,Others,"The locomotive No. 15 operated by MAPERU personnel, was directed with 10 wagons loaded with ore from the OP4 to the waste bin. Next to the waste bin, the patrol car (which goes on the back of the wagons) the moment it passed over a change of track, the left rear wheel of the patrol car leaves the rail advancing the locomotive leaving the patrol car tilted more ahead. The assistant motorist who traveled alone in the patrol car remained inside the structure and suffered minor bruises.",,
60,3/6/2016 0:00,Country_01,Local_04,Mining,I,III,Male,Employee,Others,"On pit 831 of level 1910 when radial drilling was performed of negative holes with the simba M4C ITH No. 5 equipment, when the assistant of the equipment operator made the change of the drill bit, the metal bar (hammer) is released from the coupling of the rotation unit and when abruptly withdrawing his hands hit the back of his right hand against the team's structure. At the time of the accident the team was Paid.",,
61,3/6/2016 0:00,Country_01,Local_03,Mining,III,IV,Male,Third Party (Remote),Others,"At a time when a worker and another partner were preparing to move an oil cylinder (55 gallons) on a mobile platform mounted on rails (platform weighing approximately 200 kg) it is derailed (leaves the rail). In order to place the platform on the rail, both workers lift the platform and in those instants the right hand of one of them is trapped between the rail and the platform structure where it was held (metallic tube protruding from the platform). This accident caused a bruised wound on the index finger of the right hand, there was no fracture. At the time of the accident they both wore leather-type safety gloves.",,
62,3/9/2016 0:00,Country_01,Local_06,Metals,I,IV,Male,Third Party,Suspended Loads,"The operator was feeding a bag of big bag containing scraps of Zn sheets. During lifting, this loaded bag is released from the hook of the hoist, making abrupt contact with the liquid zinc of the furnace, generating an explosion and causing the operator to be hit with liquid zinc.",,
63,3/11/2016 0:00,Country_01,Local_03,Mining,III,V,Male,Third Party,Others,"In circumstances that two workers of the company INCIMMET made the loading of explosives using an equipment anfoloader, in a front of the work - sustained with shotcreterepentinamente of the right superior part of the crown, a piece of rock of approx. 9. kg, (0.2mx0.15mx0.10m), impacting on the basket and on the back of the helper who was in the basket suspended at 2.2 m height, moments later a block of rock is detached from the wall of the gable approx. 1,500 kg. (1.20mx1.10mx0.40m), which impacts the ampoloader team and part of this block injures the operator of the ampoloader team who was standing on the ground. The equipment anfoloader has a cabin with protection ROPs and FOPs, at the time of the accident both workers used helmets and safety boots. Both suffered polyontusions and minor scoria injuries.",,
64,3/11/2016 0:00,Country_01,Local_03,Mining,I,V,Male,Third Party,Others,"In circumstances that two workers of the company INCIMMET fectuaban the loading of explosives using an equipment anfoloader, in a front of the work - sustained with shotcreterepentinamente of the right superior part of the crown, a piece of rock of approx. 9. kg, (0.2mx0.15mx0.10m), impacting on the basket and on the back of the helper who was in the basket suspended at 2.2 m height, moments later a block of rock is detached from the wall of the gable approx. 1,500 kg. (1.20mx1.10mx0.40m), which impacts the ampoloader team and part of this block injures the operator of the ampoloader team who was standing on the ground. The equipment anfoloader has a cabin with protection ROPs and FOPs, at the time of the accident both workers used helmets and safety boots. Both suffered polyontusions and minor scoria injuries.",,
65,3/13/2016 0:00,Country_01,Local_03,Mining,I,IV,Male,Third Party (Remote),Others,"The mechanic assistant after throwing the wooden blocks of support of the stabilizer of the Hiab crane truck to the ground, when descending from the truck by the access ladder when arriving at the last step jumps towards the ground - height of 69cm - treading the edge of one of The wooden blocks cause an injury to the left ankle.",,
66,3/12/2016 0:00,Country_02,Local_07,Mining,III,IV,Male,Employee,Others,"By manually moving a steel cabinet for disposal with the help of another employee, the operator had his finger pressed down between the wall and the cabinet causing injury.",,
67,3/14/2016 0:00,Country_01,Local_06,Metals,II,III,Male,Third Party (Remote),Chemical substances,"During the discharge of waste, the operator proceeds to remove a bag that was under the hose rolled, in this circumstance one of the ends of the hose moves in the direction of the face of the driver, projecting the liquid contained in it and impacting it on the ear and part of the face.",,
68,3/13/2016 0:00,Country_01,Local_03,Mining,I,III,Male,Employee,Others,"In circumstances that the Operator 176 was going from level 620 to level 640, he noticed that the hydraulic pump's inspection cover (18 ""x32"" x3 / 8 "", 15 Kg approx.) Was about to fall, so he stopped the equipment, activates the cats and climbs up the upper part of the equipment and in moments that accommodated the cover it slides on its middle finger causing the injury.",,
69,3/16/2016 0:00,Country_01,Local_04,Mining,I,II,Male,Third Party,Others,"When installing the ripper pin of the tractor D6T-N1, the ripper support arm slides by pressing the second and third fingers of the right hand against the base of the ripper causing the injury described.",,
70,3/10/2016 0:00,Country_02,Local_05,Metals,I,II,Male,Employee,Pressed,"The employee reports that when he lowered the cloths in the purification, he arranged the cart so that it would not grab the pipe, pressing his left hand between the cloths and the cart.",,
71,3/17/2016 0:00,Country_01,Local_01,Mining,I,II,Male,Third Party,Others,"At the end of the loading of explosives on the work front, the master loader enters to verify the mooring of the blasting accessories, when retiring from the top (1.5 m), he hears the sound of fragments of rock rolling through the support mesh, directs its gaze towards the crown in a vertical form, at which point a small fragment of rock (2x3x2cm; 36gr) passes through the openings of the mesh. sustaining impact on the forehead. At the time of the event the collaborator used his helmet and safety lens and the front was with support to the top and sacrifice mesh. The opening of the support mesh is 3 ""x 3"".",,
72,3/16/2016 0:00,Country_02,Local_08,Metals,II,II,Male,Employee,Manual Tools,"The employee, when performing the adjustment / tightening operation of the cutter blade with which he worked, was neglected, the key to slip, causing the blade of the equipment to hit him, causing a blunt cut on his right forearm.",,
73,3/18/2016 0:00,Country_01,Local_04,Mining,IV,IV,Male,Third Party,Others,"Approximately at 11:50 a.m. in circumstances that the Messrs. of the truck crane) and William de la Cruz culminated the shipment of 03 blocks of metal plates with an approximate weight of 1800 Kg. Mr. William de the Cross (rigger) climbs onto the truck to remove the sling, places both feet under the stretcher that supported the metal plates. At that moment the central part of the stretcher is broken, as a result of which the two feet are imprisoned producing the injury.",,
74,3/19/2016 0:00,Country_01,Local_01,Mining,I,III,Male,Employee,Others,"During the placement of the last support mesh cloth of the work, in moments that from the ground the injured collaborator reached the electrowelded mesh to the operator of the scissor bolter positioned in the basket, when pressing on the mesh, one of the protruding ends of the mesh, crosses the leather glove causing an injury in his right hand.",,
75,3/14/2016 0:00,Country_02,Local_05,Metals,I,IV,Male,Employee,Chemical substances,The employee checked for acid leakage in the shipping area when he was hit by splashes of solution in his right hemiface.,,
76,3/18/2016 0:00,Country_02,Local_05,Metals,I,IV,Male,Employee,Fall prevention (same level),"The employee was clearing the liquid zinc pump from oven 04, when he stepped on the platform and became unbalanced with a twist in his left foot.",,
77,3/18/2016 0:00,Country_02,Local_05,Metals,I,IV,Male,Employee,Chemical substances,"The employee was transiting toward the cadmium factory, near tank 1440 on copper sulphate, when acid solution spilled in his direction, reaching his legs causing minor burns.",,
78,3/22/2016 0:00,Country_01,Local_03,Mining,I,II,Male,Employee,Others,"When carrying out the activity of cutting electrowelded mesh on the work front, the assistant positions his feet on one end of the mesh leaving the other end free, at the moment that the assistant bends down to make the cut with the shear, the end free of the mesh returns by inertia hitting the partner above his safety lens.",,
79,3/22/2016 0:00,Country_01,Local_01,Mining,IV,IV,Male,Third Party,Others,"During the refurbishment work of the HDPE pipes (4 ""of diameter) with two workers, when the worker who secured the pipe with a chain, standing on the basket of the ampoloader - raised to a height of 3.0 m from the ground -, the pipe slipped and impacted his arm right, causing an injury to the radius of the right arm.",,
80,3/25/2016 0:00,Country_01,Local_01,Mining,I,IV,Male,Third Party,Others,"In circumstances that a dump truck laden with ore entered to unload backwards in a curve in the upper part of via La Laquia, the operator did not notice the unevenness in the road (approximately one meter) approaching the edge and overturning the truck on its right side. The operator traveled alone in the truck and made use of the safety belt, helmet and glasses at the time of the accident. During the unloading process, there were two squares that were 25 m from the accident site. The test of alcohotest to the operator was negative.",,
81,3/30/2016 0:00,Country_01,Local_04,Mining,II,IV,Male,Third Party,Others,"Being approximately 5:45 pm. On the level. 1710 Cx 018 BP 745, in circumstances that the workers of the company Rock performed the anchorage of the central pin for the anchoring of the drilling machine Diamantina XRD -30 (bob Cat) the assistant Cristian (injured) made the adjustment of the nut of the central bolt with the stilson key No. 18 Simultaneously Jose from the control panel made the movement of the rotation unit for the positioning of the clamp pin, at that moment the frame is slid by pressing the thumb of the assistant's left hand against the stilson key, causing the described injury, due to the lack of securing the frame fixing bolts.",,
82,3/30/2016 0:00,Country_01,Local_03,Mining,I,III,Male,Employee,Others,"After having carried out the mechanized support with the Scissor # 200, the heavy equipment operator picks up the water supply hose towards the drum of the equipment and, while He was heading towards the cabin of the Scissor on the way on a piece of rock - 10 cm high approx. - which displaces by sliding his right foot causing the injury described.",,
83,3/31/2016 0:00,Country_01,Local_06,Metals,I,III,Male,Employee,Others,Being approximately 14:25 h when supervising the line clamping of the POM D071 Roy Canario returning to the thickener D1304 hits his nose with the metal chute out of operation.,,
84,3/31/2016 0:00,Country_02,Local_08,Metals,I,III,Male,Third Party (Remote),Pressed,"The employee, performing the truck's unloading operation, an iron bundle pressed his right finger and injured his left arm.",,
85,4/1/2016 0:00,Country_01,Local_03,Mining,I,III,Male,Third Party,Others,"After loading two blown holes from the previous blasting with the use of a telescopic ladder, the master loader pulls the ladder detaching from the upper support point, about 3 mt. of height, a fragment of rock - 3cm x 3cm x 2 cm; 54 gr - which is projected by the right end of the ladder hitting the master loader on the cheekbone and upper lip producing the lesion described. The master shipper used his safety glasses.",,
86,4/3/2016 0:00,Country_01,Local_01,Mining,III,V,Male,Third Party,Others,"During the plant stop scheduled for maintenance, almost at the end of the change of the ""T"" fitting of the HDP pipe with a diameter of 14 "", the Resident enters the work zone from the bottom to supervise the work, in that At the moment four workers - anchored with harness - that were in the upper part manipulating the accessory ""T"" to tie the flanges of the HDP pipe and PVC of 14 ""diameter, suddenly the PVC pipe comes out of its support (pipe with fine material of tailings (Weight 700kg.)) and falls from a height of 2 meters to the floor, bounces and imprisons the resident engineer. Only the injured worker was in the lower part or line of fire.",,
87,4/2/2016 0:00,Country_01,Local_01,Mining,I,III,Male,Employee,Others,"Parking the equipment Dumper ° 18 in the maintenance workshop, the mechanic asks the operator to back off the equipment for washing, then the operator starts the reverse gear with the cab door fully open, upon reaching the washing area (8 meters behind), brakes and the cabin door closes untimely and hits your face, causing a minor injury. In the area was the mechanic at floor level in a safe place.",,
88,4/1/2016 0:00,Country_01,Local_01,Mining,I,V,Male,Third Party (Remote),Others,"In circumstances that two workers of the Abratech company were doing putty work inside the conditioning tank (5 meters deep and covered by platforms) of metal gratings - grating- in the upper part), two other employees of the HyT company carried out maneuvers transfer of a pump with the help of a manual tick - which worked hooked to a beam H, dragging the pump on the metal gratings (grating), suddenly the pump is hooked with a metal grate (grating) and when trying to release it, the metal grid (grating - 13.0 Kg. (60 cm x 92 cm)) falls inside the tank, hits a diagonal channel inside the tank and then impacts the right arm of one of the workers and rubs the helmet of the second worker that he was crouching. The area where the bomb was being moved was marked with tape and did not have a lookout.",,
89,4/1/2016 0:00,Country_01,Local_01,Mining,I,V,Male,Third Party (Remote),Others,"In circumstances that two workers of the Abratech company were doing putty work inside the conditioning tank (5 meters deep and covered by platforms) of metal gratings - grating- in the upper part), two other employees of the HyT company carried out maneuvers transfer of a pump with the help of a manual tick - which worked hooked to a beam H, dragging the pump on the metal gratings (grating), suddenly the pump is hooked with a metal grate (grating) and when trying to release it, the metal grid (grating - 13.0 Kg. (60 cm x 92 cm)) falls inside the tank, hits a diagonal channel inside the tank and then impacts the right arm of one of the workers and rubs the helmet of the second worker that he was crouching. The area where the bomb was being moved was marked with tape and did not have a lookout.",,
90,3/10/2016 0:00,Country_03,Local_10,Others,II,II,Male,Third Party,Others,"When accessing the Santa do Novo area, in order to open the chop, General was moving ahead of the team in order to open access for Manetometer, when he came across an area with a steep slope and gravel presence. In a certain place of access the employee slipped, coming with this to become unbalanced. At that moment the machete that was in his left hand came to slip the right leg above the knee, causing a cut 3cm.",,
91,3/24/2016 0:00,Country_03,Local_10,Others,IV,IV,Male,Third Party,Poll,"When performing the sleeve removal maneuver, when the hole was 600 meters deep, General da Silva pressed only one side of the locking nut of the rods, which together with the jack, holds the entire weight of the rods in the maneuver. As the locking procedure was not effective, the weight of the rods was only secured by the steel wire rope of the probe winch. At the moment that driller Pedro released the brake of the winch, the inefficacy of the locking done only in one side of the chestnut and without aid of the monkey, caused the sliding of the rods. Auxiliary was prepared for manual unlocking of the rods, holding the faucet key firmly against the probe tower as the composition shifted. As the stems slid, his hands were shifted downward, causing his left hand to strike against the base of the probe tower structure, causing cuts to the 4th and 5th Quirodactyl. employee was taken to the hospital where he went through medical care. wound was sutured with 16 stitches. same was removed for 10 days from his activities.",,
92,3/22/2016 0:00,Country_03,Local_10,Others,I,I,Male,Third Party,Others,"During the trip to the vehicle, at the end of the work, the collaborator Rhainer stepped on an object that he could not identify, thus coming to pierce the sole of the boot and causing a small hole in the sole of the left foot of the collaborator. The perforation was possibly due to a stump of wood, since the area covered by the collaborator, was a pasture grazed recently and near a residence.",,
93,3/31/2016 0:00,Country_01,Local_03,Mining,I,II,Male,Third Party,Others,"In the workshop level -970 in Box # 1, while TWO the mechanics manipulated a steel plate - 60cm x40cm x 2.5cm; 50 Kg - to place it in the gutter of the workshop and be able to remove the Scaler # 142, the plate slides and restricts the right ring finger between the gable and the plate causing the injury. The collaborator used gloves at the time of the accident",,
94,4/4/2016 0:00,Country_02,Local_09,Metals,III,IV,Male,Employee,Manual Tools,"When it opens the suction valve of the 420-BO-01 acid pump, the cable of the same pump comes loose by pressing the 5th finger of the employee's left hand against the tubing, causing a fracture in the distal phalanx. Photos",,
95,4/5/2016 0:00,Country_01,Local_06,Metals,I,III,Male,Third Party,Fall prevention (same level),"The worker carried out the disassembly of 03 scaffolding bodies in the pulpomatic of the thickener D2251. the dismantling of the base of the scaffold, located approximately one meter high from the floor of the sump, the rivets of the anchor support of the platform were broken, causing the fall of the worker and impacting the right knee with the support that I am anchored in one of the horizontals of the scaffolding structure.",,
96,4/5/2016 0:00,Country_02,Local_05,Metals,I,III,Male,Third Party,Pressed,Employee reports that when handling the air conditioning pressed the 2nd right chirodactilo causing a contusion.,,
97,4/7/2016 0:00,Country_01,Local_03,Mining,I,II,Male,Third Party,Others,"After parking a van next to a cluster of wooden sleepers and boards, the driver, on descending, stepped on a board in which an iron nail protruded 11/2 ""long, which he did not identify as the board was submerged in a puddle of water. This accident caused a minor wound on the sole of the left foot. At the time of the accident the worker was wearing safety boots.",,
98,4/8/2016 0:00,Country_01,Local_03,Mining,I,IV,Male,Employee,Others,"During the maintenance of the locomotive N ° 16 in the workshop of level -1170, the assistant when pulling the locomotive chair backwards stumbles against the ventilation grille, falling on the platform of the locomotive and then to the floor of the workshop from a height 1.17m generating the injury. At the time of the accident the assistant used his safety helmet and chin strap.",,
99,4/11/2016 0:00,Country_01,Local_01,Mining,I,IV,Male,Third Party,Others,"Once the RB machine is lifted (weight 7 tn) at 15 cm from the floor level, the accidently proceeds to pull the RB machine with a key of 5 tons (maximum cap), to lay it on the floor, after advancing 70 cm horizontally, the anchor bolt (pig tail type, 5/8 ""diameter) to which the key was hooked, it breaks transversely, and with the pulling force, this key is projected onto the injured person's left shoulder causing the injury. - The injured was 1.50 meters from the key. - At the time of the incident, the assistant was 5 meters away doing order and cleaning",,
100,4/11/2016 0:00,Country_01,Local_01,Mining,I,IV,Male,Employee,Others,"When positioning the scissor bolter N ° 09 in the East of stope 175 (40 meters from the top), the operator and his assistant verify that the ventilation sleeve will obstruct the support of the left gable, so they decide to section the sleeve and direct it towards the main corridor; the injured person decides to climb to the roof of the equipment cabin (surface: 1.5 square meters) to carry out the reinstallation of the sectioned sleeve and, without noticing, he steps on empty and falls from the equipment from a height of 2.50 meters. At the time of the accident, the operator was on the scissor bolter platform, the equipment was positioned and blocked to perform the maintenance and the assistant was wearing a safety helmet and chin strap.",,
101,4/14/2016 0:00,Country_02,Local_08,Metals,I,III,Male,Employee,Pressurized Systems,"During the cleaning of the 16 ""vertical pipe using the hydrojet equipment (high pressure hose), the hose returned due to obstruction of the pipe with residue, reaching the operator who was actuating the equipment pedal .",,
102,4/14/2016 0:00,Country_01,Local_04,Mining,I,II,Male,Third Party,Others,"In bypass 100 of level 1970 when the workers of the company Incimet Raul (operator of Bolter bolting team) and Rolando (assistant) retired after installing the support with helical bolt, the pink team with a mesh overhanging the gable, so the teacher tells his assistant to cut the mesh and the instant the assistant finished cutting the mesh, it suddenly rises hitting his face causing the injury described.",,
103,4/16/2016 0:00,Country_01,Local_04,Mining,I,III,Male,Third Party,Others,"Being 2:40 am. Approximately, Luna - master loader of the company Incimet was carrying out the loading activity of the front in the Cruiser 771 of the 1970 level; in moments that was tying the pentacord of the crown and trying to reach the fanel on the left side, loses balance by a movement of the ladder and falls to the floor resulting in the accident.",,
104,4/16/2016 0:00,Country_01,Local_03,Mining,I,III,Male,Third Party,Others,"In moments that the worker-mechanic was the workshop of maintenance, the wire of his mining lamp is hooked with a drill hole (4.0 Kg) that was on the work table of the workshop, which fell 1.m and impacted his left foot causing a minor bruise. At the time of the accident the collaborator used his safety boots with steel toecap.",,
105,4/15/2016 0:00,Country_01,Local_03,Mining,I,II,Male,Employee,Others,"In general store, while two store attendants removed the compartment a rubber mesh for material classification - 1.8 m.x1.2 m.x0.02 m .; 60 kg of weight - when lifted approx. 40 cm to position it against the edge of another mesh placed on the floor on a litter, this slightly imprisons the index finger of the right hand of one of the assistants causing a minor cutting wound. At the time of the accident the injured worker used leather gloves.",,
106,4/17/2016 0:00,Country_02,Local_05,Metals,I,IV,Male,Employee,Cut,"Employee reports that when attempting to manually ingot of Zinco, on the rotary table of the L1 ingot, hit with the left hand against the angle in the structure of the ingot, by pressing the finger between the ingot and the angle.",,
107,4/18/2016 0:00,Country_01,Local_03,Mining,I,III,Male,Third Party,Others,"When moving a roll of electro-welded mesh of 95 kg of weight to place on the hopper of the truck, two operators pull the roll of mesh to bring it to the hopper of the truck at which time the imprisonment of the left hand of one of the operators between the mesh and the body of the hopper generating the described injury. At the time of the accident, both operators were wearing PVC-type safety gloves.",,
108,4/21/2016 0:00,Country_02,Local_02,Mining,I,V,Male,Employee,Others,"When performing cleaning with LHD in block F 9970 at level 420, the operator was surprised by a rock block displacement of the side of the gallery, reaching his right leg causing him superficial injury",,
109,4/22/2016 0:00,Country_01,Local_01,Mining,I,II,Male,Third Party,Others,"the workshop at the end of the welding work in the small bolter equipment, the welder proceeds to clean the inside of a metal stool, impregnated with thinner (flammable liquid) and with the help of a hammer and screwdriver proceeds to remove the oxides, when hitting The screwdriver with the hammer produces a flash in the internal base of the stool, which produces a slight burn in the right hand of the welder. - At the time of the accident, the welder only uses a glove on the left hand ..",,
110,4/23/2016 0:00,Country_01,Local_04,Mining,I,III,Male,Employee,Others,"Being 12:20 pm. Approximately in NV 1680 OB5 CX 018, Mr. Cesar - Operator of mine services, in an instant that he was picking up the cat position one of the truck crane of plate ACL 804, when raising with the right hand the lower part of the cat is indexed the index finger of the left hand, between the body of the cylinder valve of the cat and the valve of the turntable that was in the upper part.",,
111,4/22/2016 0:00,Country_02,Local_05,Metals,II,IV,Male,Third Party,Pressurized Systems / Chemical Substances,The employee reports that he placed the air lance in the tank 1604 and then opened the manual air valve and projection of acid solution heated toward him reaching the front of the left thigh.,,
112,4/26/2016 0:00,Country_02,Local_05,Metals,I,II,Female,Third Party,Cut,The injured woman performed cleaning and when cleaning the sink of the collection room pierced the finger with a fragment of glass.,,
113,4/28/2016 0:00,Country_02,Local_05,Metals,I,III,Male,Third Party (Remote),Chemical substances,"after discharging sodium hydroxide and disconnecting the hose, the employee placed next to the demineralization suction pump, which was turned off, receiving projection from the pump sensor, causing a 1st degree burn.",,
114,4/29/2016 0:00,Country_01,Local_04,Mining,III,IV,Male,Third Party,Others,"Mr. Jesus operator of the concrete throwing team (alpha N ° 18) was shooting shotcrete in the Cx work. 001 Nv. 1710 OB1. applying 0.5 m3, he realizes that the additive did not come out in the mix, directing to lift the cover of the passage valve (54 Cm x 53 Cm of ¼ inch of thickness approximately 15 Kg). verifying that the valve was open, release the lid and it hits to the third finger of the left hand against the base, causing the injury.",,
115,4/30/2016 0:00,Country_02,Local_05,Metals,I,IV,Male,Employee,Pressed,"The employee performed the return of the load at the entrance of the debarking machine, while trying to align a cathode was pressed in his right hand.",,
116,4/30/2016 0:00,Country_01,Local_01,Mining,I,II,Male,Employee,Others,"The injured worker begins the work of presenting the support mesh cloth on the floor, making an initial cut in the mesh of a section of 0.3 m x 2.0 m for the ponchos, originating in the remaining mesh wicks (tips with prongs) protruding. When trying to make a second mesh cut, it is positioned at the edge of the remaining mesh with wicks to prevent them from curling, at which point it tries take your shear and remove the right foot of the mesh causing the mesh to roll up and embed a wick (tip with poles) through the left boot causing the injury. At the time of the accident the worker was wearing safety boots.",,
117,4/30/2016 0:00,Country_01,Local_03,Mining,IV,IV,Male,Third Party,Others,"In the DDH chamber of the company Explomin, located at the level -100 Socorro ramp 334, when the worker - assistant driller-was dismantling the fifth drill rod (NQ - 3 meters of steel with a weight of 24 kg) , using a stilson key (No. 18), at that moment the operator operates the rotation unit, the drill rod rotates by pressing the left hand of the worker against the base of the rod holder, causing an injury to the left hand. At the time of the accident, the drilling assistant used rubber gloves",,
118,5/1/2016 0:00,Country_01,Local_04,Mining,I,IV,Male,Third Party,Others,"When carrying out the maneuver to increase the HQ pipe line, the driller Wilder indicates the assistant Gilton introduce the inner pipe to the drill, the assistant introduces the inner pipe and places his hand in the box of the pipe, while the driller Without noticing, he moves the pipe over the assistant's hand and opens the chuck of the rotation unit, dropping the pipe, imprisoning the injured person's right hand causing the injury.",,
119,5/2/2016 0:00,Country_02,Local_05,Metals,I,IV,Female,Third Party (Remote),Chemical substances,The employee reports that climbing the access ladder to the operating room of the Ustulation was surprised by the projection of sulfuric acid.,,
120,5/4/2016 0:00,Country_03,Local_10,Others,I,I,Male,Third Party,Manual Tools,"When performing geological mapping activity, it was necessary to hammer a rock for analysis, at the moment when the clerk held it, a pointed fragment slipped on the third quirodactyl of the right hand causing a superficial cut.",,
121,5/3/2016 0:00,Country_01,Local_04,Mining,II,IV,Male,Third Party,Others,"Being 04:20 p.m. approximately, in the Nv. 1880, CX-781. Mr. Kevin helper of Jumbo 55, removed the drill rod that was in the drilling hole, instants that breaks the chain of subjection of the table of the drilling machine, sliding down achieving rubbing the index finger of the left hand, causing the injury.",,
122,5/4/2016 0:00,Country_01,Local_04,Mining,I,III,Male,Employee,Others,"Being 11:30 am. approximately, in the Nv. 1940, CX-791. Mr. Francisco - Operator of the Scoop 18, observes a polyethylene pipe thrown on the road, proceeding to lower his equipment and when was found by lifting the pipe to the hook of the right gable, a piece of rock that was suspended in the lectro-welded mesh, impacting on the operator's right eyebrow, causing the injury.",,
123,5/4/2016 0:00,Country_02,Local_05,Metals,I,III,Female,Third Party (Remote),Chemical substances,"When conducting inspection to evaluate activity to be carried out in the pump house of the Ustulation steam station, it was hit by sulfuric acid spills from a line located above the pump house of the thermal recovery boiler.",,
124,5/4/2016 0:00,Country_02,Local_05,Metals,I,III,Male,Third Party (Remote),Chemical substances,"When conducting inspection to evaluate activity to be carried out in the pump house of the Ustulation steam station, it was struck by sulfuric acid spills from a line located above the house of thermal recovery boiler pumps.",,
125,5/5/2016 0:00,Country_02,Local_05,Metals,I,III,Male,Third Party,Manual Tools,"The employee was sanding a piece in the Electrolysis at the end of the operation, when the protective cap of the disk spun to the back of the left hand.",,
126,5/5/2016 0:00,Country_02,Local_08,Metals,I,II,Male,Third Party (Remote),Manual Tools,"During the die cutting of the feeder (PEAD geomembrane blanket weld seam) to store the extruder, the stylet blade came in the direction of its left forearm, resulting in blunt short injury.",,
127,5/11/2016 0:00,Country_01,Local_03,Mining,I,III,Male,Third Party,Others,"In the welding workshop of level 3620 (Ex -450 tunnel quinoa), in moments that the assistant raised a wooden strut - 3m long x 4 ""diameter - 20 Kg of weight, to place it on the work table at 1.30 m of height, treads another wooden strut placed on the floor losing the balance falling at the same level lying laterally on a concrete wall causing a bruise on the left shoulder.",,
128,5/12/2016 0:00,Country_01,Local_06,Metals,I,II,Male,Third Party (Remote),Chemical substances,"On Sunday, 15, the collaborator goes to the medical center saying that he had an accident 3 days ago when he performed internal maintenance work on the heat exchangers, defined as a confined space and at risk of burning with acid. When leaving the confined space, the employee removes the protective gloves without having passed through the emergency shower; At that moment, skin contact occurs with sulfates, generating the lesion.",,
129,5/11/2016 0:00,Country_01,Local_01,Mining,I,IV,Male,Third Party,Others,"In moments that the truck of transport of personnel of the company MCEISA plate AJG-751, moved from the Nv 3300 to surface, missing 50m to reach the mouth of the Nv 3900, the gearbox does not respond so the driver stops the truck to inspect it along with maintenance personnel who At that time I was traveling in the truck. They raise the cabin to manually put the change in first and continue the trip, culminated this task the driver with the support of the maintenance personnel lower the cabin which due to the weight falls hitting the driver between the cabin and the hopper of the truck. At the time of the accident the employee was wearing his safety helmet and chin strap.",,
130,5/14/2016 0:00,Country_01,Local_01,Mining,I,IV,Male,Third Party,Others,"After completing the welding work on the backhoe bucket made for 4 hours, during which he used glass moon # 10, the welder feels a slight discomfort in the eyes, so he is transferred to the medical service for evaluation . During the accident the welder used facial mask for welding.",,
131,5/17/2016 0:00,Country_01,Local_11,Others,I,II,Male,Employee,Others,"When an employee of MILPO Lima visited the facilities, when he was at level 2900, waiting for the personnel cage to go up to level 4070, drops of water fall from the ceiling from a height of 2.20 meters approximately, product of a slight filtration in the crown (sustained with shotcrete), a drop enters the right eye causing discomfort in the right eye. According to the employee, at the time of the accident the lenses had been removed to clean them, this happened after the visit to the interior of the mine.",,
132,5/19/2016 0:00,Country_01,Local_03,Mining,I,IV,Male,Third Party (Remote),Others,"At the El Porvenir sub-station at level 4240, when assembling a metal structure (approximately 120 kg) with the support of a lifting system, three operators try to accommodate the structure to anchor it on its base, at this moment the Metallic structure slides in the direction of the injured worker's right hand, producing a slight right hand accretion between the head of the bolt and the base of the structure causing the injury. At the time of the accident the operators made use of their safety gloves.",,
133,5/18/2016 0:00,Country_02,Local_05,Metals,I,III,Male,Employee,Others,"The employee was performing carbon steel pipe marking activity when his helmet was struck by a tube, causing a scalp wound due to the impact of the helmet's sheepskin.",,
134,5/22/2016 0:00,Country_02,Local_08,Metals,I,III,Male,Employee,Blocking and isolation of energies,"During the maintenance on the LX-P-205B pump, there was the projection of silicate pulp, reaching the right leg of the employee.",,
135,5/20/2016 0:00,Country_01,Local_06,Metals,I,I,Male,Third Party,Fall prevention (same level),"In circumstances that the collaborator Juveni performed the washing of the tabolas in the pot washing area, she suffers a feeling of dizziness and faintness causing the fall the same level and producing a slight concussion in the head.",,
136,5/22/2016 0:00,Country_01,Local_03,Mining,I,IV,Male,Third Party,Others,"During the transit of the fuel tanker of level 3530 at level 2925 by the north ramp; When passing through level 3140 the operator feels that the right rear tire skids and when the operator performs a defensive maneuver the truck hits the left gable causing the injury described. At the time of the accident, the pilot and co-pilot were wearing a safety belt, their safety glasses and helmet.",,
137,5/24/2016 0:00,Country_03,Local_10,Others,IV,IV,Male,Third Party,Fall,"During field trip, to return to work after lunch, the employee of the Wellfield company slipped on the loose stones that were in the place. At that moment, with the intention of balancing, he tried hold onto a tree, falling under the right arm causing fracture at the distal end of the radius. The activity was paralyzed and the employee was referred to the Hospital in Paracatu where he underwent medical care.",,
138,5/12/2016 0:00,Country_01,Local_04,Mining,I,III,Male,Employee,Others,"Being 10:50 am. Approximately, in the workshop of mechanical maintenance (surface) Mr. Orlando of boltec) and his assistant Mr. Macedonio made the cut of the link to shorten the distance of the chain and hold the injection hose of resin, instant that the saw blade leaves its cutting position, affecting the second finger of the left hand causing the injury.",,
139,5/25/2016 0:00,Country_01,Local_04,Mining,II,III,Male,Employee,Others,"During the tests of the soft starter of the engine of belt 03 the collaborator Igor moves around the site and at approximately 19:45 pm falls into a trench for electric cables, (0.90m deep), the same as was found partially discovered.",,
140,5/27/2016 0:00,Country_02,Local_02,Mining,I,V,Male,Employee,Others,"When checking voltage at the power outlet of the the plug and socket to make sure the connection was correct, when there was a small electrical arc in the power cord, causing a slight burn in the right hand wrist. The protection system acted immediately.",,
141,5/25/2016 0:00,Country_03,Local_10,Others,I,I,Male,Third Party,Bees,"The ground team coordinated by Prospector with his assistants: da Silva and Wila 14:45 p.m., in a prong opening to access and collect soil samples, Auxiliar came across some he tried to divert about 10 meters to the right of the place, but at the moment of the diversion he came across the marimbondo house in front of him, not giving time for any other action since the thugs were already agitated, da Silva 5 times: a sting in the head, another behind the neck and other 3 stings in the face. Since all have allergy tests, it was verified that there was no allergic reaction, washed the affected part and returned to normal activities.",,
142,5/26/2016 0:00,Country_03,Local_10,Others,I,I,Male,Third Party,Bees,"In the geological reconnaissance activity, in the farm of Mr. Lázaro, the team composed by Felipe and Divino de Morais, in normal activity encountered a ciliary forest, as they needed to enter the forest to verify a rock outcrop which was the front, the Divine realized the opening of the access with machete. At that moment, took a bite from his neck. There were no more attacks, no allergic reaction, and continued work normally. With the work completed, leaving the forest for the same access, the Divine assistant was attacked by a snake and suffered a sting in the forehead. At that moment they moved away from the area. It was verified that there was no type of allergic reaction and returned with normal activities.",,
143,5/26/2016 0:00,Country_03,Local_10,Others,I,I,Male,Employee,Others,"In the geological reconnaissance activity, in the farm of Mr. Lázaro, the team composed by Felipe and Divino de Morais, in normal activity encountered a ciliary forest, as they needed to enter the forest to verify a rock outcrop which was the front, the Divine realized the opening of the access with machete. At that moment, took a bite from his neck. There were no more attacks, no allergic reaction, and continued work normally. With the work completed, leaving the forest for the same access, the Divine assistant was attacked by a snake and suffered a sting in the forehead. At that moment they moved away from the area. It was verified that there was no type of allergic reaction and returned with normal activities.",,
144,6/1/2016 0:00,Country_02,Local_05,Metals,I,III,Male,Employee,Cut,The clerk was peeling and pulling a sheet came another one that struck in his 5th chirodactile of the left hand tearing his PVC sleeve caused a cut.,,
145,6/2/2016 0:00,Country_02,Local_05,Metals,I,III,Male,Employee,Cut,"During the process of washing the material (Becker), the tip of the material was broken which caused a cut of the 5th finger of the right hand",,
146,6/3/2016 0:00,Country_01,Local_01,Mining,I,II,Male,Third Party,Others,"In circumstances that the collaborator performed the cleaning of the ditch 3570, 0.50 cm deep, removing the pipe of 2 ""HDPE material with an estimated weight of 30 Kg. Together with two collaborators, when pushing the tube to drain the dune, the collaborator is hit on the lower right side lip producing a slight blow to the lip. At the time of the event, the collaborator had a safety helmet, glasses and gloves.",,
147,6/4/2016 0:00,Country_01,Local_04,Mining,V,V,Male,Third Party,Others,"Being 01:50 p.m. approximately, in the Nv. 1800, in the Tecnomin winery. Mr. Chagua - Bodeguero was alone, cutting wires No. 16 with a grinder, previously he had removed the protection guard from the disk of 4 inches in diameter and adapted a disk of a crosscutter of approximately 8 inches. Originating traumatic amputation of two fingers of the left hand",,
148,6/3/2016 0:00,Country_03,Local_10,Others,II,II,Male,Third Party,Others,"During the field trip, on LT 01 of the Lajes target, Junior da Costa official stepped on a wooden stump that was on the ground, approximately 5 cm, which pierced his boot wounding the sole of the right foot. At the time of the accident, the employee was using all the PPE required for the activity and had his hands free. The employee was taken to the hospital, where he went through medical care, and was released to return to his activities the next day of work.",,
149,6/5/2016 0:00,Country_01,Local_03,Mining,I,III,Male,Employee,Others,"at level 2900, during the ore hauling activity with locomotive from the OP2 to the bines, at times when the convoy was traveling through the hopper of the OP1, the assistant motorist who was riding in the saddle holding the pole is struck weakly by a split set which was suspended in the HDP pipeline in the gable the work at 1.65 meters from the floor. At the time of the accident, the assistant was wearing all his safety equipment and was wearing a seatbelt. At the time of the accident the Split set only accompanied the movement path of the convoy.",,
150,6/5/2016 0:00,Country_01,Local_06,Metals,I,I,Male,Employee,Fall prevention,"The employee who works as an electrician in the management of electrometallurgy, suffers contusion in the right leg when suffering a slip at the height of step 3 of the staircase with code ELE-81-040 (ABB furnace cat ladder), immediately He is referred to a collaborator to the medical service to be treated.",,
151,6/8/2016 0:00,Country_01,Local_04,Mining,I,III,Male,Third Party,Others,"At times that the workers: Technician and Mr. Orlando of Boltec 2 of Cia. wanted to pass the hand stacker by a sardinel, the technician pulled the hydraulic arm, while Mr. was pushing from the nail of the equipment, when reaching the trench the rim is tied and the team turns forward falling on the technician.",,
152,6/7/2016 0:00,Country_01,Local_01,Mining,I,I,Male,Employee,Others,"In circumstances where the employee made the connection of the electric cable of the No. 08 jumbo, the operator feels discomfort in the face cleaning with the hand while using the rubber glove, generating a superficial laceration (small wound) on the left cheekbone.",,
153,6/7/2016 0:00,Country_01,Local_03,Mining,I,III,Male,Third Party,Others,"In phase III of the concentrator plant, the maintenance personnel carried out the removal of transmission belt from the flotation cell of Pb cleaning; at the moment the mechanic removed the belt he leans on his left leg which slides towards the grating floor, leaving his foot between the two pipes generating the lesion described. The work was carried out at the floor level and at the time of the accident, the staff had put on their safety equipment.",,
154,6/8/2016 0:00,Country_01,Local_06,Metals,IV,IV,Male,Employee,Fall prevention (same level),At approximately 6:20 p.m. on 08/06/16 the operator Eustaquio falls down from the metal platform that gives access to tank D-1021 of the strong acid leaching stage and suffers luxo-fractures in the wrist left when leaning on the floor with his hand. The operator was directed to the first tank of the strong acid leaching stage (Tk D-2040) to verify the entry of spent to the taque.,,
155,6/8/2016 0:00,Country_03,Local_10,Others,I,I,Male,Third Party,Bees,"Project of Vazante that carried out sediment collection of current in the South of Mata target, in the drainage of Serra do Garrote. team that was composed of 04 members of the WCA company, being the S.r.s Leandro, and Jehovânio. they were moving from one collection point to another, inside a shallow drainage, they saw the bee carton, the reaction was to move away from the box as quickly as possible to avoid the stings, they ran about 50 meters, looking for a safe area, to exit the radius of attack of the bees, but the S.S. and Breno), were attacked and consequently they suffered 02 stings, in the belly and Jehovah in the hand, verified that there was no type of allergic reaction, returned with the normal activities.",,
156,6/8/2016 0:00,Country_03,Local_10,Others,I,I,Male,Third Party,Others,"Project of Vazante that carried out sediment collection of current in the South of Mata target, in the drainage of Serra do Garrote. team that was composed of 04 members of the WCA company, being the S.r.s Leandro, and Jehovânio. they were moving from one collection point to another, inside a shallow drainage, they saw the bee carton, the reaction was to move away from the box as quickly as possible to avoid the stings, they ran about 50 meters, looking for a safe area, to exit the radius of attack of the bees, but the S.S. and Breno), were attacked and consequently they suffered 02 stings, in the belly and Jehovah in the hand, verified that there was no type of allergic reaction, returned with the normal activities.",,
157,6/10/2016 0:00,Country_02,Local_05,Metals,I,III,Male,Third Party (Remote),Manual Tools,"The employee reports that he was working with brushcutters near the Stone when the blade of the equipment collided with a piece of metal that was projected toward his leg, causing injury to his left leg.",,
158,6/13/2016 0:00,Country_01,Local_01,Mining,I,IV,Male,Employee,Others,"Once the mooring of the faneles in the detonating cord has been completed, the injured person proceeds to tie the detonating cord in the safety guide (slow wick) at a distance of 2.0 meters from the top of the work. At that moment, to finish mooring, a rock bank (30cm x 50cm x 15cm; 67.5 Kg.) the same front, from a height of 1.60 meters, which falls to the floor very close to the injured, disintegrates in several fragments, one of which (12cmx10cmx3cm, 2.0 Kg.) slides between the fragments of rock and impacts with the left leg of the victim. At the time of the accident the operator used his safety boots and was accompanied by a supervisor.",,
159,6/16/2016 0:00,Country_01,Local_03,Mining,I,IV,Male,Third Party,Others,"During the activity of construction of wall stopper with mortar blocks to improve ventilation in the intermediate zone; in moments that the bricklayer assistant was preparing to complete the construction of the 3.05m high wall, part of the wall - 12 blocks; 1.5 Kg per block - fall towards the scaffold, so the mason assistant jumps towards an accumulation of sand located on one side to avoid being hit by the blocks, during the fall the injury described occurs. At the time of the accident the mason assistant jumps from a height of 1.40 m from the floor of the work and used his personal safety equipment which reduced the impact of the fall.",,
160,6/16/2016 0:00,Country_03,Local_10,Others,I,I,Male,Third Party,Bees,"The Geologo and the auxiliary Elismar traveled to evaluate geological points following the GPS near some drainage. Following the state highway that gives access to the Aripuanã area, they stopped and got out of the vehicle to see the point identified in the GPS, Renato, when distancing himself about seven meters from the vehicle following the road, was surprised by four bites of thorns on his face and neck. Quickly he hurried back to the vehicle, moving away from the place. The clerk was wearing a girdle and goggles, he still was not wearing gloves, as he would not enter the forest area. There was no allergic reaction.",,
161,6/16/2016 0:00,Country_03,Local_10,Others,I,I,Male,Third Party,Bees,"Geologist and auxiliary Ademir traveled to the field to evaluate geological points following the GPS near some drainage. Following the state highway that gives access to Aripuanã area, stopped and got out of the vehicle to see the point identified in the GPS, Mário, when distancing himself about five meters from the vehicle following the road, was surprised by two bites of thorns on his face. Quickly he hurried back to the vehicle, moving away from the place. The clerk was wearing a girdle and goggles, he still was not wearing gloves, as he would not enter the forest area. There was no allergic reaction.",,
162,6/16/2016 0:00,Country_03,Local_10,Others,I,I,Male,Third Party,Bees,"The Safety and Technical moved to the field for inspection activity, on the way to the field, paused together with the other two teams in order to know the drainage points to be checked, the Safety at getting out of the vehicle, was struck by a sting of a weed in his neck, quickly returned to the vehicle and made radio communication with the other two teams which distanced themselves from the place. The clerk was wearing leggings and glasses. There was no allergic reaction.",,
163,6/16/2016 0:00,Country_03,Local_10,Others,I,I,Male,Third Party,Bees,"Auxiliary and Geologist traveled to the field to evaluate geological points following the GPS near some drainage. Following the state highway that gives access to Aripuanã area, stopped and got out of the vehicle to see the point identified in the GPS, Ademir, distancing himself about five meters from the vehicle, accompanied by the geologist Mario, was surprised by two bites of blows on his neck. Quickly he hurried back to the vehicle, moving away from the place. The clerk was wearing a girdle and goggles, he still was not wearing gloves, as he would not enter the forest area. There was no allergic reaction.",,
164,6/18/2016 0:00,Country_03,Local_10,Others,I,I,Male,Employee,Bees,"While traveling in the field in order to make geological mapping, the geologist Manoel who was accompanied by the prospector Marcos stooped to deviate from the vegetation, at that time, received three whistling stings being them, two on the face and one on the neck. There was no allergic reaction and activities followed normally after the event.",,
165,6/18/2016 0:00,Country_03,Local_10,Others,I,I,Male,Third Party,Bees,"When moving in the field to make geological mapping, the prospector Marcos who was accompanied by the geologist Manoel stooped to deviate from the vegetation, at that moment, received a whistling sting in the ring finger of his right hand. There was no allergic reaction and activities followed normally after the event.",,
166,6/17/2016 0:00,Country_02,Local_08,Metals,IV,V,Male,Employee,"
Not applicable","At approximately 5:45 pm, the operator Paulo (operator of the filters) informed the autoclave operator via radio of a leak on the side of the scruber. The autoclave III feed was stopped by the control and officials Georli and Renato initiated the procedures for closing the autoclave transfer valve for flash TQs. Soon after, there was a break in the chicken, projecting pulp hot and reaching three employees who were inside the room near the equipment.",,
169,6/19/2016 0:00,Country_01,Local_03,Mining,IV,IV,Male,Third Party,Others,"The operator of the Scissor 187 leaves his equipment parked at level -2995 Acc 7 due to electrical problems, when the maintenance personnel arrives, the electrician climbs on the control platform of the equipment and performs the verification of the hydraulic system confirming the problem; then in coordination with the mechanic decide to perform the test with the diesel system, moments in which accidentally activates with the body the arm movement lever causing the drill arm to move downwards generating the left hand's atricion against the support of the pivot tube generating the lesion described. At the time of the accident the electrician was alone on the control platform, while the mechanic was at ground level observing the pressure on the diesel system pressure gauge.",,
170,6/21/2016 0:00,Country_01,Local_01,Mining,I,III,Male,Third Party,Others,"When the mechanical technician proceeded to perform the maintenance of motor supports of a tipper, he decided to bring a wooden block, for which he moved to the temporary storage of materials - located at 10 m. of the tipper - in circumstances in which he sought the cue; the camera of a tire burst suddenly (it was on the right and 2 m. of the involved); the thunderous sound affected the right ear of the worker. The tire that exploded has 110 psi of pressure approximately, at the time of the event they were stacked 3 pneumatic, the second was the one that exploded (presented cut - place where the energy was released). The tire that was in the upper part was not projected. The tires were left by the previous guard (night shift), the storage area does not have a roof. In the place of the event only the affected mechanic was located (at 2m.) And at a distance of 70m. there were other workers. In the area 5 trucks were parked, none of them suffered damage to the glass.",,
171,6/22/2016 0:00,Country_01,Local_03,Mining,I,III,Male,Third Party (Remote),Others,"In level 2930 access Siemag camera roof, at times when the piquero civil operator looked for a stilson key of 12 ""inside its metal tool box, open the metal lid (1m x 0.6m x 0.7m; 5 Kg of weight) with both hands, then push the lid backwards positioning your right hand near the base of the lid causing an incentration of your fifth finger between the lid and the structure of the box at the height of the hinge. At the time of the accident, the employee wore pad gloves, which reduced the consequence of the injury.",,
172,6/23/2016 0:00,Country_02,Local_08,Metals,I,II,Male,Employee,Manual Tools,"When handling a lever to move the sludge, the employee moved it by making a pendulum movement and striking his chin.",,
173,6/24/2016 0:00,Country_01,Local_01,Mining,I,III,Male,Third Party,Others,"During the change of rim position 1 of the Jumbo ° 15, at moments that the mechanical technician with the support of the electrician disengaged the bolts, when loosening the fourth nut with the help of a lever (metal tube 1 ""diameter, 1.8m of length and a weight of 5.5 Kg), this bouncing effect returning to the initial position hitting in the palm of the left hand the electrician technician causing the injury. The employees at the time of the accident used their PPE's including leather gloves.",,
174,6/24/2016 0:00,Country_01,Local_01,Mining,I,IV,Male,Third Party,Others,"In circumstances in which the operator of the scooptram proceeded to sit on his equipment, when closing the door he takes his right hand off the handrail and places it close to the door hinge, which when closing traps part of the worker's middle finger . The worker at the time of the accident made use of leather safety gloves.",,
175,6/29/2016 0:00,Country_01,Local_01,Mining,I,IV,Male,Employee,Others,"In plant while doing work on GEHO pump reducer N ° 1, when accompanying the rotation of the shaft of the reducer with a mixed key of 7/16 "", the wrench crown hits against the housing of the GEHO pump attributing the Union area of ​​the fifth and fourth fingers of the welder's right hand causing the injury. At the time of the accident the equipment was blocked and the employee used his leather gloves.",,
176,7/2/2016 0:00,Country_01,Local_03,Mining,V,V,Male,Third Party,Others,"In access 2 of level 3910, during the installation activity of hydraulic filling pipes of 4 ""diameter, when installing a section 80 m to a height of 5.6 m with reference to the floor, the master of hydraulic filling - accident - and his partner suffers an attrition of the right hand between the upper edge of the scoop lamp and the roof of the work generating the injury. At the time of the accident the employee used his rubber gloves.",,
177,7/4/2016 0:00,Country_01,Local_06,Metals,III,IV,Male,Third Party,Pressed,"At 11:00 a.m., Mr. Frank with the support of another mechanic, was preparing to place on the floor a metal part called the rear bridge of the forklift. At that moment the part moving part moves generating a blow to the middle finger of the left hand",,
178,6/24/2016 0:00,Country_01,Local_03,Mining,I,II,Male,Third Party,Others,"At level 3490 gallery 447, after performing the manual unlocking on load, the worker prepares to cut the sacrificial mesh that was exposed after the previous turn shot, placing himself under it with a 12-inch shear, when cutting the fifth suddenly strained wire of the mesh returns to his face casionándole the injury described. During the activity the worker used his safety glasses.",,
179,7/8/2016 0:00,Country_01,Local_01,Mining,I,II,Male,Employee,Others,"In circumstances in which the adjutant of the scissor bolter came down by the team's ladder - last step - it slides from an approximate height of 0.9 m. and falls sitting on the floor. At the time of the accident, the person involved in the use of the helmet; there were no rocks or materials in the crash site.",,
180,7/7/2016 0:00,Country_01,Local_03,Mining,IV,V,Male,Third Party,Others,"At moments when the MAPERU truck of plate F1T 878, returned from the city of Pasco to the Unit transporting a consultant, being 350 meters from the main gate his lane is invaded by a civilian vehicle, making the driver turn sharply to the side right where was staff of the company IMPROMEC doing hot melt work in an 8 ""pipe impacting two collaborators causing the injuries described At the time of the accident the truck was traveling at 37km / h - according to INTHINC -, the width of the road is of 6 meters, the activity had safety cones as a warning on both sides of the road and employees used their respective EPP'S.",,
181,7/7/2016 0:00,Country_01,Local_03,Mining,I,IV,Male,Third Party,Others,"At moments when the MAPERU truck of plate F1T 878, returned from the city of Pasco to the Unit transporting a consultant, being 350 meters from the main gate his lane is invaded by a civilian vehicle, making the driver turn sharply to the side right where was staff of the company IMPROMEC doing hot melt work in an 8 ""pipe impacting two collaborators causing the injuries described At the time of the accident the truck was traveling at 37km / h - according to INTHINC -, the width of the road is of 6 meters, the activity had safety cones as a warning on both sides of the road and employees used their respective EPP'S.",,
182,7/8/2016 0:00,Country_01,Local_06,Metals,III,IV,Male,Third Party,Manual Tools,"Being 10:25 h approx. hours the operator Fernando during the opening of wagons, finds a hardened stake and uses a bar of approx. 1.5m to remove it. At that moment he presses the bar and hits his hand.",,
183,7/9/2016 0:00,Country_03,Local_10,Others,III,IV,Male,Third Party,Others,"During execution of drilling on the target - Bolt BRJCLDD0006, made by the company SERVITECFORACO - probe 25, at 09:45 on July 9, 2016, the official Josimar da Silva, in the moment of the maneuver to fish material, when removing the feeder of water, during movement of the winch realized that the safety chain was loose and could curl in the rod. In performing the chain removal movement, he placed his left hand between the hose and the cap of the hydraulic plate. With the unlocking of the inner tube there was an abrupt movement of the chain, pushing his hand towards the hydraulic plate, causing an injury to the ring finger of this hand. The lesion caused a cut in the 4th Quirodactyl, with a need for suture of 3 points to close the cut.",,
184,7/10/2016 0:00,Country_01,Local_04,Mining,IV,IV,Male,Third Party,Others,"The operator of the paste filling plant 01 removes a floor grating (60 x 90 cm), to clean the lower floor. It is removed to close the water valve and does not block the vacuum, the two technicians who were entering the filter belt notice an overflow and ask the operator to reduce the load. The mechanics kept walking without noticing the floor and one of them falls into the void impacting his foot left at an angle that was about 25 cm below the floor grating, producing the injury.",,
185,7/11/2016 0:00,Country_02,Local_05,Metals,III,IV,Male,Third Party (Remote),Suspended Loads,"The accident occurred at the time an employee of the partner company SF carried out unloading operation of bladder bags. By cutting the bag for charging of the boom into the silo truck's delivery mouth, the inner plastic bag surrounding the contents abruptly dropped and a large amount of material fell onto the cone (funnel). The cone fell over and the injured man stood with his leg pressed between him and the body guard of the scaffold. There was external medical attention and it was verified that there was no fracture",,
186,7/14/2016 0:00,Country_01,Local_03,Mining,I,II,Male,Employee,Others,"At level 2900 at the entrance of the locomotive workshop, the welder proceeds to inspect the mining cars and identifies that the No. 24 car has bearing problems, informs his partner about this finding and decides to enter the car to the workshop, so it operates the swing arm type mona of 15 KG. of weight to move the direction of the railway towards the central OP, is at this moment that pushes the rocker with the weight of his body until his right hand comes in contact with the rock producing the injury described. At the time of the accident the worker was wearing the safety gloves of pad.",,
187,7/15/2016 0:00,Country_02,Local_05,Metals,I,II,Female,Employee,Chemical substances,"when handling a sample in the laboratory, the sleeve of the employee's coat had contact with nitric acid, absorbing a small amount that came to reach the left forearm, causing a 1st degree burn.",,
188,7/16/2016 0:00,Country_01,Local_03,Mining,I,IV,Male,Third Party,Others,"At level 3490 gallery 239, during the holding activity with the Bolter equipment No. 24, the operator performs the drilling of the first hole to support the right gable; When the 7-foot-deep drill was about to end, the drill rod breaks, leaving the threads inside the drilling machine's shank; the operator and his assistant decide to make two empty percussion attempts to free the threads of the shank without success; in the third attempt the assistant enters a 3/8 ""corrugated iron to the central hole of the rest of the bar embedded in the shank to generate pressure, it is at this moment the operator activates the percussion and generates a movement of the shank which hits the palm of the victim's left hand generating a described injury. The worker was wearing safety gloves at the time of the accident. The end of the corrugated iron in contact with the left hand is shaped like a cane. The worker at the time of the accident was positioned under a roof supported with mesh and split set.",,
189,7/18/2016 0:00,Country_01,Local_06,Metals,I,III,Male,Third Party,Fall prevention (same level),"At 21:15 hours on 07/18/2016, the collaborator Warrin (welder), when trying to inspect a cracking point in the INLET of the G2143 laminator, slips and falls to the same level hitting his face and hand , he was immediately transferred to the medical service for evaluation.",,
190,7/20/2016 0:00,Country_02,Local_05,Metals,I,III,Male,Employee,Chemical substances,"The employee reports that he was draining ammonia, used as a refrigerant, into a container of water when splashes of the solution drained onto his face.",,
191,7/21/2016 0:00,Country_02,Local_12,Others,I,II,Female,Employee,Traffic,"At the Eusébio bridge, there was a sudden braking in which several cars had to brake quickly. The collaborator's car failed to stop in time and collided with the rear of the car ahead. They were about 40km / hour.",,
192,7/23/2016 0:00,Country_02,Local_08,Metals,I,II,Male,Third Party (Remote),Pressurized Systems,"During torch cutting activity of the new evaporator treatment fixings, there was a rupture of the hose near the torch pen, causing the injury.",,
193,7/27/2016 0:00,Country_01,Local_03,Mining,II,IV,Male,Employee,Others,"At times when the mill operator proceeded to remove the vitaulic flange connecting the suction pipe to the pump housing 8B; with the intention of de-sanding the system, when removing the flange, the mineral pulp comes out under pressure and impacts on the face and wrist of his left hand generating the lesion described. At the time of the accident, both the secondary mill No. 4 and the pumps 8A and 8B were blocked for maintenance work and the mill operator used his safety glasses.",,
194,7/29/2016 0:00,Country_01,Local_03,Mining,I,IV,Male,Employee,Others,"At level 3390 access 2 area 2; the operator of the Scissor team No. 200 was preparing to present the second mesh to continue with the support of the work; When the operator pulls the support mesh to share its length equally on both sides of the equipment, it is at this moment that from the roof of the work a rock weighs approximately 400 Kg, which falls on the support mesh and slides towards the right side spoiler, as a result of this the mesh pushes the operator who is kneeling on the floor of the platform, which generates the lesion described. The rock falling does not directly impact the operator who was in a squatting position. The operator moves away from the area walking by his own means and is supported by the assistant.",,
195,7/30/2016 0:00,Country_02,Local_07,Mining,I,II,Male,Employee,Others,"employee reports that upon initiating 615RLC front loading activity, during the elevation of the aerial work platform, a rock fragment from the roof of the gallery was dropped, reaching its face, causing the lesion.",,
196,8/2/2016 0:00,Country_02,Local_02,Mining,I,III,Male,Third Party (Remote),Others,"When opened the access ladder of the people carrying Truck the employee had his right hand pressed into the support bracket of the same, suffering a superficial injury.",,
197,8/1/2016 0:00,Country_02,Local_05,Metals,II,III,Female,Third Party,Manual Tools,The employee of partner company GR reports that she was cutting watermelon when she injured her 2nd chirodactilo of the left hand with the knife.,,
198,8/2/2016 0:00,Country_03,Local_10,Others,I,I,Male,Third Party,Bees,"The mincing team was carrying out activities in the city of Juína and was coordinated by mining technician Felipe a time when the mining technician was last in line and more away from the team, was bitten by a blackjack on the left side of his face. There was no allergic manifestation and the team continued the work. In the afternoon, after lunch, the employee sought medical care, was medicated and released to continue activities the next day.",,
199,8/1/2016 0:00,Country_01,Local_04,Mining,II,III,Male,Third Party,Others,"At times when the worker was cleaning the long holes of the production mesh in negative, when removing the polyethylene pipe it suffers a clogging inside the drill, which product of compressed air pressure is released by ejecting detritus and fragments of rock inside the hole impacting the worker's forehead causing a cut.",,
200,8/4/2016 0:00,Country_02,Local_08,Metals,I,II,Male,Employee,Cut,"When removing the cap from the wear plate of the Warman LX-BB-01 pump, the left hand of the employee who was with the glove slipped came to have contact with the cutting part of the board.",,
201,8/11/2016 0:00,Country_02,Local_02,Mining,IV,IV,Male,Third Party (Remote),Others,"During the withdrawal of the fixed jaw wedge from the crusher 41BR01, the hoisting device (hook) was broken causing the steel cable of the overhead crane to strike the left hand of the employee.",,
202,8/11/2016 0:00,Country_02,Local_12,Others,I,IV,Female,Employee,Others,"On leaving the Company the employee stumbled onto the exit ladder of the building and fell 3 steps, causing twisting of the ankle and grating on the cinnamon",,
203,8/12/2016 0:00,Country_01,Local_03,Mining,III,IV,Male,Employee,Others,"During ore transport works from OP2 to bines; after having filled the tenth mining car with ore, the assistant positioned on the platform of the hopper OP2 places a wooden board between the pistons of the chain to avoid the fall of fines into the track, at which time a fragment of rock (10cmx8cm x6 cm; 1.4 Kg) rolls by the load and hits the distal phalanx of the fourth finger of the left hand. The assistant at the time of the accident was wearing safety gloves (pad type). The hopper OP2 at the time of the accident was with zero energy.",,
204,8/14/2016 0:00,Country_01,Local_01,Mining,III,IV,Male,Third Party,Others,"In circumstances, the drilling assistants proceeded to assemble the inner tube to the barel; the injured person retracts the inner tube (head) to throw it manually towards the top of the catheter (inclination - 3 °) to continue with the perforation, in that moment the glove of the left hand is hooked in the speart point pushing his left hand until the edge of the box of the barel, originating the injury. At the time of the accident the injured employee used his rubber gloves and the work area was well lit.",,
205,8/14/2016 0:00,Country_02,Local_08,Metals,I,III,Male,Employee,Projection,"The employee Mr. Nilton made the opening of the visit to unclog, at this moment occurred projection of hot material, occurring the accident.",,
206,8/15/2016 0:00,Country_01,Local_01,Mining,I,IV,Male,Third Party,Others,"While maintaining the ramp 604, when placing the first cloth for the overlap with the previous mesh; the operator will check the work front, then return to the back of the team to coordinate with his assistant, at which time a fragment of rock (Weight: 0.42 kg) of the non-sustained area will be detached, which impacts on the arm of the team and reaching by bounce the collaborator causing the injury. The one involved made use of all their EPPs. At the time of the incident the assistant was in the back of the team preparing the support mesh.",,
207,8/18/2016 0:00,Country_01,Local_03,Mining,I,III,Male,Employee,Others,"At level 3450 access 4 A2, the operator of the Scissor # 200 performed the support of the crown, at which time a piece of rock (13cmx6cmx2cm; 54g) passes between the cocada of the support mesh, from a height of 1.60 meters, towards the platform of the team breaking into particles one of which reaches his right eye causing the injury.",,
208,8/19/2016 0:00,Country_01,Local_03,Mining,I,III,Male,Employee,Others,"At level 2995 access # 6 A1 while the operator of the Scissor # 187 carried out the support of the right gable, from the platform it is arranged to place the Split set in the drill in the squat position to be introduced by the bolt, moment in which the which between the cocada of the support mesh falls from the crown a piece of rock (5cmx4cmx2cm; 112gr) from an approximate height of 2m impacting on the cervical region of the collaborator, causing the lesion described. At the time of the accident the crown was held and the collaborator used his safety glasses and gloves.",,
209,8/22/2016 0:00,Country_02,Local_05,Metals,I,III,Male,Employee,Pressed,"The employee was performing cutting activity on a carbon steel pipe attached to the band saw machine. Due to uneven weight distribution, the tube moved downward and the other end was projected upwards, pressing the thumb.",,
210,8/24/2016 0:00,Country_02,Local_05,Metals,I,II,Male,Employee,Cut,"The servant would remove the dishes from the bowl of the sink and when picking up a set of plates, there was one of them with the broken / broken edge, causing injury to his 3rd chiropactyl from his right hand.",,
211,8/25/2016 0:00,Country_01,Local_03,Mining,I,IV,Male,Employee,Others,"At times when the collaborator was performing the evacuation of inchancables from the mine, present in Strip ° 1, of Phase he notices a piece of support mesh positioned between the frame and the return belt; After several attempts to remove this mesh, with the belt in movement and using a metal rake as support, the mesh yields moving in the direction of rotation of the return belt, hitting the collaborator's hand against the metal structure, causing contusion in the left hand. At the time of the accident the employee used his leather gloves.",,
212,8/24/2016 0:00,Country_01,Local_01,Mining,I,II,Male,Employee,Others,"Once the topographic survey in the Stp. 440 (East zone), the victim and his co-worker, decide to continue with their work in the Stp. 440 (West), for this the injured person walks behind his co-worker (10 to 15 meters), when arriving at the loading zone (intersection Rpa 175 and St 440) the injured person asks the sccop operator to stop to pass, once the equipment is stopped, the victim passes behind his partner stuck to the gable, trying to avoid the accumulation of water, when he takes the third step into the puddle, the injured person steps on the false and falls to the floor, causing the injury .",,
213,8/29/2016 0:00,Country_02,Local_05,Metals,I,II,Male,Employee,Chemical substances,"The employee reports that after carrying out activity in the area of ​​the Expedition was to remove the overalls and had contact with material that contaminated the sleeve, which caused 1st degree burn in the right forearm.",,
214,8/27/2016 0:00,Country_01,Local_06,Metals,I,II,Male,Employee,Pressurized Systems / Chemical Substances,"At 22:50 hours in row 12 when the cell suction partner removes the suction hose, untimely splashes of electrolyte solution in the left eye. Immediately he was referred to the medical service.",,
215,8/30/2016 0:00,Country_02,Local_08,Metals,II,II,Female,Third Party (Remote),Others,"During the execution of the area cleaning activity using a hoe, the employee hit against a fixed metal structure in the area, coming to reach the abdomen on the left.",,
216,8/30/2016 0:00,Country_01,Local_06,Metals,I,II,Male,Third Party,Others,"Collaborator was cleaning the sink of the Copper repulping area, at the moment of filling the truck with the shovel, he projects sludge towards the lenses; soiling them and obstructing vision. The worker indicates that when removing the lenses to clean them, some mud particles enter the left eye causing discomfort. It is referred to the medical center for the corresponding attention.",,
217,9/1/2016 0:00,Country_02,Local_05,Metals,II,IV,Male,Third Party (Remote),Manual Tools,"The clerk was cutting the excess fiberglass in a passing box and had contact with the blade of the marble saw, which cut the glove and caused a wound in his right hand.",,
218,9/2/2016 0:00,Country_01,Local_03,Mining,I,I,Male,Third Party,Others,"At level 4150 (+80) Unicon plant the collaborator was doing shuttering work in the concrete water sedimentation basin, at the moment of nailing a wood as it supplies on another 4 x 4 inch strip, he feels that the metallic hammer loosen the wooden handle and to fix it, he grabs the hammer by the head and hits the handle vertically on a wood, generating the injury. At the time of the accident the employee did not use his safety gloves.",,
219,9/4/2016 0:00,Country_01,Local_03,Mining,I,III,Male,Third Party,Others,"On the surface, in the dining room of employees of the unit, while the collaborator performed the chicken habilitation for lunch using a kitchen knife, it comes into contact with the distal part of the second finger of the left hand causing the injury described . During the accident the employee did not use his specific height gloves for this type of work.",,
220,9/3/2016 0:00,Country_01,Local_04,Mining,III,IV,Male,Employee,Others,"During the maintenance work of the vertical pump (8 "") of zinc concentrate, the three mechanics were performing lifting maneuvers to be able to position the pump to the drawer, instants in which the pump becomes clogged by the reduced space of the work area and in order to release the pump they place a young lady in the lower part, at which time she is released and turns untimely, hitting the middle finger of the injured person's right hand against a 12 ""trellex hose.",,
221,9/4/2016 0:00,Country_01,Local_06,Metals,IV,IV,Male,Employee,Suspended Loads,"In section 75 in row 12 Cell 36, the worker performs anode lifting to correct short circuit, using the auxiliary hoist and nylon sling, at which time the sling is released from the anode and hits the back of the right hand causing it the injury. Worker is seen in the Medical and transferred to a clinic for external evaluation.",,
222,9/6/2016 0:00,Country_02,Local_02,Mining,I,II,Male,Employee,Others,the check list of the area of ​​the survey the operator slipped in the foliage of the leucenas and fell.,,
223,9/5/2016 0:00,Country_02,Local_05,Metals,I,II,Female,Employee,Venomous Animals,By participating in the general DDS held in the outside area of ​​the central locker room the employee was bitten by a bee.,,
224,9/6/2016 0:00,Country_02,Local_07,Mining,I,II,Male,Employee,Others,"The employee reports that when performing the maintenance activity of pump on the tunnel of the TC-020, as he was pulling out the rotor, struck the piece with the mallet that slipped from his hand. Reaching the lower part of your left leg, causing the injury.",,
225,9/13/2016 0:00,Country_01,Local_03,Mining,I,IV,Male,Third Party,Others,"When trying to release the pipe (HDP pipe, 50m long and 2 ""diameter) stuck in the support mesh, the master loader and his assistant pull the pipe to release it, when the pipe is released hits the lateral part of the cheekbone and the eyelid worker's right generating the described injury.",,
226,9/12/2016 0:00,Country_01,Local_11,Others,III,IV,Female,Employee,Others,"In the city of Conchucos, of Ancash, participating in a patronal feast, representing the company, was mounted on a horse as part of the ceremony throwing fruits and toys to the people attending this public event, the noise of the materials pyrotechnics and people trying to collect the gifts caused the horse in front and very close to her horse to be frightened and kicked back hitting the lower limbs.",,
227,9/13/2016 0:00,Country_02,Local_05,Metals,I,II,Male,Employee,Suspended Loads,"employee was removing the strap from a chemical container as it projected toward him reaching his lower lip and anterior chest, the strap was contaminated with caustic soda and caused a 1st degree burn.",,
228,9/15/2016 0:00,Country_03,Local_10,Others,I,I,Male,Third Party,Others,"When cutting the vegetation to open the bite, using a sickle, the assistant struck the vine twice. When the liana ruptured, the top of the branch projected against the face of the auxiliary causing the cut in the upper lip.",,
229,9/17/2016 0:00,Country_01,Local_06,Metals,I,II,Male,Third Party,Pressed,"On September 17, 2016 at approximately 8:35 pm, during the preventive maintenance of the G2142 debarking machine, the bearing assembly is made on the anode cleaning roller; When fitting the bearing in its final position, the staff used a chisel and a 4-pound rope to position the bearing. The worker places his left hand near the head of the chisel and warps, in these circumstances a splinter is embedded in the proximal part of the thumb of the left hand, immediately the collaborator communicates to the supervisor and is evacuated to the Medical for review.",,
230,9/16/2016 0:00,Country_02,Local_05,Metals,II,IV,Male,Employee,Pressurized Systems,"Employee reports that he was monitoring the existence of a borehole of a tubing in the thermal recovery boiler of the Ustulation area, through the side window, when he was struck by projection of heated air that reached his face and right forearm.",,
231,9/20/2016 0:00,Country_03,Local_10,Others,I,I,Male,Third Party,Fall,"Collaborator around 9:00 AM, cleaning the leaves of the return well of the 5021 borehole BRAPDD 0183 slipped on the canvas that was on the edge of the well, hitting the right side of the back against the metal structure of the mud-swathed box causing a slight excoriation. The employee was referred to the local hospital, medicated and released for the activities.",,
232,9/20/2016 0:00,Country_02,Local_05,Metals,I,II,Male,Third Party (Remote),Blocking and isolation of energies,"The employee was performing maintenance of the blower, when the residual water projection occurred on his face. In an attempt to remove PPE, the injured person has had contact with contaminated gloves with the right eye causing irritation.",,
233,9/20/2016 0:00,Country_01,Local_06,Metals,I,II,Male,Third Party,Others,"The lubricating technician Alfredo made the oil filling to the reducer D-100, in which, he notices an oil leak (tearing) between the connection of the hose and the reducer, correcting the leak. Once the work is finished, he goes to the lubricants workshop where he removes the gloves and observes that both hands are affected by contact with the hot surface and goes to the medical center where he was treated.",,
234,9/21/2016 0:00,Country_01,Local_03,Mining,I,III,Male,Third Party,Others,"During the maintenance of the access, at the moment the assistant places the mini split set in the adapter, the clamp - which was locked - returns to its initial position hitting the collaborator's hand causing the described injury. At the time of the accident the team was in a sustained area, the arm of the jumbo was at a height of 0.80m from the floor and the employee was wearing rubber gloves.",,
235,9/21/2016 0:00,Country_02,Local_05,Metals,II,III,Male,Third Party,Manual Tools,"Employee was preparing rice using a utensil type skimmer to stir inside the pressure cooker when part of the cable broke, reaching its hand causing a blunt cut.",,
236,9/22/2016 0:00,Country_01,Local_01,Mining,I,IV,Male,Employee,Others,In circumstances in which the operator of bolter N ° 8 went down the ladder to the height of the resting platform - at 0.80 m. floor level - slips off balance by hitting your back against the handrail of the operator's door. At the time of the event the injured person used all his EPP's.,,
237,9/22/2016 0:00,Country_01,Local_06,Metals,I,III,Male,Employee,Others,"The technician Operator when heading towards the zone of lifting containers of dust of zinc in the Section 50, uses a space between base of tranquera and sardinel, slipping in the edge and raspándose left side of thorax. He was treated at the medical center with local treatment, returning to his work area.",,
238,9/27/2016 0:00,Country_01,Local_06,Metals,I,II,Female,Third Party,Pressurized Systems,"At 14: 55h on 27 September, a worker from Confipetrol carried out industrial cleaning of the outside of the acid reduction tank D2055, to check the progress of the helmet mask; moment that hose pipe was released that was secured with pressure clamp (for water and air), impacting lips",,
239,9/29/2016 0:00,Country_01,Local_04,Mining,I,II,Male,Third Party,Others,"Being 05:30 am. Approximately Marco and Isidro TORRES they were performing the pipe standardization of the CX 771 / CX-983 Nv. 1940; in moments that Marco lifts the air pipe over the spike, this seat and the pipe impacts on the worker's safety guard.",,
240,9/30/2016 0:00,Country_01,Local_04,Mining,I,I,Male,Employee,Others,"Being at 11:00 a.m. approximately the mechanic was removing the last bolt of the 6 ""nipple in the pump 4115 (lime feeder), reactive area, the mechanic is positioned slightly flexing the legs and performs upward force with both hands, in that moment feels a pain and a spume in the right thigh. The mechanic is evacuated with the help of his colleagues to the medical post.",,
241,10/1/2016 0:00,Country_01,Local_04,Mining,II,III,Male,Third Party,Others,"Being 10:50 a.m. approximately, in the maintenance workshop of the E.E Unicon, in circumstances that two mechanical technicians placed the protective plate (30 kg.) of the Mixkret 111 fuel tank, At the moment of attempting to bolt this protective plate it slips from the hands of one of them falling directly on the instep of the left foot, causing the injury described.",,
242,10/3/2016 0:00,Country_01,Local_04,Mining,I,II,Male,Third Party,Others,"Being 5:15 a.m. in the N. in the NV 1710 CX 018, the mixkret operator was washing the mixkret 116 with a hose with water under pressure, it is necessary to change the location; from the right side to the left and He proceeds to pull the hose then slips and feels that the left foot bends.",,
243,10/3/2016 0:00,Country_02,Local_05,Metals,I,III,Male,Employee,Pressed,"After carrying out the supply operation of the zinc powder container using the crane to move it, the employee closed the lower lock of this same container and when making the movement to push the lock made an excessive effort with the thumb of the right hand, causing sprain.",,
244,10/3/2016 0:00,Country_02,Local_08,Metals,I,II,Male,Employee,Pressed,During the withdrawal of cathode sample the employee came to press the finger with the tool that cuts the sample.,,
245,10/3/2016 0:00,Country_01,Local_03,Mining,I,IV,Male,Third Party,Others,"At the intersection of level 3970 - main road and access to the south ramp, the collaborator, after having freed the tube 2 inches in diameter from the gable, descended holding the pipe on the fourth step of a telescopic aluminum ladder (approximately at 1.20 meters from the floor) at which point another clamping point in the gable is lifted by lifting the tube which pulls the worker causing him to lose balance and fall from a height of 1.20 meters. The described injury occurring.",,
246,10/4/2016 0:00,Country_03,Local_10,Others,III,III,Male,Employee,Others,"In the probe 5068 bore BAPDD00146, around 15:00 hours, the polling assistant Luciano da Silva performing the maneuver of descending rods, led the rod to the gutter, but this when not leaning suitably came to escape the gutter returning toward the easel. His hand had slipped and his little finger was between the rod and the easel. Realizing that the shaft had returned, he released it. immediately, but his little finger was partially hit by the rim of the rod against the easel resulting in a cut. The auxiliary was taken to hospital and attended to, the wound resulted in 5 points and the was released for administrative activities.",,
247,10/8/2016 0:00,Country_01,Local_04,Mining,II,II,Male,Third Party,Others,"At the offices of Incimmet, in circumstances that an environment was being set up to place cleaning materials, a wooden strip was placed between the staircase structure and the container, this strip was not cut to size, so the accident victim He coordinated with his partner to put it under pressure using a hammer while holding with his right hand the frame, this pressure placed strip pushed to that side of the container creating an opening between the corrugated iron and the wall, at that time, continuing to hit the ribbon, This falls causing the wall of the container to return to its initial position, pressing the tip of the little finger of the right hand against the corrugated iron causing the accident.",,
248,10/10/2016 0:00,Country_01,Local_03,Mining,I,IV,Male,Third Party (Remote),Others,"In the area of ​​equipment inspection, while the staff of the Atenuz EE, trying to remove the hydraulic hammer safety locks of the excavator, the mechanical lubricator holds with his right hand a hat-type chisel while the equipment mechanic hit the chisel with a 2-pound rubber bump to remove the safety, at which point one of the blows falls on the edge of the hat-type protector, causing it to slip and strike the fourth finger of the lubricant mechanic's right hand generating the described injury. At the time of the accident, the lubricator mechanic had put on the gloves type pad.",,
249,10/10/2016 0:00,Country_01,Local_04,Mining,III,IV,Male,Employee,Others,"Being approx. 23:45 hrs. Mr. Eliseo secondary crushing operator, when retiring to his snack, finds the gate of the chute of strip 6 open, and when approaching to close the gate, in that At that moment, the operator Mr. Samuel who was on the upper platform, coordinates with the operator of the control room the start of strip 6-1, at that moment the start-up product projects a particle (10x6x5cm) impacting on the flange of the gate and projecting to towards the height of the lenses and respirator of Mr. Eliseo.",,
250,10/11/2016 0:00,Country_02,Local_05,Metals,I,III,Male,Employee,Chemical substances,Employee was doing cleaning near the area of ​​the pneumatic conveyor when he was hit by a drop of sulfuric acid on his upper lip.,,
251,10/13/2016 0:00,Country_02,Local_02,Mining,II,II,Male,Third Party (Remote),Others,"Employee assisted in the support of the gate, while the other the tying of the canvas in the frame, and by pressing the rope so that the canvas stretched, the metal structure moved, coming out of the wooden support, falling and striking against the employee's face, causing a cut in the right superciliary.",,
252,10/13/2016 0:00,Country_01,Local_03,Mining,III,IV,Male,Employee,Others,"In phase I, the operator carried out the removal of inchancanbles of the reciprocating feeder, while removing a split set with the support of a rope, the staff supports the left hand on the structure of the protection against falling, it is at this moment that another split set comes out together with the load and hits on the distal phalanx of the fifth finger of the left hand, generating the described injury.",,
253,10/18/2016 0:00,Country_01,Local_03,Mining,IV,IV,Male,Third Party,Others,"In circumstances that the assistant of mine was arranging to advance the hose of flexible nylon of 1 ""of diameter, to proceed with the watered of shot fired, positioning itself under a zone with the support deteriorated by the last blasting, moment in which it gives off a block of rock (25cmx10cmx5cm; 3.5 Kg) of the roof of the work of a height of 5.2 meters which when falling hits by rebound in the left leg of the collaborator causing the described injury.",,
254,10/18/2016 0:00,Country_01,Local_03,Mining,I,IV,Male,Third Party,Others,"Inside mine during the diamond drilling of a positive 15 ° drill, in moments when the control tube was rescued with the fisherman, the winch cable breaks untimely developing a whiplash effect and impacting on the left hand of the drilling assistant causing the described injury. At the time of the accident the drilling assistant was on the platform at 1.0m from the frame and was using his Hycron-type safety gloves.",,
255,10/20/2016 0:00,Country_02,Local_05,Metals,I,III,Male,Employee,Pressurized Systems,"As the employee cleaned the thermal recovery boiler using an air boom, the hose loosened from the pipe connection, drawing a jet of compressed air toward his right ear, causing impact noise.",,
256,10/23/2016 0:00,Country_02,Local_02,Mining,II,IV,Male,Employee,Others,"In the activity of loading of explosives in front of level 326 GTS, there was a fall of a Rock fragment reaching right arm of the Blaster causing a cut-blunt.",,
257,10/24/2016 0:00,Country_01,Local_01,Mining,I,IV,Male,Third Party,Others,"In circumstances that the mechanical technician and his work colleague arranged to accommodate the spare (Rollover) of the Small 02 on the platform of the cart on the floor, the two squat collaborators decide to push one on each side, at which time one edge of the Rollover imprisons the third finger of left hand against the handle of the cart on the right side, causing the wound on the third finger left hand. At the time of the accident both employees used their respective gloves.",,
258,10/26/2016 0:00,Country_01,Local_01,Mining,III,IV,Male,Employee,Others,"Once the ore loading in the LT-30 locomotive was completed; the penultimate car derails (7th car), by the presence of fragment of rock in the railway line, (weight of the car with mineral 8 tons), and to get it back on track the mining car, the victim makes use of a metal tube (length 1.20 meters and 4 ""diameter) to maneuver and reposition the mining car; at that moment the metallic tube loses stability and imprisons the victim's hand against the strut of the mining car. The collaborator at the time of the event towards the use of his leather gloves.",,
259,10/27/2016 0:00,Country_01,Local_03,Mining,I,IV,Male,Employee,Others,"At a time when the heavy equipment operator got on the equipment to check the right front headlight (defective) of the scooptram # 181, position on the rim position # 2 his left leg which slides, causing the heavy equipment operator to fall from a height of 0.60 cm",,
260,10/29/2016 0:00,Country_01,Local_03,Mining,I,IV,Male,Employee,Others,"In the Alimak chimney of level 2440, the alimakero driller and his assistant are positioned in the main cage with guard heads and proceed to perform the rock untie at the top of the chimney, it is at this time that the teacher perceives a spark of rock in the top and communicates to the assistant so that this prevented, when falling the rock of 1.0x0.80x0.20 m on the guard heads is fragmented and one of the fragments fall on the chain and rebound rubs the operator's right hand generating the described injury.",,
261,10/29/2016 0:00,Country_02,Local_08,Metals,IV,IV,Male,Employee,Pressed,"In the activity of placing boards on racks for the exchange of fabrics of the filters, one of the plates was inclined, trying to put the plate in the correct position, the plate arm pressed the back of the right hand against the structure of the easel",,
262,11/4/2016 0:00,Country_01,Local_03,Mining,IV,V,Male,Employee,Others,"When observing the pulp overflow of the overflow reception drawer of the thickener, the filter operator approaches to verify the operation of the C7-26 pump, making sure that it was stopped. So press the keypad to start the pump and not getting the start, proceeds to remove the guard and manipulates the motor - pump transmission strips, being left hand imprisoned between the pulley of motor and transmission belt",,
263,11/8/2016 0:00,Country_01,Local_04,Mining,I,IV,Male,Employee,Others,"Mr. Eriks after having completed the change of guide pole in the conveyor belt 7-1, the collaborator moved to the other side of the belt to remove the tecl, passes under the stairs without getting to observe that in that moment the collaborator Jhon dropped an inchancable of a weight approx. of 15 kg. From the entrance platform to the chute of discharge, at a height of 1.80 meters, the iron grazed him on the forearm, finally hitting his left foot at the height of the instep.",,
264,11/8/2016 0:00,Country_02,Local_08,Metals,I,II,Male,Employee,Others,"When igniting the furnace 07 of the battery I, there was reflux of hot gas, reaching the face of the employee.",,
265,11/11/2016 0:00,Country_01,Local_06,Metals,IV,IV,Male,Employee,Others,"Approximately at 02:10 a.m. Mr. Wilmer approaches the C150 drying tower for the placement of a blanket, to cover the entrance manhole of the tower; at that moment the manhole cover resting on the railing slides, impacting on his right leg.",,
266,11/13/2016 0:00,Country_01,Local_06,Metals,I,II,Male,Employee,Plates,"Being the 01:30 hrs, After the cathode goes through the pre estriping, the sheets are detached and bend to the cathode of its position, the operator with the assistant lift the cathode by the head to position it in the tranfer at that moment the detached sheet exerts pressure on the cathode hitting the palm of the left hand of the operator with the head and the transfe, activity is paralyzed and the collaborator is referred to the medical post by the head of the guard.",,
267,11/19/2016 0:00,Country_01,Local_04,Mining,III,IV,Male,Third Party,Others,"The workers: César (injured) and Nilton receive the order of their immediate supervisor Román to carry out the assembly activity of a brace (length 4.60 m, approximate weight 50 Kg) of the structure of the Nro belt. 2, said collaborators lift the brace and approach it to the installation point, leaving one end on the ground and the other resting on the corner of the pedestal (approximate height of 40 cm). After carrying out the planning of the work, the injured person lifts the end part that was on the floor to turn and position it for assembly, at that moment the other end falls generating the imprisonment of the fingers of the left hand. Staff is taken to the medical center by the supervisor.",,
268,11/21/2016 0:00,Country_03,Local_10,Others,I,I,Male,Third Party,Others,"In the region of Povoado Vista - Martinópole - CE, the employee Fábio de Vieira performed soil collection activities in the field, together with the auxiliaries Manoel da Silva and Diassis do Nascimento, when around 10:00 am, when crossing a fence his glove was attached to the wire and his body projected forward causing a slight twist of the left wrist. The team traveled to the city of Granja and the employee was referred to the hospital for consultation. The doctor did not diagnose a fracture, prescribing remedy for local pain and ice packs. By medical evaluation the employee can carry out his activities normally.",,
269,11/23/2016 0:00,Country_01,Local_06,Metals,I,IV,Male,Employee,Others,"The operator when descending by ladder of sailor of 6 steps, falls to the floor going down of the 3er. step, falling on his back and hitting his head. The worker used the chin strap with the helmet, a safety element that reduced the injury from the blow. He was treated at the medical center with local treatment, referred to the Clinic for re-evaluation.",,
270,11/23/2016 0:00,Country_01,Local_04,Mining,I,II,Male,Employee,Others,"Being approx. 3:10 a.m. Mr. Denis made the mesh placed in a ventilation plug up a ladder, while trying to do a wire tie, suddenly had an imbalance due to the manipulation of tools falling from the third step, propiciándose a blow in the right knee and a wound of the wrist of the right hand. Later he was evacuated to the post where he received first aid.",,
271,11/25/2016 0:00,Country_02,Local_07,Mining,I,II,Male,Employee,Others,The employee reports that upon initiating 615 RLC front loading activity while performing the emulsion preparation for use there was a displacement of a small rock fragment from the ceiling reaching his left forearm,,
272,11/28/2016 0:00,Country_01,Local_03,Mining,I,I,Male,Third Party,Others,"in Level 2900 dining room, the collaborator finished washing tabolas (food containers) of dimensions 52 cm x 30 cm x 20 cm, proceed to order them by pinking the thumb of the right hand in the corner of the aluminum tabola, generating the lesion. The employee at the time of the accident did not have safety gloves.",,
273,11/29/2016 0:00,Country_02,Local_08,Metals,II,III,Male,Employee,Others,"During the exchange of the shock-bearing housing, the employee used a sledgehammer to hit the pipe. At this stage of the activity the hammer hit the stepladder that was very close, coming to (hand tool) to be projected onto the left hand thumb, which was holding the piece.",,
274,11/30/2016 0:00,Country_01,Local_03,Mining,I,II,Male,Third Party,Others,"After the welder completed the welding work to reinforce the forms in the deepening, he walked towards the distant truck at about 40 mt, at which point the welder stepped on a fragment of rock of 5 cm x 10cm x 5cm approx. which generates that the foot flexes and generates the injury in the worker.",,
275,12/1/2016 0:00,Country_01,Local_03,Mining,I,IV,Male,Employee,Others,"During the activity of chuteo of ore in hopper OP5; the operator of the locomotive parks his equipment under the hopper to fill the first car, it is at this moment that when it was blowing out to release the load, a mud flow suddenly appears with the presence of rock fragments; the personnel that was in the direction of the flow was covered with mud.",,
276,12/1/2016 0:00,Country_01,Local_03,Mining,I,IV,Male,Employee,Others,"During the activity of chuteo of ore in hopper OP5; the operator of the locomotive parks his equipment under the hopper to fill the first car, it is at this moment that when it was blowing out to release the load, a mud flow suddenly appears with the presence of rock fragments; the personnel that was in the direction of the flow was covered with mud.",,
277,12/1/2016 0:00,Country_01,Local_03,Mining,I,IV,Male,Third Party,Others,"During the activity of chuteo of ore in hopper OP5; the operator of the locomotive parks his equipment under the hopper to fill the first car, it is at this moment that when it was blowing out to release the load, a mud flow suddenly appears with the presence of rock fragments; the personnel that was in the direction of the flow was covered with mud.",,
278,12/8/2016 0:00,Country_01,Local_01,Mining,I,IV,Male,Employee,Suspended Loads,"At times when four mechanics performed the removal of a (1TM) engine on a positive slope using a key and a tyrfor, at the time that the 1st welder tightened the key (12 Kg of weight) when pulling the chain the eyebolt that held the Click on the roof of the work is broken transversely causing the fall of the key hitting the helmet of the welder mechanic causing cervical contracture. The tirfor was used during the activity as a second protection to prevent the engine from falling.",,
279,12/8/2016 0:00,Country_01,Local_01,Mining,I,III,Male,Third Party (Remote),Others,"At times when four employees lowered a metal sheet (1.5mx1.8m; m 80Kg) towards the floor from a height of 20 cm., The assembly assistant does not timely remove the hand, trapping his ring finger between the iron and loose earth causing a contusion on his ring finger. The collaborator at the time of the event to use their maneuver gloves.",,
280,12/9/2016 0:00,Country_02,Local_02,Mining,II,III,Male,Third Party (Remote),Others,"During the withdrawal of the metal form support screw in the Inside of well 2, when the bolt of the chain holder was loosened, the employee and a helper exerted force on the combination wrench, when the bolt came to loosen immediately, pressing the ring finger of the employee's right hand against the support.",,
281,12/10/2016 0:00,Country_01,Local_04,Mining,I,II,Male,Third Party,Others,"At 18:40 hours, in moments when Mr. Claudio tipper operator readjusted the nuts of the rear tire on the right side of his vehicle, using a wheel wrench and a tube as an extension to generate greater force of torque; which was Mr. Wilber held him in his back; suffers a contusion in the palm of the right hand as the extension to his partner slips from his hands.",,
282,12/12/2016 0:00,Country_02,Local_08,Metals,I,II,Male,Employee,Others,"When entering the caustic soda containment basin to place the hose to make the suction, at this stage there was steam formation, striking the employee in the right and left calf.",,
283,12/13/2016 0:00,Country_02,Local_02,Mining,I,II,Male,Third Party (Remote),Others,"During the activities of revegetation of the slopes of the pit pit II, the employee hitting the sledgehammer on the rods for installation of the lifeline, it hit his right leg, causing a slight excoriation.",,
284,12/12/2016 0:00,Country_01,Local_04,Mining,III,III,Male,Employee,Others,"When performing the Doosan RB-10 equipment hammer repair, the employee tries to remove the suspenders with the support of a 25-pound rope; At the moment of receiving the blow the brace or bolt causes a splinter to be released, expelling and impacting on the lower left limb causing metal embedding in it. The collaborator did not notice immediately.",,
285,12/12/2016 0:00,Country_02,Local_05,Metals,I,II,Male,Third Party (Remote),Others,"Employee reports that he performed an activity in the area of ​​the Ustulación, under the coordination of Maintenance when he was hit by dust from the ustulado, causing irritation in the eye region.",,
286,12/13/2016 0:00,Country_01,Local_06,Metals,I,II,Male,Third Party,Others,"On December 13, the accessories coupling (gun - hose) of the high pressure pump (BAP) was made to clean the demister of the cooling tower G2172. carrying out the complete coupling, they turn on the BAP to start with the start test, at that moment the hose comes off the gun and hits Mr. Emerson who was holding the gun.",,
287,12/15/2016 0:00,Country_02,Local_05,Metals,I,III,Male,Employee,Others,"Employee reports that when returning the anode to the easel the even bumped into the side of the easel coming to swing and hit his right shoulder, causing bruise.",,
288,12/15/2016 0:00,Country_01,Local_03,Mining,III,IV,Male,Third Party,Others,"happened?): During the maintenance of the Bolter equipment; the collaborator uses a carpenter's hammer to be able to remove a link in the chain of advance the drilling machine, in moments that hits on the side of the chain, the partner hits the structure of the beam diverting the path of the hammer causing it to strike his left hand.",,
289,12/16/2016 0:00,Country_02,Local_08,Metals,I,II,Female,Third Party,Others,"The maid while walking in the electrolysis area, stumbled and fell next to the bathroom in room B.",,
290,12/19/2016 0:00,Country_01,Local_04,Mining,I,III,Male,Employee,Others,"In circumstances that the operator performed the lifting of an 8-inch vitaulic pipe, this is imprisoned in the structure of the railing of the truck, instants that pushes the pipe with the right hand this returns to its initial position hitting the middle finger of the employee causing a bruise",,
291,12/23/2016 0:00,Country_01,Local_04,Mining,II,IV,Male,Third Party,Others,"When performing the movement of the bar to make room and place a calibrator. Mr. Chuquillanqui pushes the bar with both hands turning it, being at that moment imprisoned the middle finger of the left hand against the other bar that was ahead.",,
292,12/22/2016 0:00,Country_02,Local_05,Metals,I,II,Male,Third Party,Others,"Employee reports that he performed soldering activity when he was hit in the eye region by dust that was found in the thermal insulation, causing irritation.",,
293,12/22/2016 0:00,Country_01,Local_01,Mining,I,IV,Male,Third Party,Others,"At the end of the unleashing of saturated material on the talus crest of bank 4318, the rugged taut rope to leave the work area, tension at which moment loose material from the top of the slope crumbles (height of 6m and stool of 3m) projecting a fragment (6cmx2cmx1cm; 26gr) which rubs the right cheek causing the injury. At the time of the event the area was isolated and the collaborator had all the epps corresponding to the activity.",,
294,12/23/2016 0:00,Country_01,Local_03,Mining,I,III,Male,Third Party,Others,"At level 4150 Geology - Surface, master mine to temporarily repair water leakage from a 4-inch diameter metal distributor, makes a cut of a rim chamber strip of 4cm wide x 100cm long making Using a cutter, his partner stretches the camera when cutting with force the edge of the cutter makes contact with the index finger of the left hand causing a superficial cut. At the time of the event the worker was wearing boss gloves.",,
295,12/26/2016 0:00,Country_01,Local_06,Metals,I,II,Male,Employee,Others,"Mr. Marcelo withdrew foam from the ajax oven, using the metal spoon to empty it into the foam waste container. At that moment splash of slag residues, impacting the face and generating a surface burn. The worker was wearing a face mask.",,
296,12/28/2016 0:00,Country_02,Local_05,Metals,I,IV,Male,Employee,Others,"Employee reports that when trying to remove one of the plates from the overflow system of the Ustulador oven, the 5th finger of the right hand was pressed between the tool (wrench with extension) and the overflow flange of the Ustulador oven, located behind the performer.",,
297,12/30/2016 0:00,Country_01,Local_04,Mining,IV,V,Male,Third Party,Others,"At 13:40 hours, Mr. Hidalgo, wanting to climb on the starter board to remove the fans, stands on an unstable reel and, when driving, fell frontally at a height of 2.98m.",,
298,12/31/2016 0:00,Country_01,Local_04,Mining,III,IV,Male,Third Party,Others,"Being approximately 8:10 p.m. Alpha operator Mr. Ronald was heading to mine when he decides to stop the equipment to accommodate the lights (left side), manipulating the support of the lighthouse, catching his fifth finger of the right hand with the protection grid and support.",,
299,1/2/2017 0:00,Country_01,Local_06,Metals,I,II,Male,Third Party (Remote),Pressed,"At 13:40 hours, Mr. Jose performed the erasing of the earthenware of section 30, when turning on the machine of alizado (ironing) of concrete, this tour abruptly imprisoning his left hand between the command of the equipment and the metal structure, causing an atriction in the back of the left hand.",,
300,1/5/2017 0:00,Country_01,Local_01,Mining,I,IV,Male,Third Party,Projection,"In the volvo workshop at the time of cutting steel plate (thickness 1 in), for the installation of the MT-32 scoop lip, with Oxicorte equipment, the injured feels a discomfort in both eyes. At the time of the accident the collaborator made use of his full Epp, but the soldering iron lens did not make full adjustment for the presence of the respirator.",,
301,1/5/2017 0:00,Country_01,Local_03,Mining,I,III,Male,Employee,Others,"During the mechanized support activity in the level 3450 - Tajo when lifting the support mesh on the platform of the Scissor equipment, the employee with a stumble feels a pain in the heel of the left foot.",,
302,1/6/2017 0:00,Country_02,Local_08,Metals,I,I,Male,Employee,Pressed,"During the preparation for the scaffolding activity, the employee was loading the pieces to the designated place where he had his finger pressed between the metal pieces that were being moved.",,
303,1/7/2017 0:00,Country_01,Local_04,Mining,I,IV,Male,Employee,Others,"When making the change of support of the vertical pump of 6 ""(40357 Zinc two mechanics raised a beam in"" H ""(4"" x 2.7 m and 45 kg.) One at each end and being at the height of The injured person's knee slips from his hands causing the injury described.",,
304,1/8/2017 0:00,Country_01,Local_06,Metals,III,III,Male,Employee,Cut,"At 11:25 a.m., the deslaminator stops untimely, then the operator lowers and locks the machine to verify the failure, detecting locking of the sheet between the basket and the manipulator. The operator tries to arrange the sheet manually and when pulling the sheet, this one cuts the palm of the right hand with the edge of the sheet, is referred to the medical center for attention.",,
305,1/8/2017 0:00,Country_02,Local_05,Metals,II,IV,Male,Employee,Projection/Burning,"Employee performed withdrawal of electrical failure in the engine control drawer of the TQ 14 A, after the check and exchange of fuses, it closed the door of the drawer and energized the drawer, at this moment an arc was opened, reaching the face and part of the employee's forearm, causing minor burns.",,
306,1/9/2017 0:00,Country_01,Local_01,Mining,I,III,Male,Third Party,Others,"In circumstances where the worker hit the support of the drill beam advance cylinder to align the base of the beam with the holes of the beam and place the bolt, mechanical hammer slips and by inertia the mechanic's hand hits the edge of the beam causing the injury. At the time of the accident the employee had all the PPE for this activity.",,
307,1/9/2017 0:00,Country_01,Local_03,Mining,I,III,Male,Employee,Others,"At level 2995 access # 7, Scissor # 187 performed the sustaining activity, drilling the drill to install the Split when lifting the electrowelded mesh of 12 square meters (6m x 2m), weight 21 kg. Approximately to the team's platform, the assistant slips and feels a pain in the inner edge of the right knee.",,
308,1/10/2017 0:00,Country_03,Local_10,Others,I,IV,Male,Third Party,Fall prevention,"The auxiliary of general services I, Paulo e Silva, with 5 months and 10 days of work, was performing the activity of soil collection. During the movement of equipment to the next point, holding a lever, it encountered a piece of sloping ground and with interlaced vegetation, which caused the fall of the to the left, the same side where the tool was held. The rapid fall prevented the employee from leaning, causing a shock of the elbow with the ground. The employee continued the activity for another 3 points of sample collection until he felt the arm bothering.",,
309,1/12/2017 0:00,Country_02,Local_08,Metals,I,II,Male,Third Party (Remote),Manual Tools,"During the reduction activity in the tube, the employee attached the tube to the walrus, and when he hit the tube with the hammer, he untied the walrus by reaching his finger.",,
310,1/14/2017 0:00,Country_01,Local_03,Mining,I,IV,Male,Third Party,Projection,"During the activity of settling of concrete blocks for the ventilation plug wall in the CX-943 of level 3590, in circumstances that the worker made the setting of the union between concrete blocks, a polyethylene pipe of 2 ""diameter was picks up the spike and when it hits it hits the top of the worker's protector.",,
311,1/17/2017 0:00,Country_01,Local_03,Mining,I,III,Male,Employee,remains of choco,"At level 3450, Tajo area 2; after completing the drilling of drills for loading; the operator removes the bit from the jumbo arm and walks towards the crew cabin; from the crown of the work a fragment of rock that passes through the cocada of the mesh of 3 ""and impacts on its helmet and rebound hits the right shoulder of the operator, generating the described injury.",,
312,1/17/2017 0:00,Country_02,Local_08,Metals,I,IV,Male,Employee,Liquid Metal,"Upon approaching the furnace that was in the process of melting the Zn ingot, it was struck by liquid metal projection.",,
313,1/17/2017 0:00,Country_02,Local_08,Metals,III,IV,Male,Employee,Others,"During routine slimming activity of the kiln 8 of the battery 1. The employee began to remove the waste inside the crucible with the aid of a skimmer, felt pain in the left shoulder.",,
314,1/20/2017 0:00,Country_01,Local_06,Metals,IV,IV,Male,Third Party (Remote),Fall prevention,"At 15:05 hours, Mr. Cesar Tello-MOINSAC, was carrying out the work of assembling the water line, for that he climbs up the cat ladder and at an approximate height of 2.5 meters he vanishes and falls, hitting himself on the way, being transferred to the medical center for his attention.",,
315,1/20/2017 0:00,Country_01,Local_04,Mining,I,III,Male,Third Party,Manual Tools,"When manipulating materials on the master drill truck, the operators decide to make space by moving a radiator, at that moment the driver of the truck is imprisoned the little finger of the left hand against the bar.",,
316,1/21/2017 0:00,Country_02,Local_02,Mining,I,I,Male,Third Party (Remote),Others,"Employees engaged in the removal of material from the excavation of the well 2 of level 265, using shovel and placing it in the bucket. During the day some of this material fell into the pipes of the employees' boots and the friction between the boot and the calf caused a superficial injury to the legs.",,
317,1/21/2017 0:00,Country_02,Local_02,Mining,I,I,Male,Third Party (Remote),Others,"Employees engaged in the removal of material from the excavation of the well 2 of level 265, using shovel and placing it in the bucket. During the day some of this material fell into the pipes of the employees' boots and the friction between the boot and the calf caused a superficial injury to the legs.",,
318,1/23/2017 0:00,Country_01,Local_04,Mining,I,IV,Male,Third Party,remains of choco,"Being 4:15 a.m. on the 179th block of Nv 1880 Ob 2, at the moment that Messrs. and Roger (injured), cleaned the 14th drill of the radial mesh that was in an inclined shape in the right gable, moment that detaches fragments of rock of 5x5x2 cm. impacting the shoulder.",,
319,1/24/2017 0:00,Country_02,Local_05,Metals,I,III,Male,Third Party (Remote),Fall,"Employee was transiting the GRS area when he came to slip, suffering a twist in his left knee.",,
320,1/24/2017 0:00,Country_03,Local_10,Others,I,I,Male,Third Party,Venomous Animals,"On 01/24/2017, at 12:25 a.m., during the activity of collecting soil, the collaborator Milton ran into a branch and was attacked by maribondos. He was bitten twice in the head. No pain, swelling and no allergic symptoms continued with their activities.",,
321,1/25/2017 0:00,Country_01,Local_03,Mining,V,VI,Male,Third Party,remains of choco,"During the process of loading drills in the Carmen pit of level 3450, the operator positions the basket of the anfo loader 186 equipment at a height of 3m from the floor to carry out the loading of the production drills; At this moment, a stone slab of 1.4x0.7x0.2 m is detached from the front of the pit, which is tilted and lodged inside the basket, trapping the right leg of the collaborator.",,
322,1/27/2017 0:00,Country_01,Local_04,Mining,II,III,Male,Third Party,Others,"Being 00:10 am at times when the collaborator was passing a tubo ""PVC pipe to the loader to uncover the fifth hole that was obstructed by a piece of rock. The operator of the Jetanol accidentally activates the air valve, causing the loading pipe that was in the floor to rise suddenly throwing prils of anfo (excess in pipe) on the cheekbone and eyelid of the right eye of the victim.",,
323,1/29/2017 0:00,Country_01,Local_01,Mining,I,III,Male,Third Party,Vehicles and Mobile Equipment,"In circumstances that the tipper MV-01 of the EE Mceisa, moved of the Nv. 3120 to Nv. 3300, the operator sees a congestion of equipment in front of his unit in the Ramp 990 - at a distance of 80 meters. of access to the Nv. 3300, which is why he decides to get off the cab by turning off his vehicle, when suddenly he slides off the second rung that is 0.70 m from the ground, hitting the right forearm region against the fender and the same rung.",,
324,1/28/2017 0:00,Country_01,Local_01,Mining,I,III,Male,Employee,Vehicles and Mobile Equipment,"At the moment of entering through the mouth of Tunel 3600, the employee moves on the left side of the locomotive LT-18 (locomotive of personnel transfer that was stationed at the entrance of the mouth) without noticing the protruding abutment of said locomotive at the bottom hitting his right knee with the metal stirrup. It should be noted that the operator continued his duties during the watch without reporting what happened. At 2:30 a.m. The extraction supervisor, upon noticing the discomfort of his partner in the knee, immediately evacuated him to Natclar after reporting to the control center.",,
325,1/31/2017 0:00,Country_02,Local_08,Metals,I,III,Male,Employee,Others,"During the assembly activity of polypropylene pipe with 4 ""diameter, the employee stepped on the pipe flange, it twisted his right foot.",,
326,1/31/2017 0:00,Country_01,Local_01,Mining,I,IV,Male,Employee,Vehicles and Mobile Equipment,"Upon entering the mine interior; the bodeguero is located only in the litorina N ° 13, last of the convoy; during its displacement, the litorina derails and advances approximately 15 meters; it is when the operator observes this event and before entering through the entrance gate paralyzes the displacement of the convoy. The winemaker had his full EPPs on.",,
327,2/1/2017 0:00,Country_03,Local_10,Others,I,II,Male,Third Party,Projection/Choco,"On 01/02/2017, at 10:15 a.m., when performing the Soil activity, the collaborator Alex used a pickaxe to assist in the opening of the collection hole. As he struck the ferranta on the ground, he had a fragment of rock projected on his forehead causing a small cut. The activity was paralyzed for a few moments and it was not necessary to go to the doctor, the employee continued the activities normally.",,
328,2/4/2017 0:00,Country_02,Local_02,Mining,I,III,Male,Employee,Manual Tools,Employee was performing drilling activity with the LM17 probe at level 585 GPS and when positioning the needle stem came to hit the left hand ring finger against the retraction box causing superficial injury.,,
329,2/5/2017 0:00,Country_03,Local_10,Others,I,II,Male,Employee,Others,"On 05/02/2017, at 10:40 p.m., when performing geological mapping activity, the geologist Manoel da Silva accompanied by the geologists Luciano dos Santos and Dayme had to make the crossing to the other side of a fence barbed wire, known in the region as a goat. It is a fence that from the base up to about 60cm in height is made by rods interlaced horizontally and upwards made with little barbed wire barbed, around 15 to 20cm. I jumped on the fence, and still on the fence I managed to ""sweep"" the vegetation with the left foot but even so while supporting the foot on the ground a stump of approximately 10cm x 1cm came to break the sole of the boot and cause the perforation in the left foot at the height of the fingers.",,
330,2/7/2017 0:00,Country_01,Local_04,Mining,I,II,Male,Third Party,Others,"The collaborator completed the misalignment of the nut on the left side of the chute scraper of strip No. 9-2, when he gets up he turns and hits the head guard with the railing, hitting the lenses generating the injury.",,
331,2/7/2017 0:00,Country_01,Local_03,Mining,II,V,Male,Employee,remains of choco,"In Level 2900 - OP 5 the worker performed the chuteo ore from the hopper to the second car, perceived a slip of water and mud through the hopper, decided to leave the platform and when he was already down the second rung of the ladder of access, the water increases and a fragment of rock slides and hits the back of the worker causing it to fall and hit the right forearm and left knee.",,
332,2/8/2017 0:00,Country_01,Local_03,Mining,II,IV,Male,Third Party,Cut,"Being 12:20 hours Approximately, in circumstances that the Administrative SSOMAC, was arranged to move the guillotine of the right side towards the center of the table to make cuts of enmicadas pages, when trying to raise the guillotine the middle finger of the right hand It rubs against the edge of the guillotine blade, causing the cut in the yolk of the third finger of the right hand.",,
333,2/8/2017 0:00,Country_02,Local_08,Metals,I,II,Female,Third Party,Others,"During the preparation for the office cleaning activity, the employee made use of the stair railing, it had contact with the clamp used to lock the signaling board.",,
334,2/8/2017 0:00,Country_02,Local_08,Metals,I,I,Male,Third Party (Remote),Pressed,"During the activity for packaging the cylindrical piece on the easel, the employee carried the pieces to the designated place where he had his finger pressed between the metal pieces that were being moved.",,
335,2/8/2017 0:00,Country_01,Local_04,Mining,II,III,Male,Third Party,Cut,The injured collaborator and one of his colleagues wanted to move a rim of a scoop tire for which using their own strength they threw the rim to the floor to make it roll and in that instant the eyelash hits the fifth finger of the right hand against the ring producing the injury.,,
336,2/8/2017 0:00,Country_01,Local_06,Metals,I,III,Male,Employee,Machine Protection,"When averaging 04:30 am, the operator Daniel removed cleaning accessories under the mobile channel of line 01, for which he supported his left hand on the rail that was in motion. At that moment the crushing of the 2nd finger of the left hand occurs; the injury occurs. The collaborator is referred to the Medical for care.",,
337,2/9/2017 0:00,Country_01,Local_03,Mining,IV,V,Male,Third Party (Remote),Power lock,"the Spillway circumstances where the worker was cleaning, with the use of an absorbent cloth, oil residues from the right edge of the Atlas AXS-186 compressor, with the bonnet open and in functioning; the rag falls inside the ompressor and in the attempt to remove it, it is hooked on the fan's propeller, pulling the worker's left hand toward the propeller causing the injury.",,
338,2/8/2017 0:00,Country_01,Local_06,Metals,I,I,Male,Third Party (Remote),Manual Tools,"Performing carpentry work, the collaborator hit the second finger of the left hand with the hammer, which he held with his right hand, causing a bruise at the height of the nail. The evaluation was carried out at the medical center of the unit, the final diagnosis being contusion on the finger.",,
339,2/13/2017 0:00,Country_02,Local_08,Metals,II,III,Male,Employee,Pressed,"While preparing to mount polypropylene tubing, the employee pulled the pickup from the truck and positioned it in place, pressing the finger between the tube and the concrete wall.",,
340,2/13/2017 0:00,Country_02,Local_05,Metals,I,IV,Male,Employee,Projection,"During the maintenance of the peristaltic pump 02BP0166 to change the internal hose, the rupture tubing of the reserve pump 02BP0167 ruptured after it started to operate, designing solution heated towards the employee, reaching his left forearm causing irritation in the skin.",,
341,2/13/2017 0:00,Country_02,Local_05,Metals,III,IV,Male,Employee,Burn,"During the maintenance of the peristaltic pump 02BP0166 to change the internal hose, the rupture tubing of the reserve pump 02BP0167 was disrupted, after it started to operate, designing solution heated towards the employee, reaching his left forearm, causing a burn .",,
342,2/14/2017 0:00,Country_01,Local_03,Mining,IV,V,Male,Third Party,Pressed,"In the Nv. 3370, CX 212 - South, when the Mechanic loosens a through bolt of the intermediate cardan protector of the Dumper 01, the protector is released and imprisons the first finger of the left hand against the connector of the hydraulic steering cylinder (Position 2) .",,
343,2/15/2017 0:00,Country_03,Local_10,Others,I,I,Male,Third Party,Venomous Animals,"On 02/15/2017 at 3:27 pm, when performing the Magnetometric using GPS, the collaborator Antônio bumped the top of the field hat on a branch and was attacked by maribondos. He was bitten behind the ear and another on the shoulder, but he continued his activity because he felt no pain or swelling.",,
344,2/16/2017 0:00,Country_01,Local_03,Mining,I,II,Female,Third Party (Remote),Fall,"By averaging 8:23 am at the offices of Ajani, Liliana prepares to store folders in the warehouse, to go to the place it comes out of the iglu, when going down the two steps it does so diagonally so it sits the left foot on the edge of the second step causing the foot to bend Left inward, it stabilizes quickly avoiding falling to the ground.",,
345,2/17/2017 0:00,Country_01,Local_04,Mining,I,III,Male,Third Party,Projection/Manual Tools,"the moment of extracting the bolts of the CHUCK of rotation unit VSD 01; in the instant that is made hits with the rope of 6Lbs. the base of the support bolts, a fragment of the metal structure is projected, impacting the face of the mechanic Freddy the described injury.",,
346,2/17/2017 0:00,Country_01,Local_01,Mining,I,III,Male,Employee,Chemical substances,"Once the painting of the pumping pipe has been completed, the person involved involuntarily touches his face, with his hand (with gloves) full of paint, and to clean himself he makes use of a dry industrial cloth and begins to rub his face, for a period of time from 30 to 40 seconds continuously, until finally the paint on the face is cleaned, this friction generates the described injury.",,
347,2/17/2017 0:00,Country_01,Local_01,Mining,I,IV,Male,Third Party,Projection,"At the conclusion of the unloading of ore with the AMP-819 plate tipper, in the pit 01, the driver notices that a stretch of support mesh is stuck in the hopper hatch; then the driver gets off his equipment (with the hopper lifted) to remove with his hands this mesh, when generating force, fine particles of rock fall and one of them is impregnated in the eye of the injured. At the time of the incident, the injured person used his measuring glasses and did not have any surcharges.",,
348,2/23/2017 0:00,Country_01,Local_04,Mining,IV,IV,Male,Third Party,Vehicles and Mobile Equipment,"Mr. Walter was putting his tools in the hopper of the Atlas truck that was parked on the cruise 320 of Level 1850 OB2B, then the mining operations van arrived driven by Engineer parked behind the truck of Atlas to approximately 3 meters and without having placed the safety block went to request the data of the drilling, later the assistant of the SIMBA 04 opened the gate, dropping the bit into the hopper of the mine truck and untimely the vehicle He moved forward, pinning the mechanic's right leg.",,
349,2/23/2017 0:00,Country_02,Local_07,Mining,I,III,Male,Third Party (Remote),Venomous Animals,"During the transport of pieces of wood with the aid of a wheelbarrow, the employee felt a prick in the right leg, at that moment stopped the activity, removed the leggings and when shaking the pants noticed that it was a small scorpion.",,
350,2/25/2017 0:00,Country_01,Local_01,Mining,IV,IV,Male,Third Party (Remote),Fall,"During the mining cycle at the Chimney 410; before starting with the drilling work to anchor the lane of the alimak system, the collaborator squat to pick up a manual tool that is on the platform; it is at this moment that the jackleg team loses its position and projects towards the back of the collaborator generating the injury.",,
351,2/25/2017 0:00,Country_01,Local_01,Mining,I,III,Male,Employee,Projection,"In the support process, in circumstances that the assistant performs the Last cut in the transverse length of the mesh; The mesh generates a movement towards the operator and hits the face causing the described injury.",,
352,2/25/2017 0:00,Country_03,Local_10,Others,I,I,Male,Third Party,Venomous Animals,"On 02/25/2017 at 13:05 p.m., when assisting with GPS in the Magnetometric collaborator Gilvânio bumped the top of the field hat on a branch and was attacked by maribondos. The moths went towards his eyes, but due to the use of sunglasses, the attack in that region was prevented. The insects moved to the side of the face, getting caught between the ear and the back of the field hat, making the helper get two bites behind the ear. Gilvânio is allergic to Marimbondos bites, soon the activity was immediately paralyzed, we drove to the car, where the accident took his medicine (antiallergic already used in other situations out of work, indicated by another doctor) to avoid further swelling. Marcelo responsible for the project was also on the field in the mapping activity, was called on the radio immediately. The assistant felt good, but was taken to the emergency of the Hospital of Lavras do Sul, where he consulted the doctor, took antiallergic and was released around 15:20.",,
353,2/26/2017 0:00,Country_01,Local_01,Mining,I,III,Male,Third Party,Fall,"In moments when the staff of the IMPROMEC company was heading towards the 447 pique to support shotcrete casting jobs; One of the electricians does not identify a lane and water in the road, so his right leg enters the gutter of 0.8 m depth causing the injury. The service of the litorina was paralyzed for the entrance of this personnel.",,
354,2/26/2017 0:00,Country_02,Local_07,Mining,I,IV,Male,Employee,Fall prevention,"The employee was descending the ladder after inspection of the milling cyclones, which gives access to the floor behind the mill 10 by platform # ISC-MG26 when the floor gave way and it fell from a height of approximately 1 meter and 70 meters (there is material / ore below the platform, decreasing the height of the fall impact).",,
355,2/27/2017 0:00,Country_01,Local_03,Mining,II,IV,Male,Third Party,remains of choco,"In the area of ​​Lloclla 50 meters from the sub-station Nro 4, under circumstances that the worker was preparing to pick up the rope from the floor, several fragments of rock slide down the slope of the hill, one of the 5 cm fragments of Diameter approximately impacts the face of the worker producing the aforementioned injury",,
356,2/27/2017 0:00,Country_02,Local_02,Mining,III,IV,Male,Employee,Others,"When performing cleaning activity of the area near the 042-TC-06 - Grinding the employee was handling a block of triangular shaped rock measuring (b = 53cm x h = 42cm x e = 12cm). During the movement, he lost his balance by falling with the rock on the thumb of his left hand, injuring him.",,
357,3/1/2017 0:00,Country_01,Local_06,Metals,I,I,Male,Third Party (Remote),Others,"When carrying out refractory brick chopping activities, in order to place the support of the bus bar in section 70, a particle is detached, hitting the assistant's right arm that was one meter away from the work area, provoking him a wound in the arm, was treated at the medical center and returned to his usual duties.",,
358,3/2/2017 0:00,Country_03,Local_10,Others,I,I,Male,Third Party,Venomous Animals,"On 02/03/17 during the soil sampling in the region of Sta. the employees Rafael and Danillo da Silva were attacked by a bee test. They rushed away from the place, but the employee Rafael took 4 bites, one on the chin, one on the chest, one on the neck and one on the hand over the glove. The employee took 4 bites, one in his hand over his glove and the other in the head, and the employee Danillo took 2 bites in the left arm over his uniform. At first no one sketched allergy, just swelling at the sting site. The activity was stopped to evaluate the site, after verifying that the test had remained in the line, they left the site.",,
359,3/2/2017 0:00,Country_03,Local_10,Others,I,I,Male,Third Party,Venomous Animals,"On 02/03/17 during the soil sampling in the region of Sta. the employees Rafael and Danillo da Silva were attacked by a bee test. They rushed away from the place, but the employee Rafael took 4 bites, one on the chin, one on the chest, one on the neck and one on the hand over the glove. The employee took 4 bites, one in his hand over his glove and the other in the head, and the employee Danillo took 2 bites in the left arm over his uniform. At first no one sketched allergy, just swelling at the sting site. The activity was stopped to evaluate the site, after verifying that the test had remained in the line, they left the site.",,
360,3/2/2017 0:00,Country_03,Local_10,Others,I,I,Male,Third Party,Venomous Animals,"On 02/03/17 during the soil sampling in the region of Sta. the employees Rafael and Danillo da Silva were attacked by a bee test. They rushed away from the place, but the employee Rafael took 4 bites, one on the chin, one on the chest, one on the neck and one on the hand over the glove. The employee took 4 bites, one in his hand over his glove and the other in the head, and the employee Danillo took 2 bites in the left arm over his uniform. At first no one sketched allergy, just swelling at the sting site. The activity was stopped to evaluate the site, after verifying that the test had remained in the line, they left the site.",,
361,3/4/2017 0:00,Country_02,Local_02,Mining,I,V,Male,Employee,Vehicles and Mobile Equipment,"The employee, who was hitchhiking, on the CEP 403 truck, equipment, he crossed the central canterio of the track to catch the key of the wheel loader with another operator who was stopped in the opposite direction. Upon returning to the truck, it was hit in the arm left by the loader tire that was traveling along the road and passed the CEP-403 on the right.",,
362,3/6/2017 0:00,Country_01,Local_04,Mining,I,III,Male,Third Party (Remote),Fall,"Being 5:40 pm approx. when the collaborator Mr. Duval (sampler), was preparing to change and remove the buckets from the pulp samples of the plant courier, he slipped and fell to the ground supporting himself with the right hand generating the lesion described.",,
363,3/8/2017 0:00,Country_03,Local_10,Others,I,I,Male,Third Party,Others,"On 08/03/2017 at 3:30 PM, when performing MAG activity, the employee Murilo da Silva, when moving in the acquisition line, came across a small drainage (approximately 40cm wide), with small gap. As he traversed the drainage, the employee rested his right foot on the ravine that came to rest, causing the right ankle to twist. Soon after the twisting, the activities were paralyzed and the employee was taken to the local hospital, where an x-ray was taken and an examination made by the physician. No serious injury was found, only a small swelling, then released to normal activities.",,
364,3/9/2017 0:00,Country_01,Local_03,Mining,I,V,Male,Third Party,Vehicles and Mobile Equipment,"At Level 3970 (Before -100) When the F6M 801 license plate went from level 3570 to surface, when the pilot trying to locate his radio to answer a call from the concrete plant is distracted and crashes his vehicle against the left gable and the vehicle turns to the right side. When this happens, the copilot hits his right hand against a fragment of broken glass in the window on the right side of the vehicle.",,
365,3/8/2017 0:00,Country_01,Local_01,Mining,V,V,Male,Third Party,Vehicles and Mobile Equipment,"When the scoop was heading from Rpa 910 to the cut-off point of the Cro 861 South to be unloaded, it visualizes a truck that was parked with the lights and the engine ignited inside the thrust - where the Scoop found accumulating dismount-; the operator stops the Scoop and gets off to tell the driver of the truck to leave and when he finds no one he decides to go and look for the driver at the top of Cro 861 South, where he can not find it; Then he returns to his Scoop and at 15 to 20 meters visualizes the light of a lamp shining in the direction of the gable, when approaching, he finds the deceased lying on the side of the Scoop and proceeds to give immediate notice to the supervisory of the shift, control center and emergency center.",,
366,3/9/2017 0:00,Country_02,Local_05,Metals,I,III,Male,Third Party,Machine Protection,"Employee was performing maintenance on filter press, in the Filtration area (GRS). When he dismantled the hose clamp in a turning motion, he had contact with the burr of the tip of one of the screws that was exposed, causing him a cut in his glove and wound in the 3rd quirodactilo of the left hand.",,
367,3/10/2017 0:00,Country_01,Local_03,Mining,II,IV,Male,Third Party,Individual protection equipment,"In the Nv. 2930 - Chamber of accumulation of aggregates: When the worker, made the cast of shotcrete towards the crown of the work, at 2:00 p.m. he perceives discomfort and fogging of the full face, then decides to take it off and chooses to use only his safety glasses for comfort to continue with the thrown shotcrete, at 3:45 p.m. suffers the projection of shotcrete rebound particles in the left eye.",,
368,3/15/2017 0:00,Country_03,Local_10,Others,I,I,Male,Third Party,Venomous Animals,"Team of the VMS Project performed soil collection on the Xixás target with 3 members. When the teams were moving from one collection point to another, Mr. Fabio was ahead of the team, stinging behind Robson and Manoel da Silva. near the collection point were surprised by a swarm of bees that was inside a I play near the ground, with no visibility in the woods and no hissing noise. Fabio passed by the stump, but Robson and Manoel da Silva were attacked by the bees. Robson had a sting in his left arm over his uniform and Manoel da Silva had a prick in his lip as his screen ripped as he tangled in the branches during the escape.",,
369,3/15/2017 0:00,Country_03,Local_10,Others,I,I,Male,Third Party,Venomous Animals,"Team of the VMS Project performed soil collection on the Xixás target with 3 members. When the teams were moving from one collection point to another, Mr. Fabio was ahead of the team, stinging behind Robson and Manoel da Silva. near the collection point were surprised by a swarm of bees that was inside a I play near the ground, with no visibility in the woods and no hissing noise. Fabio passed by the stump, but Robson and Manoel da Silva were attacked by the bees. Robson had a sting in his left arm over his uniform and Manoel da Silva had a prick in his lip as his screen ripped as he tangled in the branches during the escape.",,
370,3/15/2017 0:00,Country_02,Local_08,Metals,II,IV,Female,Employee,Chemical substances,"During the preparation for the solubilization activity of the sample in the chapel, the maid when moving the vial of nitric acid, the same detached from the doser, causing projection in the region of the face and upper limbs.",,
371,3/18/2017 0:00,Country_01,Local_03,Mining,V,V,Male,Third Party (Remote),Power lock,"During the activity of changing conveyor belt 11B feeding the primary mill No. 2; the mechanic entered the discharge chute (0.75 x 0.75 x 0.80 m.) to clean the material, at which time the automatic sampler (0.30 x 0.25 m) that was inside the chute was activated, trapping the mechanic at the height of the chest. At the time of the accident the mechanic was alone in the work area.",,
372,3/22/2017 0:00,Country_01,Local_06,Metals,V,V,Male,Third Party (Remote),Power lock,"Being approximately 20:57 hours of 03/22/2017; during the change of cables between the Z-332 power cell (locked cabinet) and the Z014 transformer; there is a loud noise followed by an oscillation of the electrical system. At that moment the collaborator Queneche of the company EISSA is found on the floor with his head inside an adjoining cell Z-132 (cabinet Not blocked - where he was not assigned to do any work), after having received an electric shock .",,
373,3/25/2017 0:00,Country_01,Local_03,Mining,II,V,Male,Third Party,Vehicles and Mobile Equipment,"When the Mixer 01 of the E.C.M INCIMMET S.A, moved by the positive south ramp, with direction to surface (Unicon concrete plant), at the height of the 3630 (Before 440), the operator observes that untimely lights and the engine go off, the control controls do not respond and the equipment starts to reverse. At 3 meters the operator jumps out of the cabin and at 20 meters the team hits the right gable and turns to its side left. In the area, in the circumstances of the event there was no presence of personnel or equipment that could have been affected.",,
374,3/25/2017 0:00,Country_03,Local_10,Others,I,I,Male,Employee,Others,"The technician was doing the magnetometric survey when he stepped on a thorn. His reaction was to immediately retreat, losing his balance and so the magnetometer's antenna broke.",,
375,3/31/2017 0:00,Country_02,Local_05,Metals,I,IV,Male,Third Party,Fall prevention,"Employee reports that he assisted the maintenance activity in Tower 09, in Electrolysis, when he stepped on the GRP grid (Polymer with Glass the floor moving, causing it to fall. The event took place in 3 stages: 1) Displacement and fall of the floor in the span when receiving the effort; 2) Employee fall to about 1.60m below the GRP floor, on the side of the gutter below the floor, supporting the structure; 3) Employee fall to the lower level, about 2.35m below the GRP floor.",,
376,4/4/2017 0:00,Country_02,Local_05,Metals,I,III,Male,Employee,Chemical substances,"Employee reports that he was supervising an activity in the Ustulation, near the Ball when a projection of hot humped dust from the upper floor reached his cervical (""neck"" region), causing a first degree burn.",,
377,4/5/2017 0:00,Country_02,Local_05,Metals,I,IV,Male,Employee,Suspended Loads,Employee performed the task of hoisting big-bags containing waelz oxide and after performing several hoistings the employee suffered a low-voltage electric shock when contacting the hoist when attaching the handle of a big-bag on it.,,
378,4/7/2017 0:00,Country_02,Local_02,Mining,I,III,Male,Third Party (Remote),Others,"Employee moved toward the structure of post 10, when it came to step in false, suffering twisting in the left ankle.",,
379,4/4/2017 0:00,Country_03,Local_10,Others,I,I,Male,Third Party,Venomous Animals,"On 04/04/2017, around 13: 30hs, during the current sediment activity the collaborator Warley took a bee sting in the neck, the same was using the screen, but the bee entered the bottom of the screen . After the sting the team decided to leave the workplace due to the presence of other bees. The collaborator had no reaction and continued to work normally.",,
380,4/6/2017 0:00,Country_01,Local_06,Metals,I,II,Male,Third Party,Others,"The industrial cleaning worker Cristian was performing the cleaning activity of the gutter, striking with a walls of the same, to remove the solid solution that is formed. In that At the moment the operator's hands slide and impact on the edge of the gutter, causing a blow on the little finger of the left hand.",,
381,4/7/2017 0:00,Country_01,Local_03,Mining,I,IV,Male,Third Party,Fall prevention,"At level 3790 (formerly level -280), the hydraulic filling personnel performed the installation of 4 ""diameter HDPE pipe through the ventilation chimney with the help of a 4-yard scooptram that held and pushed the end of the pipe. pipe (100 meters in length). At that moment the pipe gets stuck on the edge of the chimney causing the pipe to form an arc at the height where the injured worker was, who signals with the light of his lamp to the operator of the scooptram to stop and when trying to retire from the line of fire, the worker loses balance by light contact with the pipe causing fall at the same level.",,
382,4/10/2017 0:00,Country_02,Local_02,Mining,I,II,Male,Third Party,Chemical substances,"Employee to perform painting of the floor of the fuel tank area, he needed cleaning, and by pouring water-thinner on the floor, the bucket slipped out of his hand and the mixture projected onto his left shoulder and lower lip, causing redness and burning.",,
383,4/8/2017 0:00,Country_03,Local_10,Others,I,I,Male,Third Party,Venomous Animals,"During the execution of the soil sampling task at the Potions area, around 1:15 pm, Luis - WCA, was opening with a machete and was bitten by a wasp on the back of his right hand, the same was using at the time of the incident all the EPIs needed for activity. The employee was evaluated by the technician who found it to be a mild and localized swelling wound. The employee reported that he did not feel any pain and that he could continue the activity.",,
384,4/11/2017 0:00,Country_01,Local_03,Mining,I,IV,Male,Third Party (Remote),Electrical Shock,"In the tower N ° 6 of the old 50 KV LT (disabled and de-energized and 90% dismantled) located in the city of Pasco, the last profiles of the base of the tower previously disassembled were cut, using oxyfuel equipment , at 11:45 am, the Proingcom security supervisor and the foreman, who were on the outside of the fenced area supervising the activity, indicate the stoppage of activities and evacuation to the refuge due to the orange alert indicated on the detector of storms. During the evacuation of the last 02 employees who were inside the fenced area, a loud sound was heard, provoking a fright, which caused the staff to throw themselves to the floor inside the area, then proceeded to leave the work area by his own means through the ladder. Apparently the loud sound would correspond to an electrical discharge in the cable guard that passes over the old towers.",,
385,4/11/2017 0:00,Country_01,Local_03,Mining,I,IV,Male,Third Party (Remote),Electrical Shock,"In tower N ° 6 of the old 50 KV LT (disabled and de-energized and 90% disassembled) located in the city of Pasco, the cutting of the last profiles of the base of the tower previously disassembled was carried out, using oxyfuel equipment, at 11:45 a.m., the safety supervisor of Proingcom and the foreman, who were in the external part of the fenced area supervising the activity, indicate the paralysis of activities and evacuation to the refuge due to the orange alert indicated on the detector of storms. During the evacuation of the last 02 employees who were inside the fenced area, a loud sound was heard, provoking a scare, which caused the staff to throw themselves to the floor within the area, then proceeded to leave the work area by their own means through the staircase. Apparently the loud sound would correspond to an electrical discharge in the cable guard that passes over the old towers.",,
386,4/11/2017 0:00,Country_02,Local_07,Mining,I,II,Male,Third Party (Remote),Others,"At the end of the concreting activity, the employee turned off the concrete, and when rolling the handle to make the return of the equipment warehouse the same bumped the tip of the mangote in the inferior lip causing hematoma.",,
387,4/13/2017 0:00,Country_01,Local_01,Mining,I,II,Male,Employee,Others,"During the marking of the management points, the supervision and the breeders enter the work to carry out the ventilation inspection, for which the surveying work stops to turn on the fan and proceed with the air flow measurements. When the fan is turned on due to pressure, it breaks the fastening points of the toe and the sleeve falls to the floor generating a chicoteo from gable to gable, product of the chicoteo a fragment of the aggregate of the shocrete is projected on the face of the injured person producing the injury.",,
388,4/12/2017 0:00,Country_03,Local_10,Others,I,I,Male,Third Party,Venomous Animals,"During the execution of the service of opening of pricked for the future works of IP, around 15:30, the employee Pedro second in the line of the equipment, was stung by a wasp in the right portion of the neck. The beetle, being of small size, was not seen by the employees in the bite, causing the employee's shock against the insects that were manifested. The employee used all the PPE's required for the activity to be developed. The bite occurred over the collar of the shirt and over the face shield. The technician responsible for performing the work evaluated the sting and, together with the injured employee, found that because it was a localized swelling and that there was no allergy, there would be no need to paralyze the activity, which it followed normally.",,
389,4/23/2017 0:00,Country_01,Local_04,Mining,I,III,Male,Third Party,Others,"In moments that Mr. William carried out the inspection of the cut of the Block 781 Level 1850 OB6A, so that the loading platform could be realized, in instants that observed the drills positive radial ones that were covered and shotcreteados, he hears a noise from the upper part of the pit (detachments of banks at the center of the pit), to which Mr. William goes back to leave work, but his metatarsal boots makes contact with a rock that was on the floor which causes it to lose balance and stumble on the gable.",,
390,4/19/2017 0:00,Country_03,Local_10,Others,I,IV,Male,Third Party,Others,"On 04/19/2017, the employee de Lima da Silva was composing the team of opening of bite to survey of IP. The team consisted of one mining technician and three assistants. When was moving in the bite he touched his left foot on a stump of Tucum that was on the ground covered with dry leaves of vegetation near drainage. When he felt the thorn piercing on his foot, he told the mining technician what had happened and the teammate removed the thorn that pierced the top of the boot. After removal of the spine the foot was washed and it was verified that there was no other injury. After the event the technician waxed the activity and returned to the city of Porangatu / GO. It was not necessary to take the employee to the health unit.",,
391,4/23/2017 0:00,Country_01,Local_06,Metals,I,II,Male,Third Party,Projection,"Approx. 10:00 pm. Mr. Victor at the time he made a visual inspection of scaffolding, suffered a slight blow to the level of the right ear with the metallic extension of the chute of the conveyor chain.",,
392,4/25/2017 0:00,Country_03,Local_10,Others,I,I,Male,Third Party,Venomous Animals,"During the execution of the soil sampling task, in the Potions area, around 3:00 pm Pablo was moving on the bite and was bitten by a right elbow wasp over the sleeve uniform. He was using at the time of the incident all the PPE needed for the activity. The employee was evaluated by the team who found it to be a mild injury with localized swelling. The employee reported that he did not feel any pain and that he could continue the activity.",,
393,4/25/2017 0:00,Country_02,Local_07,Mining,IV,V,Male,Employee,remains of choco,"ACTIVITY: front sanitation (slaughter of choco with scaller) LOCAL: underground mine, level 350 - front 45 Upper JKA The operator performed front sanitation when a rock block from the roof hit the equipment. The accident victim was promptly rescued by the unit's emergency brigade and transported to the outpatient clinic where he received the first care, and was then transferred to the Municipal of Paracatu.",,
394,4/25/2017 0:00,Country_01,Local_01,Mining,IV,IV,Male,Employee,Pressed,"Performing the cleaning of material (Mineral) that accumulates between the steel plate and the concrete base on which it rests; As shown in the photograph (steel plate thickness = 1/2 in.), in order to complete this cleaning, the workers decide to weld on the steel plate a support eyelet type and at the other end as a fixed point and fastening a pin helical (support), in such a way to lift the plate with the help of a key and remove all the accumulated material. In the instant that they were pulling the chain of the tecla, the injured one had his left hand resting on the concrete wall (the line of fire), product of the tension exerted by the tecle, the helical bolt breaks and the chain lashes on the index finger generating the injury. At the time of the accident, the accident victim used all his epps, including his gloves.",,
395,4/24/2017 0:00,Country_01,Local_03,Mining,I,V,Male,Employee,Others,"In circumstances that Mr. Efraín OSORIO FELIX - Mina 2nd. He entered the interior of Pocket 2 at level 2865 (Before -1205). It activated the compressed air gun that is installed in the lower part of the structure with a nozzle that communicates the air lung with the internal part of the pocket, projecting a violent flow of air that blows the left leg of the worker and generates a stun by the noise produced.",,
396,4/28/2017 0:00,Country_02,Local_05,Metals,I,II,Male,Employee,Others,"The employee reports that he performed his routine activities in the Foundry area when it was necessary to fit the last ZAMAC ingots of one of the packages. At this point, the ingot slipped and hit the back of his right foot, causing pain. The safety footwear worn by the employee has a steel toe and a metatarsal protector.",,
397,4/29/2017 0:00,Country_02,Local_02,Mining,II,III,Male,Employee,Manual Tools,The employee used a lever to remove the sealing ring from the front tire of the wheel loader (LHD 05) when the lever came to release from the fulcrum in the ring and press the left ring finger against the loader shell causing traumatism at the tip of the said finger.,,
398,4/30/2017 0:00,Country_02,Local_05,Metals,I,II,Male,Employee,Others,"The employee reports that he performed his routine activities in the area of ​​Electrolysis when, when trying to position one of the cathode sheets on the easel, it hit his sleeve and caused a cut in the same and superficially in the left hand.",,
399,5/5/2017 0:00,Country_02,Local_02,Mining,I,II,Male,Third Party (Remote),Others,"Employee was engaged in adjusting metallic shapes using a tether, and striking the shape, the tether cable hit the lifeline, projecting its hand into the metal structure of the shape, causing a superficial injury to the ring finger of the right hand.",,
400,5/6/2017 0:00,Country_01,Local_01,Mining,III,IV,Male,Third Party,Manual Tools,"In Circumstances that the staff was performing the rhyming of caving HW, the 1.5 m HW pipe was suspended Approximately 5 cm from the floor, the assistant placed the stilson key No. 36 on the HW pipe to fit the pipe at a height of 10 cm from the base of the rod holder, which the operator operates the chuck to slide this back, causing the pipe to slide causing the tip of the fourth finger of the assistant's right hand to be caught between the stilson key and the base of the rod holder. At the time of the event the collaborator used all his Epps.",,
401,5/6/2017 0:00,Country_02,Local_07,Mining,IV,V,Male,Employee,Projection,"The employees Márcio and Sérgio performed the pump pipe clearing activity FZ1.031.4 and during the removal of the suction spool flange bolts, there was projection of pulp over them causing injuries.",,
402,5/6/2017 0:00,Country_02,Local_07,Mining,II,V,Male,Employee,Projection,"The employees Márcio and Sérgio performed the pump pipe clearing activity FZ1.031.4 and during the removal of the suction spool flange bolts, there was projection of pulp over them causing injuries.",,
403,5/10/2017 0:00,Country_01,Local_04,Mining,V,V,Male,Third Party,Fall,"When performing shotcrete casting for resane on Cruise 791 Nv. 1940 at 02:50 p.m. approximately, the operator was placed on the left side of the equipment and started the release of 02 cubic meters, at that time decided to paralyze the task for a few minutes due to a leak of water in the roof box that did not allow the adhesion of the shotcrete to the rock (setting). When restarting the shotcrete launch the operator that was on the left side moved to the right side of the equipment, while the assistant and the operator mixkret to see that there was no pumping went to verify what happened and when they returned they realized that the operator was not, so they assume that he had fallen down the chimney, they left the job to ask for help immediately. The emergency response brigade and the medical service are activated, who verify the death of the collaborator. The accident investigation begins.",,
404,5/16/2017 0:00,Country_02,Local_05,Metals,I,III,Female,Third Party (Remote),Cut,"The maid was handling a pipette for sample preparation for chemical analysis, while trying to place it on the three-way pear, the pipette came to break causing a superficial cut in her right hand.",,
405,5/16/2017 0:00,Country_01,Local_03,Mining,IV,IV,Male,Employee,Others,"In the area of ​​machine tools of the Maestranza the mechanic (injured) was operating the bench drill drilling a metal jacket of 25 ""x 26"" x 3/4 ""(lining) to install in the Skip; this moment he was accompanied by the mechanic Albino who manipulated the jacket and directed the maneuvers on the right side of the drill. Mr. Albino tells him to stop the drill to verify the depth of the drill, Luis lifts the Chuck and Albino pulls the iron and verifies that everything is fine and communicates that they will restart with the drilling of the other holes. that moment, the victim without apparent reason crosses his left arm with the drill on and is caught by the drill in his work clothes causing the injury described.",,
406,5/16/2017 0:00,Country_02,Local_12,Others,I,I,Male,Employee,Others,"The employee, as he passed the corner of the front door for not seeing the virdro, had a slight swelling in the frontal region due to the closing of the glass door.",,
407,5/17/2017 0:00,Country_02,Local_07,Mining,I,I,Male,Employee,Cut,"ACTIVITY: maintenance on scaller 07 - breaker arm extension cylinder LOCAL: underground mine (level 316) During the removal of the cylinder from the scaller arm, when releasing the fixing pin the cylinder ""came down"" and bumped into the tool used to press his hand between the tool and the structure of the equipment.",,
408,5/18/2017 0:00,Country_01,Local_06,Metals,IV,IV,Male,Third Party,Pressed,"Being 10:20 hours on 05/18/2017; At the end of the concentrate truck cleaning, the driver is instructed to close the gate; At that moment, Mr. Carlos who was in the back of the vehicle, reported having an injury to his left hand. He is transferred to the medical center for his attention and later evacuation to the clinic.",,
409,5/19/2017 0:00,Country_01,Local_06,Metals,I,II,Male,Employee,Projection,"At 04:00 h on 05/19/17, the mechanic on duty of section 40 Antonio is observed in the activity of withdrawal check out of POM D071, at this moment he is impacted by a pulp of the line of discharge stuck, causing irritation in the right part of the neck and ear. The mechanic is referred to the medical center for evaluation.",,
410,5/23/2017 0:00,Country_01,Local_04,Mining,I,IV,Male,Third Party,Projection of fragments,"In moments when the 02 collaborators carried out the inspection of the conveyor belt No. 3 from the tail pulley when they were at the height of the load polymer No. 372, the Maslucan collaborator heard a noise where note that the belt was moving towards the tail pulley, 4 ""fragmentos mineral fragments are projected towards the access of the ramp impacting the 2 collaborators, being evacuated to the medical post.",,
411,5/23/2017 0:00,Country_01,Local_04,Mining,I,IV,Male,Third Party,Projection of fragments,"In moments when the 02 collaborators carried out the inspection of the conveyor belt No. 3 from the tail pulley when they were at the height of the load polymer No. 372, the Maslucan collaborator heard a noise where note that the belt was moving towards the tail pulley, 4 ""fragmentos mineral fragments are projected towards the access of the ramp impacting the 2 collaborators, being evacuated to the medical post.",,
412,5/23/2017 0:00,Country_01,Local_03,Mining,I,IV,Male,Third Party,Others,"In circumstances that the worker was walking along the straight line of level 2790, step on a rock of approximately 10 cm x 5 cm, bending the right ankle, which caused the injury described. After the event occurred, the worker decided not to report the accident because he did not feel pain, at 3:30 p.m. approximately, he begins to feel discomfort when walking and progressive mild pain in the ankle, in that moment he communicates the event.",,
413,5/30/2017 0:00,Country_02,Local_12,Others,I,II,Female,Employee,Others,"Upon entering the building, the maid slipped and fell just behind the automatic door, in front of the entry mat. The floor was wet and slippery.",,
414,6/4/2017 0:00,Country_02,Local_05,Metals,I,IV,Male,Employee,Others,Employee reports that when trying to unlock a cathodic sheet with the digger the same did not realize that the blade was pressed so that the cable projected and hit his face.,,
415,6/9/2017 0:00,Country_01,Local_03,Mining,I,IV,Male,Third Party,Projection,"At Level 2930 in the guide wire chamber, during the preparation activity of mix for the shocrete the worker performs the emptying of a bag of cement towards a bucket to complete the dosage, at that moment the dust generated by the cement enters by the lower part of the lenses to the left eye causing irritation.",,
416,6/9/2017 0:00,Country_01,Local_06,Metals,I,III,Male,Third Party,Fall,"Mr. Emerson was moving trays; when climbing the staircase that gives access to the former dining room and finding himself on the last step, he slips and falls to the floor; supporting the body forward, suffering blows to the right knee with the floor, as well as in the nose with the metal trays it was carrying, causing a cut in the nose and ematoma in the knee.",,
417,6/11/2017 0:00,Country_01,Local_04,Mining,I,II,Male,Third Party,Others,"In circumstances that the worker prepared food in the electric pot, by not ensuring the lid falls on his head causing the injury described.",,
418,6/11/2017 0:00,Country_01,Local_04,Mining,I,II,Male,Employee,Pressed,"In circumstances where the worker and two partners were placing a killer bomb in the basket of a Manitou team, the bomb hits the index finger of the right hand against the basket.",,
419,6/11/2017 0:00,Country_01,Local_06,Metals,I,II,Male,Third Party,Cut,"Approx. 18:40 hours, Mr. Luis maintenance team of mobile equipment, adjusted a bolt of the front loader J005A, at which time his face is impacted by the key used for this activity, producing a slight cut in the surface of the face. He is transferred to the medical service, attended and registered.",,
420,6/11/2017 0:00,Country_01,Local_01,Mining,I,IV,Male,Third Party,Others,"In circumstances that the driver of the plate truck W5K-915 of the E.E. IMPROMEC, went from the garit plant chicrin to Nv.3420, after entering an internal mine in the area of ​​Santa where 200 m. approx. from the old dining room, stops the vehicle and informs the co-pilot that he can no longer drive, for which he turns off the vehicle and when trying to get off the van loses his balance and falls on his own seat, complaining intense pain in the lumbar area, citing pain due to overexertion due to routine activity (evacuation of residual oil and solid waste cylinders) that they previously performed. The collaborator at the time of the event used their corresponding EPPS.",,
421,6/14/2017 0:00,Country_02,Local_02,Mining,III,IV,Male,Third Party (Remote),Pressed,"The employee performed insertion and adjustment of the joint in the blind flange of a 54 ""tubing, when one of the wedges shifted, causing movement in the flange, causing the 3rd and 4th fingers of the left hand to be pressed.",,
422,6/15/2017 0:00,Country_01,Local_03,Mining,I,IV,Male,Employee,Projection,"The convoy of the locomotive 15 operated by Mr. Tito is located in hopper OP2 positioning the 1st car under the hopper, the assistant does not observe anything out of the ordinary (dry load there is no presence of water) and initiates the chute, for this, the hydraulic module of the hopper is switched on and with the controls it slightly moves the hopper handle and an untimely flow of water and mud splashes the operator generating the described injury, in addition the collaborator was 7 meters from the line of fire",,
423,6/17/2017 0:00,Country_01,Local_03,Mining,II,IV,Male,Third Party,Projection,"When the Master additive was taken from the AFO-755 license plate towards the launching team No. 26, the collaborator Bonifacio (robot assistant) at the moment he received the bucket emptiness of the operator Enoc feels that he drops a drop of additive in the right eye, feeling a burning sensation, so he immediately goes to wash the affected eye in the team's eyes, then the collaborator is evacuated to NATCLAR. At the time of the accident, the employee had glasses, but he was not using them correctly.",,
424,6/18/2017 0:00,Country_01,Local_04,Mining,IV,IV,Male,Third Party,remains of choco,"Being 9:40 a.m. The driver of the AEQ-819 plate dump truck (35 Ton) was heading to the loading area Nv.1850, OB5, Tj 007, Bp.105, parking and proceeding with the ore loading with the scoop (11 ydrs) , at that moment, lift the first scoop towards the hopper and a large bank falls, causing the tipper to shake violently and the operator to be hit with the gear lever, communicate with the supervisor and evacuated to the medical center .",,
425,6/24/2017 0:00,Country_01,Local_01,Mining,II,III,Male,Employee,Others,"The injured and his collaborators at the time of making the 4 ""HDPE pipe, which was to be used for hydraulic filling, is released, causing one of the ends of the pipe to impact on the lip, causing an injury . Apparently the support 1 deconcentrates and releases a little the pipe, this action generates that the pipe presented with the rubber of the victaúlica copla, is released generating the impact previously described. The pipe was empty without hydraulic load.",,
426,6/20/2017 0:00,Country_01,Local_01,Mining,I,IV,Male,Employee,Others,"In circumstance, the AHK-903 license plate (Empresa which serves the supervision of CMA, carried out the field inspections in the upper bank 4288, when unexpectedly when climbing through the operational access (positive ramp), It slides in an excavated area of ​​approximately 3 meters high, remaining in position with the front part on the floor. The occupants of the vehicle made use of the safety belt and all the complete epps.",,
427,6/20/2017 0:00,Country_01,Local_01,Mining,I,IV,Male,Third Party,Others,"In circumstance, the AHK-903 license plate (Empresa which serves the supervision of CMA, carried out the field inspections in the upper bank 4288, when unexpectedly when climbing through the operational access (positive ramp), It slides in an excavated area of ​​approximately 3 meters high, remaining in position with the front part on the floor. The occupants of the vehicle made use of the safety belt and all the complete epps.",,
428,6/24/2017 0:00,Country_01,Local_03,Mining,I,II,Female,Third Party,Cut,"On the surface, Comedor the worker of the company C & C made the cut of lemon at that time imprisoned the knife generating a movement and impacting on the first finger of the left hand causing a slight cut.",,
429,6/23/2017 0:00,Country_02,Local_05,Metals,I,II,Male,Employee,Others,"Employee reports that by removing the zinc sheet from the cathode to take it to the easel, it slipped from his hand, fell and hit his left foot.",,
430,6/19/2017 0:00,Country_03,Local_10,Others,III,IV,Male,Third Party,Others,"During the execution of the task of assembling the box of testimony boxes, in the area of ​​Bonsucesso, around 10:40 am Orlando research driller - GEOSOL, trying to fit two parts of the trestles, a third piece fell on his hand, which was on the piece he held, causing a small trauma to his left thumb. The employee was referred to São Lucas hospital - Paracatu LTDA and attended and released without leaving work soon after.",,
431,6/22/2017 0:00,Country_03,Local_10,Others,I,IV,Male,Employee,Others,"The technician was returning from his activities on the bite, when he stepped on a loose rock over a sloping region. She released herself unbalancing the employee who stepped on false, twisting her ankle.",,
432,6/22/2017 0:00,Country_03,Local_10,Others,I,I,Male,Employee,Venomous Animals,"During the field activity in the AMG project, target São Luiz, the reconnaissance team was boarding the car, which was parked with the windows closed. When they entered the Mr. Paulo putting the seat belt inside the vehicle, pressed a wasp between the shoulder and the neck, causing a sting. It is believed that, possibly, the bee was nailed to the clothes because the car was properly closed.",,
433,6/29/2017 0:00,Country_02,Local_02,Mining,I,III,Male,Employee,Pressed,"After maintenance on Boltec 03 at level 285 GTS of Rampa XXX, the mechanic and operator of the equipment performed tests on the equipment magazine. When the magazine carousel was turned on, the operator had his left middle finger pressed against the equipment frame.",,
434,7/4/2017 0:00,Country_01,Local_04,Mining,I,III,Male,Third Party,Others,"Being approximately 5:00 a.m. approximately, when lifting the Kelly HQ towards the pulley of the frame to align it, the assistant Marco that is in the later one is struck the hand against the frame generating the injury.",,
435,7/4/2017 0:00,Country_01,Local_03,Mining,I,II,Female,Employee,Others,"The collaborator moved from the infrastructure office (Julio to the toilets, when the pin of the right shoe is hooked on the bra of the left shoe causing not to take the step and fall untimely, causing injury described.",,
436,7/5/2017 0:00,Country_02,Local_09,Metals,I,II,Male,Employee,Venomous Animals,"During the environmental monitoring activity in the area, the employee was surprised by a swarming swarm of weevils. During the exit of the place, endured suffering two stings, being one in the face and the other in the middle finger of the left hand.",,
437,7/6/2017 0:00,Country_02,Local_05,Metals,I,II,Male,Employee,Cut,"The Employee performed the activity of stripping cathodes, when pulling the cathode sheet his hand hit the side of another cathode, causing a blunt cut on his 2nd finger of the left hand.",,
438,7/9/2017 0:00,Country_01,Local_04,Mining,I,II,Female,Third Party,Fall prevention (same level),"At 10:00 a.m., when the assistant cleaned the floor of module ""E"" in the central camp, she slipped back and immediately grabbed the laundry table to avoid falling to the floor; suffering the described injury.",,
439,8/10/2017,,,,V,V,Male,Employee,"Amputation, Crushing","At 9:00 a.m. on August 10, 2017, an employee was operating a 400 ton Bliss Coin ""Knuckle"" mechanical power press. The press was actuated while the employee's right hand was in the point of operation. The employee's right ring and middle fingers were amputated. Coin ""Knuckle"" mechanical power press. The press was actuated while the employee's right hand was in the point of operation. The employee's right ring and middle fingers were amputated. ",,
440,7/17/2017,,,,V,V,Male,Employee,Dislocation,"At 9:45 a.m. on July 17, 2017, an employee was using a battery operated drill to drill a hole on a wooden joist about 109 inches above the floor. The employee's right hand slipped from a drill grip, and the tip of his right hand glove got caught in the drill head. The entanglement caused amputation of the right ring finger. to drill a hole on a wooden joist about 109 inches above the floor. The employee's right hand slipped from a drill grip, and the tip of his right hand glove got caught in the drill head. The entanglement caused amputation of the right ring finger. ",,
441,6/30/2017,,,,V,V,Male,Employee,Fire Burn,"At 7:30 a.m. on June 30, 2017, an employee was inserting a match fuze into a fireworks charge.  The fireworks exploded and both of the employee's hands were amputated. ",,
442,6/30/2017,,,,V,V,Male,Employee,Serious Fall/Strike,"At 2:00 p.m. on June 30, 2017, an employee was installing a self-adhering membrane to a roof with a slope of 1.25 feet to 12 feet (vertical to horizontal). As the employee installed the last section of the membranehe determined that it was too wide. He folded over the membrane cap sheet lengthwise and began ripping it with a knife, all while walking backwards. Once the employee reached the edge of the roof, he stood up and inadvertently stepped backwards and fell of the roof. The employee sustained severe head trauma, a collapsed lung, as well as fractures to one of his clavicles and ribs. The employee was taken to a nearby medical facility where he was hospitalized and received treatment. ",,
443,6/23/2017,,,,V,V,Male,Employee,"Bruising, Contusion","At 12:20 p.m. on June 23, 2017, an employee was delivering a load of plywood to the project site. The employee cut the plastic straps holding the plywood together and it slid out from the truck bed, striking the employee.  The employee suffered a neck fracture and serious brain injury and was hospitalized. ",,
444,6/22/2017,,,,V,V,Female,Employee,Serious Fall/Strike,"At 9:07 a.m. on June 22, 2017, an employee was sorting pistachios inside an air-conditioned building.  The employee suddenly fainted, suffering from dehydration and heat illness.  He was not drinking the provided water. The employee was hospitalized. ",,
445,5/31/2017,,,,V,V,Male,Employee,Fire Burn,"At 11:00 p.m. on May 31, 2017, nineteen employees were completing several work activities at a dry corn milling facility that included flour milling operations, bulk and bag loading operations, forklift operations, and laboratory operations.  There was a report for a smoke fragrance and several employees went to investigate the source.  Two employees detected an explosion and fire in the basement of B mill and were exiting the mill when multiple explosions occurred.  Five employees were fatally injured due to burns and/or blunt force trauma.  Three employees received serious injuries requiring hospitalization, and nine employees received serious injuries requiring medical treatment. ",,
446,5/31/2017,,,,V,V,Male,Employee,"Bruising, Contusion","At 11:00 a.m. on May 31, 2017, an employee was operating an oil rig used for geothermal drilling while working on Phase 3 of the San Ysidro Land Port of Entry expansion project.  The employee was struck by metal hand assembly when it disconnected from the stovepipe assembly and it punctured the upper left area of his chest area.  Emergency Services was contacted and responded.  The employee was declared dead at the scene by the County Medical Examiner. ",,
447,5/31/2017,,,,V,V,Male,Employee,Serious Fall/Strike,"At 5:15 p.m. on May 31, 2017, an employee was applying adhesive to insulated foam board for wall siding operation.  The employee tripped over a 24 inch by 48 inch skylight that was covered with original manufactured plastic bubble cover and fell through it.  The employee fell approximately 30 feet before striking the concrete floor.  The employee sustained blunt force trauma to the head and body and was killed. ",,
448,5/31/2017,,,,V,V,Male,Employee,"Fracture, Broken Bones","At 4:45 p.m. on May 31, 2017, an employee set up the rolling roof rigger portable suspension scaffold anchor and mounted the boatswain's chair scaffold.  The employee fell fourteen stories when the roof rigger toppled over and the employee was killed. ",,
449,5/31/2017,,,,V,V,Male,Employee,Serious Fall/Strike,"At 4:29 p.m. on May 31, 2017, an employee was on the facility roof opening a fire vent door to assist roofing contractors.  The employee was struck in the head by the door when it opened and the employee fell through the door opening.  The employee fell approximately 22 feet before landing on the concrete surface.  The employee was transported to the Carolinas Medical Center, where he was transferred to Charlotte via helicopter and was pronounced deceased. ",,
450,5/31/2017,,,,V,V,Male,Employee,"Bruising, Contusion","At 2:30 p.m. on May 31, 2017, an employee was climbing down a ladder.  The employee slipped and fell from the ladder, striking their head to the ground. The employee was killed. ",,
451,5/30/2017,,,,V,V,Male,Employee,"Bruising, Contusion","At 12:45 p.m. on May 30, 2017, an employee was walking across a driveway that was in the process of being paved.  A dump truck was backing up the driveway to dump asphalt onto the paving machine.  In this process, the dump truck backed over the employee.  The employee received multiple fractures and major trauma to his body from being ran over by the dump truck, and was killed. ",,
452,5/30/2017,,,,V,V,Male,Employee,"Fracture, Broken Bones","At 12:30 p.m. on May 30, 2017, an employee was attempting to pull a steel mat back to the form so it could be tied into place.  He had double wrapped the tie wire around the steel, and was using a 2 by 4 for leverage. He was tied off with one of his lanyards and his positioning hook.  Both items were attached to the same location on the vertical bar beneath the first horizontal bar.  The 2 by 4 snapped causing the employee to lose balance and fall backwards.  The force from the board breaking and the employee falling backwards pulled upwards on the attachment point breaking the wires which were tied around the rebar. This forced the horizontal bar upward allowing the positioning hook and lanyard to slip off the vertical and horizontal steel rebar.  The employee fell approximately 21 feet and was killed from head and internal injuries. ",,
453,5/30/2017,,,,V,V,Female,Employee,Serious Fall/Strike,"On May 30, 2017, an employee came to work on Sunday to clean as is customary. The employee went home with respiratory issues.  He had stated that he was not feeling well. Employee was taken to the physician by his brother, from there he was transferred to the hospital by ambulance.  The employee went into respiratory and cardiac arrest and died from possible chemical exposure to chlorine. ",,
454,5/30/2017,,,,V,V,Male,Employee,Serious Fall/Strike,"At 10:01 a.m. on May 30, 2017, an employee was struck by a forklift as it was backing out of a truck that was being loaded with wooden pallets. The driver backed out of a truck at the dock, turned, and struck the employee, sending him to the ground. The employee sustained multiple injuries to his left leg, knee, and foot. On May 30, 2017 at 5:30 am, the employee died at home. It was reported that his lungs filled with fluid and he suffered a heart attack. ",,
455,5/30/2017,,,,V,V,Male,Employee,Head Trauma,"At 7:00 p.m. on May 30, 2017, an employee was attempting to move a heavy metal injection mold used for manufacturing plastic parts, when it fell off a shelf and struck him.  The employee received critical injuries to his head and chest, and died on June 2, 2017.  According to Medical Examiner, the cause of death was blunt force injury to the head. ",,
456,5/30/2017,,,,V,V,Male,Employee,Heat Exhaustion,"At 6:00 p.m. on May 30, 2017, an employee was working in a filed picking eggplants.  The employee was found unresponsive on the ground.  Cause of death was possible heat stoke (pending toxicology report). The employee's core temperature was unknown. ",,
457,5/30/2017,,,,V,V,Male,Employee,Serious Fall/Strike,"At 1:45 p.m. on May 30, 2017, an employee was operating the industrial magnetic based drill.  The employee's safety vest vest was caught-in the drill mechanism. The employee became tangled, choked and he was killed. ",,
458,5/29/2017,,,,V,V,Male,Employee,"Fracture, Broken Bones","At 10:00 a.m. on May 29, 2017, a 38 year old male employee, was working on the ground to clean and chip brush. There were two employees climbing in a tree to trim it at a residential home. One climber looked down toward the ground to check before performing a cut and saw the employee lying on the ground. The climber yelled to the other climber and they responded, finding blood on the back of the injured employee's head. Emergency services were called and the injured employee was transported to a hospital. The employee was hospitalized and later died from a fractured skull. ",,
459,5/29/2017,,,,V,V,Male,Employee,Serious Fall/Strike,"At 3:00 a.m. on May 29, 2017, an employee was connecting a wire cable to the block of a drilling rig. The employee connecting a rope cable from a winch on a pickup truck to the block of a drilling rig was entangled. The employee was caught in between the cord and the winch and was killed.. ",,
460,5/29/2017,,,,V,V,Male,Employee,"Fracture, Broken Bones","At 1:30 p.m. on May 29, 2017, an employee was changing a seal on a power swivel.  The rigging chain on the tong broke, striking the employee in the side of his head. The employee suffered a fractured skull and was killed. ",,
461,5/28/2017,,,,V,V,Male,Employee,Serious Fall/Strike,"At 4:15 p.m. on May 28, 2017, an employee was installing metal roof panels approximately 24 feet above ground level.  The employee was using a drill to screw metal roof panels onto structural beams.  The employee was working with his back to the edge of the roof, stepped back, and fell from the roof onto the concrete.  The employee was not wearing safety harness.  Fall protection was not provided. The employee was killed from crushing injuries to the head. ",,
462,5/27/2017,,,,V,V,Female,Employee,Head Trauma,"At 1:30 p.m. on May 27, 2017, an employee was cutting an 18-inch oak tree limb.  The employee was knocked off of the tree by lifelines getting caught by the falling limb being cut away. The climber fell and struck his face into the trunk of the tree and was asphyxiated after hanging in place for over 2 hours. ",,
463,5/26/2017,,,,V,V,Male,Employee,"Fracture, Broken Bones","At 10:22 a.m. on May 26, 2017, an employee was removing roof panels.  The employee fell through a roof opening, struck his head on a concrete floor and was killed. ",,
464,5/25/2017,,,,V,V,Male,Employee,Serious Fall/Strike,"At 5:00 a.m. on May 25, 2017, an employee was cleaning a kitchen hood using a degreaser and other cleaning agents.  According to coworkers, at the end of his work schedule, the worker felt dizzy and with shortness of breath. An ambulance was called, and the worker died on the way to the hospital. The employer was not at the site at the time of the  incident. ",,
465,5/25/2017,,,,V,V,Male,Employee,"Fracture, Broken Bones","At 4:00 p.m. on May 25, 2017, an employee was performing cleanup of a work area.  The employee fell through a floor opening/shaft.  The employee struck rocks on the ground, received head trauma and broken bones and was killed. ",,
466,5/25/2017,,,,V,V,Male,Employee,Fire Burn,"At 3:15 p.m. on May 25, 2017, two employees were preparing hot plates to use during fusion of plastic piping.  Other workers at the site were backfilling a trench.  Other workers at the site were welding and using oxyacetylene torches to connect steel piping in a trench.  The piping was connected to a crude oil tank that had been partially emptied, but not washed out or vented.  Flammable vapors ignited and three crude oil tanks exploded.  Flash fire spread to area of trench, resulting in 4th degree burns and killing one worker. Three workers sustained third degree burns and were hospitalized. Two workers sustained first and second degree burns, and were treated and released. ",,
467,5/24/2017,,,,V,V,Male,Employee,Serious Fall/Strike,"At approximately 10:48 on May 24, 2017, Employee #1, the owner, and another employee were in the process of neutralizing an empty MP85 odorant tank. The odorant tank had previously been filed with tertiary butyl mercaptan.  The odorant tank was filled with 6% sodium hypochlorite solution.  The group was in the process of setting up the equipment to drain the odorant tank when the odorant tank exploded.  The owner and Employee #1 were standing at the base of the tank while the other employee was standing on a ladder.  Employee #1 and the owner received fatal injuries, and the other employee was lift-flighted to the hospital.  Employee #1 and the owner were pronounced dead at the scene. ",,
468,5/24/2017,,,,V,V,Male,Employee,Serious Fall/Strike,"At 10:00 a.m. on May 24, 2017, an employee was tasked with wrapping shrink wrap around used residential water heaters which were then taken to a recycling facility.  While sitting down taking a break under a shade structure, the employee started having chest pains and numbness on his left side. The employee had a heart attack and died. ",,
469,5/24/2017,,,,V,V,Male,Employee,Serious Fall/Strike,"At 6:50 a.m. on May 24, 2017, an employee was driving his truck.  He was observed having a seizure just before he left the storage yard.  The employee had a fatal heart attack. ",,
470,5/24/2017,,,,V,V,Male,Employee,Laceration,"At 2:43 p.m. on May 24, 2017, an employee was picking up tree limbs when an approximately 150 foot tree uprooted and struck employee on the head.  The impact from the blow threw the employee onto the ground.  The employee's head struck a sharp rock.  Employee was wearing his issued hard hat.The employee was killed by being struck on the head by a falling tree, and then being thrown down onto a rock. ",,
471,5/24/2017,,,,V,V,Female,Employee,Serious Fall/Strike,"At 1:45 p.m. on May 24, 2017, an employee was running a string trimmer (Weed eater) to cut down weeds.  The employee complained to a coworker that the heat was getting to him (85 degrees outside) then collapsed. The coworker performed CPR until paramedics arrived approximately 15 minutes later.  The employee died from a possible heart attack. ",,
472,5/24/2017,,,,V,V,Male,Employee,Serious Fall/Strike,"At 1:00 p.m. on May 24, 2017, a employee was directing a crane operator while standing inside an excavation for new cesspool installation.  The ground gave away and collapsed.  The employee fell in hole, and was engulfed.  The employee was killed. ",,
473,5/24/2017,,,,V,V,Male,Employee,"Fracture, Broken Bones","At 1:25 p.m. on May 24, 2017, an employee was operating a lift truck.  The employee fell while in the process of picking merchandise out of a rack from an elevated lift truck.   A video of the accident showed the employee elevating the lift truck, without parking it close to location of the pick. The employee is observed apparently kneeling in the operator's cabin of the lift truck, then he is observed falling head first through the gap in between the elevated position of the lift truck and the rack.  The employee had been trained and certified in the safe operation of the lift truck, and fall protection had been provided.  The employee was not wearing fall protection at the time of the accident.  The employee had a pre-existing heart condition and fell a distance of 15 feet and 3 inches to floor level. The employee died as a result of his injuries. ",,
474,5/24/2017,,,,V,V,Male,Employee,Serious Fall/Strike,"At 1:15 p.m. on May 24, 2017, an employee was nailing a second floor window into place.  The employee was on the outside of the structure standing on a 32 feet extension ladder when reportedly he lost his balance and fell.  The ladder was reportedly placed inside a 30 foot long construction dumpster among the trash and debris which possibly caused the ladder to slip.  The employee was killed by impact when hitting the ground. ",,
475,5/23/2017,,,,V,V,Male,Employee,Head Trauma,"On May 23, 2017, an employee was climbing an extension ladder with a packet of roofing shingles. The employee tripped or slipped and fell 18 feet to a concrete slab. The employee was killed. ",,
476,5/23/2017,,,,V,V,Male,Employee,"Fracture, Broken Bones","At 10:00 a.m. on May 23, 2017, an employee was riding on the back of a pickup truck and fell.  The employee struck his head on the ground and fractured their skull. The employee was hospitalized and treated for his injuries. ",,
477,5/23/2017,,,,V,V,Male,Employee,Serious Fall/Strike,"At 3:30 p.m. on May 23, 2017, and employee was setting up a drip irrigation system.  The employee was not feeling well, and was taken to a trailer to rest.  The employee had cardiac arrest while he was cooling off in the trailer. The employee suffered fatal heart attack while at work. ",,
478,5/23/2017,,,,V,V,Male,Employee,"Bruising, Contusion","At 1:00 p.m. on May 23, 2017, an employee working in a construction zone was struck and killed by a motor vehicle. The driver didn't yield to workers in a construction zone. ",,
479,5/22/2017,,,,V,V,Male,Employee,Serious Fall/Strike,"At 12:15 p.m. on May 22, 2017, an employee was hitching up a tandem trailer rig. The employee backed the truck and first trailer into a second trailer and then exited the cab to hitch the second trailer.  The parking brake in the truck was not engaged and the working surface had a slight upward incline.  As the trailer was hooked up and the employee hooked up the air brakes, both trailers rolled backwards approximately 8 feet. The first and second trailers jack knifed into one another and the employee was crushed and killed. ",,
480,5/22/2017,,,,V,V,Female,Employee,Serious Fall/Strike,"At 12:45 p.m. on May 22, 2017, an employee was removing a tree top. As the tree top fell, the employee used a rope system to control the tree's rate of descent. The employee was pulled into the tree base and struck in the head by its falling portion. The employee was killed as a result. ",,
481,5/22/2017,,,,V,V,Male,Employee,"Fracture, Broken Bones","On May 22, 2017, an employee was killed while standing beside a conveyor when he was struck by a fallen log. ",,
482,5/22/2017,,,,V,V,Male,Employee,Laceration,"At 11:00 a.m. on May 22, 2017, an employee was removing a round metal sign from the outside of  a twostory building.  Other employees were painting curbs on the other side of the parking lot.  The employee accessed the metal sign by erecting a 24 foot aluminum extension ladder, and leaned it against the side of the building just to the east of the building's double glass doors. He used a Milwaukee Sawzall reciprocating power saw to cut the bolts or rivets holding the sign onto the side of the building. During the cutting, the employee fell 16 feet to the concrete sidewalk where he'd spread a drop cloth. A witness sitting in his car waiting to pick up his wife noticed the employee was struggling on the ladder with the saw and the sign. As the sign broke free from the wall, the employee fell about 16 feet. He suffered multiple fractures and dislocations to both arms, fractured ribs, facial and cranial fractures, fractured vertebrae in his neck, and hematoma.  The employee was hospitalized and underwent surgery; however, he died on July 1, 2017 from a pulmonary embolism received due his injuries and lack of mobility following release from the hospital. ",,
483,5/22/2017,,,,V,V,Male,Employee,Laceration,"At 10:50 a.m. on May 22, 2017, an employee was assisting a coworker to hand carry a metal panel, measuring 3 feet by 10 feet, to affix to a roof. As the employee held the panel and was walking backwards, he stepped on top of weak roof area used as skylight with fiberglass panel versus steel panel. As a result, the employee fell approximately 15 to 20 feet to a concrete floor below. The employee sustained head and neck trauma , lacerations, and was killed. The incident investigation revealed that the coworker was leading the employee who could not see where he was walking. ",,
484,5/22/2017,,,,V,V,Male,Employee,Electrocution,"At 9:15 a.m. on May 22, 2017, two employees were setting up a 40 foot extension aluminum ladder. As the employees leaned the ladder onto a 13,800 volt power line, one employee was electrocuted, while the other sustained an electric shock, which he was hospitalized and received treatment for burns to his feet and legs. ",,
485,5/22/2017,,,,V,V,Male,Employee,Serious Fall/Strike,"At 5:00 p.m. on May 22, 2017, an employee was operating a rideon zeroturn lawnmower (model number: 992278; serial number: 051129) along the side of a ditch. During operation, the mower rolled rolled over into the ditch and pinned the employee underneath. The employee was found dead 4.5 hours later. After further evaluation by the medical personnel, his death was attributed to asphyxiation and/or drowning. ",,
486,5/22/2017,,,,V,V,Male,Employee,Serious Fall/Strike,"At 3:00 p.m. on May 22, 2017, an employee hit his right elbow as he slipped on the second step of a stairwell. The employee had mud on bottom of boots due to wet conditions from the previous day  and was swatting at bugs. The employee did not want go to the hospital,  but his coworkers took him anyway. After being admitted to the hospital and treated for his elbow, the employee was released. However, while getting ready to leave, he started feeling dizzy and had trouble catching his breath. The employee gasped for air and then suffered a seizure/heart attack and later died. ",,
487,5/21/2017,,,,V,V,Male,Employee,Laceration,"At 2:30 p.m. on May 21, 2017, an employee and a coworker were transporting two trash containers using a manually-powered carriage. While at the dumpster area, the employee stepped on a 1 inch roofing nail, puncturing his left foot. The employee was hospitalized and received treatment for his injury. ",,
488,5/19/2017,,,,V,V,Male,Employee,"Asphyxiation, Drowning","On May 19, 2017, an employee was operating a logging skidder on a temporary bridge made from logs when the skidder slid off into a pond.  The employee was trapped in the cab of the skidder and was under water for 15 to 20 minutes. While in the cab, the employee went into cardiac arrest. Upon rescue by emergency service personnel, the employee was unresponsive; however, was revived and transported to a nearby hospital, where he later died. ",,
489,5/19/2017,,,,V,V,Female,Employee,Serious Fall/Strike,"At 10:08 on May 19, 2017, an employee was training vines on blackberry plants. Shortly after first break, the employee was observed bending over and holding his chest. He then collapsed and was unresponsive. Emergency services were called and, upon arrival, CPR was administered. However, the employee died as the result of suffering a heart attack. ",,
490,5/19/2017,,,,V,V,Male,Employee,Serious Fall/Strike,"At 7:00 p.m. on May 19, 2017, an employee was driving a tractor with a trailer bed carrying aluminum irrigation pipes. The employee along with a coworker were tasked with picking up the irrigation pipes from the rows and put them onto the trailer, and then transporting the pipes to another location. During work, the employee was run over by the left wheel of the trailer. He sustained crushing injuries to his head, back, and ribs, resulting in his death. ",,
491,5/19/2017,,,,V,V,Male,Employee,Serious Fall/Strike,"At 5:15 p.m. on May 19, 2017, an employee was on his own personal time, working on a drum that previously contained an unknown chemical. With the drum sealed, the employee initiated welding, which caused its lid to blow off. The employee was struck in the head, resulting in his death. ",,
492,5/19/2017,,,,V,V,Male,Employee,Head Trauma,"At 2:15 p.m. on May 19, 2017, an employee was removing roofing material during a building demolition, when he stepped through insulating material and fell to a concrete slab. The employee was killed as a result of suffering multiplebone fractures and a head injury. The incident investigation reported that the employee was wearing a full-body harness, but was not tied off. ",,
493,5/18/2017,,,,V,V,Male,Employee,"Fracture, Broken Bones","At 9:00 a.m. on May 18, 2017, an employee was bending over to pick something up, when he was  struck by a skid steer loader. The employee was killed from crushing injuries. ",,
494,5/18/2017,,,,V,V,Male,Employee,Serious Fall/Strike,"At 8:00 a.m. on May 18, 2017, an employee was working to level the exterior wall panels of a structure. During work, the employee determined that bracing positioned on the interior of the structure needed to be adjusted. As the employee was positioned on the first floor, 11.5 feet above the concrete basement, to make the necessary adjustments, he stepped backwards into an uncovered opening. The opening was intended to be a stairwell and measured 11.9 feet by 3.6 feet. The employee fell 11.5 feet to the ground and was killed. ",,
495,5/18/2017,,,,V,V,Male,Employee,Head Trauma,"At 8:00 a.m. on May 18, 2017, an employee was on a sidewalk shed cleaning windows using a squeegee. During work, a piece of plank, measuring 4 feet long, that the employee was kneeling on became dislodged from its support. The employee fell, along with the plank, approximately 15 feet to the level below and was killed from a fatal head injury. ",,
496,5/18/2017,,,,V,V,Male,Employee,Head Trauma,"At 8:45 a.m. on May 18, 2017, an employee was changing a  cooling fan belt of a Toyota forklift (model number: 02-5PO35). During work, the vehicle fell off the lift it was elevated on and crushed the employee's upper torso. The employee was killed as a result of his injuries. ",,
497,5/18/2017,,,,V,V,Male,Employee,Serious Fall/Strike,"At 5:50 p.m. on May 18, 2017, an employee was removing screws from a billboard sign light cover when he fell 65 feet to ground. The employee suffered blunt trauma to his body, resulting in his death. ",,
498,5/18/2017,,,,V,V,Female,Employee,"Fracture, Broken Bones","At 5:30 p.m. on May 18, 2017, an employee placed 15 pieces of lumber on a sorter machine using a forklift. During operation of the sorting machine, several pieces of lumber flew from the machine and struck the employee. The employee suffered a head injury and fractured right leg, resulting in his death. ",,
499,5/18/2017,,,,V,V,Male,Employee,Serious Fall/Strike,"At 4:30 p.m. on May 18, 2017, an employee was preparing to close out for the end of the day, when he collapsed and died. ",,
500,5/17/2017,,,,V,V,Male,Employee,Electrocution,"At 11:00 a.m. on May 17, 2017, an employee was opening a ground mounted 7.2 kv electrical transformer box.The employee slipped and contacted live parts with his hand. The employee was shocked and killed by the live electrical parts. ",,
501,5/17/2017,,,,V,V,Male,Employee,Serious Fall/Strike,"At 10:25 a.m. on May 17, 2017, an employee was driving a scissor lift through a 8 foot tall door opening and had to cross over a plywood board that covered a 20 inch wide by 6 inch deep drainage ditch. As the employee was crossing the plywood, it snapped and the scissor lift got stuck a ditch that the board was covering. A coworker used another scissor lift to pull the employee and his scissor lift  from the ditch. The stuck scissor lift was freed unexpectedly, ",,
502,5/17/2017,,,,V,V,Male,Employee,Serious Fall/Strike,resulting in the employee's head being crushed between a 6 inch thick concrete wall and the rail of the scissor lift. The employee was killed. ,,
503,5/17/2017,,,,V,V,Male,Employee,Serious Fall/Strike,"At 9:00 a.m. on May 17, 2017, an employee was cutting down a large tree. The tree came off the block, striking the employee in the face. The employee was killed. ",,
504,5/17/2017,,,,V,V,Male,Employee,Laceration,"At 4:00 p.m. on May 17, 2017, an employee was standing on a scaffold system while signaling a crane to place pre-fab roof panels into place. The scaffold was unguarded and the employee fell to the ground, suffering internal injuries and a lacerated heart, resulting in his death. ",,
505,5/17/2017,,,,V,V,Male,Employee,"Fracture, Broken Bones","At 2:30 p.m. on May 17, 2017, an employee was monitoring residents finishing their cigarette break, when a gust of wind caused a tree to break and fall. As the employee shielded the residents from danger, he was struck in the head. As a result, the employee was killed. ",,
506,5/16/2017,,,,V,V,Male,Employee,Serious Fall/Strike,"On May 16, 2017, an employee was mowing the median between the east and west bound lanes of a highway. The John Deer tractor he was operating was pulling a 3 blade mowint deck. As the employee was traveling west bound in the median, he ran over a sink hole that measured approximately 5 feet wide by 7 feet long and 4 feet deep. The employee hit his head on the upper canopy (or canopy bars) of the tractor and was knocked unconscious. The tractor traveled approximately 26 feet before the employee fell out of the left side of the vehicle and was run over by the tractor and its mower blades.  The employee was killed as a result of his injuries. ",,
507,5/16/2017,,,,V,V,Female,Employee,Fire Burn,"On May 16, 2017, two employees (one a permanent employee, one a temporary employee) were cleaning (blowing down) the combustible wood fiber/dust from the area surrounding reversing belt #3.  A combustible dust explosion occurred at the facility, and the two employees were taken to burn centers.  One employee succumbed to his injuries. ",,
508,5/16/2017,,,,V,V,Male,Employee,Serious Fall/Strike,"At noon, on May 16, 2017, a temporary employee was working for a hatchery. During work, he became ill and emergency services were contacted.  The employee became unconscious, which emergency service personnel attempted to resuscitate the employee for 20 minutes. The employee passed died on site. The employee's cause of death was diagnosed as Mitral Valve Prolapse, likely a preexisting medical condition. ",,
509,5/16/2017,,,,V,V,Male,Employee,Head Trauma,"At 11:30 a.m. on May 16, 2017, an employee was taping, mudding, and smoothing drywall while on a rolling scaffold. The employee fell from the scaffold, suffering a hemorrhagic stroke and epidural hematoma, and was killed. ",,
510,5/16/2017,,,,V,V,Male,Employee,Head Trauma,"At 10:30 a.m. on May  15, 2016, an employee was working from a scaffold deck to lay bricks. During work, he slid off the outrigger support and fell 41.3 feet. The employee struck the concrete floor below and hit his head on a steel beam and was killed. ",,
511,5/16/2017,,,,V,V,Male,Employee,"Asphyxiation, Drowning","At 5:15 p.m. on May 16, 2017, an employee was preparing to paint a car. The employee hooked up his airline respirator to a nitrogen hose instead of to the compressed air hose, resulting in the employee suffering asphyxiation. ",,
512,5/16/2017,,,,V,V,Male,Employee,Serious Fall/Strike,"At 2:45 p.m. on May 16, 2017, an employee was performing paving near railroad tracks. The employee stood up during a break and subsequently fell to the ground. The employee was hospitalized. ",,
513,5/16/2017,,,,V,V,Male,Employee,"Asphyxiation, Drowning","At 1:00 p.m. on May 16, 2017, an employee was blending soy beans from one silo to another. Afterwards, the employee cleared a jam in a grain shoot generated by the soy beans, resulting in him being engulfed and killed by the soy beans. ",,
514,5/16/2017,,,,V,V,Male,Employee,"Fracture, Broken Bones","Atg 1:00 p.m. on May 16, 2017, an employee was using a tape measure to get a measurement inside of an unprotected excavation, measuring approximately 6.5 feet deep, when it collapsed. The employee was struck in the midsection by the collapsing excavation wall and became buried. The impact of the falling earth crushed the employee's internal organs, including rupturing his aorta. He suffered severe internal bleeding and was killed. ",,
515,5/15/2017,,,,V,V,Male,Employee,Serious Fall/Strike,"At 12:00 p.m. on May 15, 2017, an employee was discovered unconscious in a portable toilet. The employee could not be revived and was determined dead from an apparent drug overdose. Drug paraphernalia was found on the employee's person. ",,
516,5/15/2017,,,,V,V,Female,Employee,Serious Fall/Strike,"At 11:15 a.m. on May 15, 2017, an employee, who was the owner, was using a scissor lift to perform plumbing work. As he was elevated to 26 feet, working on plumbing lines on the ceiling inside a commercial building, one of the lift's wheels rolled into a ditch. The lift fell to the side, ejecting the employee head first on to the concrete floor. A coworker, who was a subcontractor, observed the incident and came to the employee's aid, as well as outside workers that heard the impact of the lift striking the concrete floor. Despite the immediate response, the employee was killed in the fall. ",,
517,5/15/2017,,,,V,V,Male,Employee,Serious Fall/Strike,"At 11:45 a.m. on May 15, 2017, an employee was driving a John Deere ""Gator"" when he struck an outside wall of a pole barn. The employee was crushed and died from asphyxiation. ",,
518,5/15/2017,,,,V,V,Male,Employee,Serious Fall/Strike,"At 11:30 a.m. on May 15, 2017, an employee was cutting a tree from a basket truck. While the employee was cutting a tree, he decided to tie it to the basket of the truck. As the tree fell, its weight pulled the employee from the bucket. The employee fell approximately 40 to 50 feet and was killed. ",,
519,5/15/2017,,,,V,V,Male,Employee,Serious Fall/Strike,"At 10:00 a.m. on May 15, 2017, a security officer was out on routine patrol at a downtown business parking structure in Bloomington, IL. The employee was found unresponsive on the first level of the parking garage by two coworkers walking to their cars. The employee died as a result of head injuries sustained in a fall. ",,
520,5/15/2017,,,,V,V,Male,Employee,Head Trauma,"At 9:00 a.m. on May 15, 2017, an ironworker was installing steel decking on a newly constructed commercial building. During the decking operations the employee fell approximately 40 feet to the ground. The employee died as a result of his injuries. ",,
521,5/15/2017,,,,V,V,Male,Employee,Head Trauma,"At 7:15 a.m. on May 15, 2017, an employee was pouring concrete. While pouring concrete, he was  placing concrete that had a failure in the concrete pump and the end section fell on the employee. The employee was killed from blunt force injuries to his upper back. ",,
522,5/14/2017,,,,V,V,Male,Employee,Serious Fall/Strike,"At 8:00 p.m. on May 14, 2017, an employee was sitting down on a bench. He fainted and fell on the  platform floor on the 207th Street Terminal (A Line). The employee died from cardiac arrest. ",,
523,5/13/2017,,,,V,V,Male,Employee,Serious Fall/Strike,"At 9:00 a.m. on May 13, 2017, an employee was winding the tie down straps on the flatbed trailer while a coworker offloaded bundles of fencing pipes weighing approximately 1,400 lbs from the trailer with a forklift.  The employee was struck by a bundle of fencing material that slid off the trailer and suffered several fractures.  The employee later died from his injuries. ",,
524,5/13/2017,,,,V,V,Male,Employee,Serious Fall/Strike,"At 5:30 p.m. on May 13, 2017, an employee was taking the gear box of an shredder to replace its bearings. As the shredder was raised approximately 3 feet above the ground by a jack and blocks, a malfunction occurred. The shredder fell and struck the employee in the head, killing him. ",,
525,5/11/2017,,,,V,V,Female,Employee,"Bruising, Contusion","On May 11, 2017, two employees were handing a door through a window from a platform elevated by a forklift and the platform tilted.  Both employees fell with the platform and Employee #1 was killed and Employee #2 was hospitalized. ",,
526,5/11/2017,,,,V,V,Male,Employee,Serious Fall/Strike,"At 11:52 a.m. on May 11, 2017, an employee was standing on the forks of the forklift that were being lifted up.  The employee was crushed between the forklift backrest and the truck as the forklift moved forward.  The employee was killed from crushing injuries to the head. ",,
527,5/11/2017,,,,V,V,Male,Employee,Head Trauma,"At 6:15 a.m. on May 11, 2017, an employee was walking next to his tow truck along the shoulder towards a disabled vehicle to load it on his tow truck. The employee was struck by a minivan, suffered crushing injuries, and had one of their legs amputated when struck.  The employee was killed. ",,
528,5/11/2017,,,,V,V,Male,Employee,Serious Fall/Strike,"At 5:15 p.m. on May 11, 2017, an employee was using a power stocker lift to stock merchandise.  The employee fell from the lift and was killed. ",,
529,5/11/2017,,,,V,V,Male,Employee,Serious Fall/Strike,"At 3:00 p.m. on May 11, 2017, an employee was working in a small family-owned gift shop and suffered a stroke.  The County Coroner issued a finding that the employee died from a pre-existing medical condition. ",,
530,5/10/2017,,,,V,V,Male,Employee,Laceration,"At 9:15 a.m. on May 10, 2017, an employee was unloading a feed truck at a hog lot while standing on a ladder.   The employee fell and hit the left side of their head on the back end of the trailer, killing the employee. ",,
531,5/10/2017,,,,V,V,Male,Employee,Serious Fall/Strike,"At 9:00 a.m. on May 10, 2017, and employee was inside an existing garage standing on an elevated unguarded storage area looking for materials.  The employee stepped onto a 3/8 inch thick board that was hanging over the edge of the platform and fell approximately 8 feet to the cement floor, killing the employee ",,
532,5/10/2017,,,,V,V,Male,Employee,"Bruising, Contusion","At 8:30 a.m. on May 10, 2017, an employee was working as a garbage worker and walked to some trash cans that were standing behind a garbage truck.  The employee was struck by the garbage truck and crushed under the rear tires as it was driven while in reverse.  The employee was killed. ",,
533,5/9/2017,,,,V,V,Male,Employee,"Fracture, Broken Bones","At 6:30 p.m. on May 9, 2017, an employee was trying to stabilize a load of freight inside a trailer.  The employee climbed on top of the load and instructed a coworker to move the load into the trailer while they were on top.  The employee fell approximately 5 feet onto the trailer floor and was hospitalized with several fractured ribs.  The  employee died several days later due to complications from their injuries. ",,
534,5/9/2017,,,,V,V,Female,Employee,Serious Fall/Strike,"At 2:35 p.m. on May 9, 2017, an employee was driving an Isuzu box truck west on Highway 6 after making a delivery.  The employee was navigating a left hand curve when the truck crossed the centerline and struck an eastbound chip truck.  The initial report did not provide specifics or contain a description of injuries. ",,
535,5/8/2017,,,,V,V,Male,Employee,Serious Fall/Strike,"At 6:30 p.m. on May 8, 2017, an employee was installing a metal roof deck and fell approximately 30 feet to the ground.  The employee was killed from their injuries. ",,
536,5/8/2017,,,,V,V,Male,Employee,Serious Fall/Strike,"At 4:12 p.m. on May 8, 2017, an employee was caught in or between and was killed. No additional information or specifics were provided regarding this incident. ",,
537,5/7/2017,,,,V,V,Male,Employee,Laceration,"At 12:15 p.m. on May 7, 2017, an employee was stretching a protective membrane over the top of a commercial roof structure.  The employee fell approximately 28 feet from the roof and struck the ground.  The employee was killed as a result of their injuries. ",,
538,5/7/2017,,,,V,V,Male,Employee,"Fracture, Broken Bones","At 1:30 p.m. on May 7, 2017, an employee was cutting the top off of a dead tree so that it could be removed.  The employee fell from the tree as he moved down the tree to make a new cut and was killed when they struck the ground. ",,
539,5/5/2017,,,,V,V,Male,Employee,Serious Fall/Strike,"On May 5, 2017, an employee was lifting a pallet of bundled 2 by 4 with a forklift and turned the forklift.  The employee was pinned to the road when the forklift toppled over and was crushed. ",,
540,5/5/2017,,,,V,V,Male,Employee,Serious Fall/Strike,"At 12:45 p.m. on May 5, 2017, an employee was landscaping some vegetation at the Waste Water Treatment Plant.  The employee was driving a sit-down riding TORO Mower (Model No. 74901, Serial No. 312000158) at the banks of DuPage River.  The employee was pinned by the mower when it turned over and the employee was submerged in the river.  The employee drowned. ",,
541,5/5/2017,,,,V,V,Male,Employee,"Asphyxiation, Drowning","At 11:30 a.m. on May 5, 2017, an employee was spraying weeds from a 6 by 6 ATV.  The employee lost control and was caught underneath the ATV when it rolled over.  The employee was killed. ",,
542,5/5/2017,,,,V,V,Male,Employee,"Bruising, Contusion","At 2:31 p.m. on May 5, 2017, two employees were clearing a tree that fell across a road.  Both employees were struck by a vehicle.  Employee #1 was thrown approximately 17 feet and pronounced dead at the scene once paramedics arrived.  Employee #2 was transported to IU Health Bloomington.  No further information was provided regarding Employee #2's condition or injuries. ",,
543,5/4/2017,,,,V,V,Female,Employee,Laceration,"At 12:30 p.m. on May 4, 2017, an employee was staging plumbing tools and materials on a roof.  The employee stepped on an unprotected/unguarded semi-translucent corrugated fiberglass sky light panel and fell 16.5 feet to the concrete slab.  The employee suffered crushing injuries to their body and head and was killed onsite. ",,
544,5/4/2017,,,,V,V,Male,Employee,Serious Fall/Strike,"At 10:30 a.m. on May 4, 2017, an employee was shoveling weeds in a pistachio orchard with a coworker.  The employee started to cramp as he worked and his foreman placed the employee in the truck cab with the air conditioning running.  The employee started mumbling after about 15 minutes and the foreman drove him to a nearby clinic.  The employee was transferred by ambulance to Madera Community Hospital where the employee died later that evening  from a subarachnoid hemorrhage (brain bleed). ",,
545,5/4/2017,,,,V,V,Male,Employee,Head Trauma,"At 7:00 p.m. on May 4, 2017, an employee was caulking the walls and ceilings of two homes as part of a single-family home development project.  The employee had been part of a work crew but was working by himself.  One of his coworkers discovered him lying on the bathroom floor and was unresponsive. The employee was transported to Urgent Care where he removed in a coma before being pronounced dead the following evening.  The employee sustained multiple rib fractures, a fractured skull ,and brain bleed and were consistent with a fall. ",,
546,5/4/2017,,,,V,V,Male,Employee,Electrocution,"At 4:45 p.m. on May 4, 2017, an employee was locating an underground gas line. The employee may have been electrocuted when struck by an electrical power cable that was swinging due to heavy winds from bad weather. ",,
547,5/3/2017,,,,V,V,Male,Employee,Serious Fall/Strike,"At 11:00 a.m. on May 3, 2017, an employee was installing a hardiebaker board when he fell from the mobile scaffold to the ground.  The employee was killed onsite. ",,
548,5/3/2017,,,,V,V,Male,Employee,Serious Fall/Strike,"At 10:00 a.m. on May 3, 2017, an employee was standing when they were struck by a vehicle and was killed.  No further specifics were included in the initial report. ",,
549,5/3/2017,,,,V,V,Male,Employee,"Bruising, Contusion","At 9:15 p.m. on May 3, 2017, an employee was working on the second floor of an evaporator.  The sight glass was broken and the employee had their left arm sucked into the evaporator by the vacuum.  The employee was killed. ",,
550,5/3/2017,,,,V,V,Male,Employee,Serious Fall/Strike,"At 8:45 p.m. on May 3, 2017, an employee pulled his forklift into a press area and told his supervisor that he was not feeling well.  The supervisor walked the employee into the die shop and the employee collapsed.  CPR was administered with no response. ",,
551,5/3/2017,,,,V,V,Male,Employee,Dislocation,"At 6:15 a.m. on May 3, 2017, an employee had started a 2000 Peterbilt Tractor to supply air to the spring brakes so they could be changed.  The employee was struck by the tractor when the brakes released and was run over, killing him. ",,
552,5/3/2017,,,,V,V,Female,Employee,Serious Fall/Strike,"At 2:30 p.m. on May 3, 2017, an employee was supervising crews that were harvesting vegetables.  The employee was ill and became dizzy, fainted, lost consciousness, and died. ",,
553,5/2/2017,,,,V,V,Male,Employee,Serious Fall/Strike,"At 1:00 a.m. on May 2, 2017, an employee was operating a track hoe feeding a concrete crusher.  The employee was crushed when he climbed into the crusher's feed hopper and fell into the crushing chamber while it was operating. ",,
554,5/2/2017,,,,V,V,Male,Employee,Serious Fall/Strike,"At 9:00 a.m. on May 2, 2017, an employee was moving some earth from a hill in preparation for residential construction and was operating a Caterpillar 651B scraper, serial #067K00455.   The employee lost control of the scraper while traveling up a hill.  The scraper stopped and began rolling back down the hill approximately 150-200 feet.  A coworker was following the first scraper and began backing away when both vehicles collided.  Paramedics responded and provided treatment for multiple head injuries to the employee onsite but later declared the employee dead at the scene. ",,
555,5/2/2017,,,,V,V,Male,Employee,"Bruising, Contusion","At 8:00 a.m. on May 2, 2017, an employee was removing old network protectors from a University Hospital concrete electrical system vault that was staged at the bottom of the vault.  The employee was standing at the ground-level opening of the vault alongside a metal grate covering the opening and signaled a boom truck operator to pick up a 13 inch grate he had attached onto the crane's hook.  The employee fell approximately 23 feet when the grate gave way as the crane started to pick up a second piece of grating.  The employee suffered multiple head, facial , and extremity fractures  as well as internal injuries. ",,
556,5/2/2017,,,,V,V,Male,Employee,Head Trauma,"At 6:45 p.m. on May 2, 2017, an employee was taking photos of the work completed on a cell tower and fell 220 feet.  The employee was killed at the scene. ",,
557,5/1/2017,,,,V,V,Male,Employee,"Bruising, Contusion","At 11:27 a.m. on May 1, 2017, an employee was using a pneumatic nail gun to perform sheathing work on the east facing exterior of the residential building from a portable extension ladder.  The employee fell and landed on some water pipes approximately 12 feet when the ladder collapsed. ",,
558,5/1/2017,,,,V,V,Male,Employee,Serious Fall/Strike,"At 10:56 a.m. on May 1, 2017, two employee were transporting two inmates back from the Pottawattamie County courthouse to Pottawattamie County Jail.  Both employees were shot by an inmate with a firearm. ",,
559,5/1/2017,,,,V,V,Male,Employee,"Fracture, Broken Bones","At 8:30 a.m. on May 1, 2017, an employee was removing a pipe from a rail car. The employee attempted to carry a large pipe from the top of a rail car and fell off.  The employee received fractures to face and wrists. ",,
560,5/1/2017,,,,V,V,Male,Employee,Chemical Burn,"At 2:30 p.m. on May 1, 2017, an employee was working on the top of the plating tank to fix jammed hoist.  The employer is a full service printed circuit board manufacturer providing semiconductor industry PCB Design, Fabrication, and Assembly.   Employee #1 was operating equipment at Cuposit plating line inside the production area. During the plating process the panel loaded on a hoist got jammed on tank #4. Employee #1 climbed on top of plating tank and performed maintenance work. When he was going down his left foot slipped and went inside the plating tank containing hot chemical mixtures. Employee #1 was transported to the hospital in San Jose for treatment of chemical burns. ",,
561,5/1/2017,,,,V,V,Female,Employee,"Amputation, Crushing","At 2:00 p.m. on May 1, 2017, an employee was setting up the Ram form machine. The employee's hand was in between the blocks when the employee activated the machine by using the foot pedal, amputating the employees thumb, index and middle fingers. ",,
562,4/30/2017,,,,V,V,Male,Employee,"Asphyxiation, Drowning","On April 30, 2017, one employee was killed and another employee was hospitalized for asphyxia. No other details were provided. ",,
563,4/30/2017,,,,V,V,Male,Employee,Laceration,"At 11:15 a.m. on April 30, 2017, Employee #1 was installing metal sheeting on a roof and using a wooden walk board. The employee stumbled and fell, fracturing his ribs, and sustaining a lung contusion and scalp laceration. Employee #1 was hospitalized for his injuries. ",,
564,4/29/2017,,,,V,V,Male,Employee,"Fracture, Broken Bones","At 7:50 a.m. on April 29, 2017, Employee #1 was installing conduit. The employee completed his work and removed his lanyard from his personal fall arrest system (PFAS). Employee #1 then fell, landing on the concrete floor below, and fractured his spine and ribs. Employee #1 was hospitalized for his injuries. ",,
565,4/28/2017,,,,V,V,Male,Employee,"Fracture, Broken Bones","At 11:30 a.m. on April 28, 2017, Employee #1 was installing weather proofing on a second floor balcony. The midrail gave way, causing the employee to fall to the floor. Employee #1 sustained head trauma, a broken back and internal injuries. The employee was hospitalized for treatment. ",,
566,4/28/2017,,,,V,V,Male,Employee,Laceration,"At 11:07 a.m. on April 28, 2017, Employee #1 was performing demolition work at a building site. During work, a plate glass window fell onto the employee, cutting his leg. Employee #1 was hospitalized for his injury. ",,
567,4/28/2017,,,,V,V,Male,Employee,Serious Fall/Strike,"At 10:00 a.m. on April 28, 2017, a homeless person was on the public sidewalk and he was found under a collapsed scaffold that was constructed on the side walk to protect the public. It is unknown as to why the scaffold collapsed. ",,
568,4/28/2017,,,,V,V,Male,Employee,"Fracture, Broken Bones","At 9:00 a.m. on April 28, 2017, Employee #1 was standing on an extension ladder installing a drip edge onto a house using a handheld nailer. The extension ladder was leaning against the fascia of the house. During work, the ladder shifted and fell off the fascia through the house. Employee #1 fell off the ladder with the nailer still in his hand. Employee #1 sustained a fractured back with possible paralysis, and was hospitalized for his injuries. ",,
569,4/28/2017,,,,V,V,Male,Employee,"Fracture, Broken Bones","At 8:20 a.m. on April 28, 2017, three employees had set up their tools in order to start rolling trusses on a house under construction.  After tools were set up they decided to take a break.  Employee #1 did not show up for break and was subsequently discovered on the ground.  The employee was taken to the hospital and on at 11:19 a.m. on May 13, 2017, Employee #1 family had him removed from life support. Employee #1 died from medical sequelae of blunt cervical trauma per the Clark County Medical Examiner. ",,
570,4/28/2017,,,,V,V,Female,Employee,"Asphyxiation, Drowning","At 4:45 p.m. on April 28, 2017, an employee was stripping a bathtub in an apartment using Napco White Lightning Low Odor Stripper. The employee was found dead slumped over the bathtub. The employee inhaled methylene chloride, which was in the Napco White Lightning Low Odor Stripper. ",,
571,4/28/2017,,,,V,V,Male,Employee,Serious Fall/Strike,"At 2:00 p.m. on April 28, 2017, an employee working on computer passed out and struck head on furniture. The employee was killed from acute cardiopulmonary insufficiency. ",,
572,4/28/2017,,,,V,V,Male,Employee,"Asphyxiation, Drowning","At 2:00 p.m. on April 28, 2017, an employee was disengaging the linkage of a 4 by 4 SUV vehicle that he was repossessing.  The employee left the tow truck in drive gear. Once he performed the task underneath the vehicle that he was towing the tow truck moved forward and he got caught in between the pavement and the tire of the vehicle that he was towing. The employee was killed from asphyxiation. ",,
573,4/27/2017,,,,V,V,Male,Employee,Serious Fall/Strike,"At 3:30 p.m. on April 27, 2017, while conducting logging activities, an employee was crushed by felled trees that were attached to a cable and being removed by a skidder. The employee died at the scene by the time emergency services arrived at the site. ",,
574,4/27/2017,,,,V,V,Male,Employee,"Fracture, Broken Bones","On April 27, 2017, Employee #1 was standing on a 25 foot aluminum extension ladder, removing old wooden siding from the gable area of a garage. As the employee transitioned from one extension ladder to a neighboring aluminum extension ladder, the second ladder's bottom gave way, causing the employee to ride the ladder down to the asphalt pavement below. Employee #1 sustained crushing injuries to his left heel and ankle, and was hospitalized. ",,
575,4/27/2017,,,,V,V,Male,Employee,"Amputation, Crushing","At 11:00 a.m. on April 27, 2017, Employee #1 was operating a portable table saw, cutting one inch PVC strips for soffit boxing. After a piece of strip became sucked in the spinning blade, Employee #1 reached to retrieve it with one of his hands. That hand contacted the still rotating saw blade and caused severe lacerations to his left index, pointer and ring fingers. Employee #1 was taken to a local hospital where medical staff had to amputate the three fingers due to extensive damage sustained by the rotating saw blade. ",,
576,4/27/2017,,,,V,V,Male,Employee,Laceration,"At 10:45 a.m. on April 27, 2017, Employee #1 was working on the ground cutting logs around a knuckle-boom when a coworker, equipment operator, dropped a log on the Employee #1. Employee #1 was killed from a fractured left femoral artery. ",,
577,4/27/2017,,,,V,V,Male,Employee,"Bruising, Contusion","At 10:30 a.m. on April 27, 2017, Employee #1 was working from a scissor lift to install a couplet on a pipe. During work, the employee drove the lift into a floor opening, causing the lift to roll over. Employee #1 sustained broken bones to his ribs and back, and was hospitalized for his injuries. ",,
578,4/27/2017,,,,V,V,Male,Employee,"Fracture, Broken Bones","At 10:00 a.m. on April 27, 2017, Employee #1 was descending a ladder from a roof. The ladder slipped and the employee fell. No injury details were provided. ",,
579,4/27/2017,,,,V,V,Female,Employee,Serious Fall/Strike,"At 9:45 a.m. on April 27, 2017, an employee was locating an exhaust duct access door, located above the ceiling in the kitchen area. The employee fell off a ladder he was using to access an exhaust duct access door and sustained massive head trauma.  His head struck the ground floor and he was killed. ",,
580,4/27/2017,,,,V,V,Male,Employee,Electrocution,"At 1:00 p.m. on April 27, 2017, Employee #1 was pulling wire through a conduit from a 4 foot deep manhole that was half filled with water. After pulling the wire out of the manhole, the employee received an electrical shock from contacting one of the electrical wires that was energized, operating at 277/480 volts. The electrical panel servicing this line had not been deenergized or locked out. ",,
581,4/27/2017,,,,V,V,Male,Employee,"Fracture, Broken Bones","At 1:00 a.m. on April 27, 2017, Employee #1 was opening the gate of a construction elevator. A load of sheetrock was inside of the elevator, stacked against the back wall near the corner of the cab, which tipped forward. The employee became pinned by the fallen sheetrock and fractured one of his legs. ",,
582,4/26/2017,,,,V,V,Male,Employee,Serious Fall/Strike,"At April 26, 2017,  an inmate started a fire in the common area of Unit Tan 2, Block D on the downstairs level near the right latrine. An inmate stood over the trash can with his back to the surveillance camera and used some unidentified source to ignite the contents of a gray 50 gallon plastic trash can. Once the contents of the trash can were ignited and flames were visible the inmate moved the trash can out of the corner two to three feet along a waist high wall and then walked across the room. A code was announced by the control room officer indicating that a fire was in Unit Tan 2, Block D. Employee #1's office was located outside the entry way of Blocks D, E and F. Employee #1 ran from her office and entered the control room to retrieve an ABC portable fire extinguisher and then went into Block D to fight the fire. As Employee #1 began to extinguish the fire, the inmate who started the fire approached her from behind and started assaulting her.  An inmate riot/disturbance code was called by the control room officer.  In an attempt to escape the assault, Employee #1 turned to her right running away from the inmate, who then reached around her and threw a bowl of liquid into her face causing her to stop. It was when she stopped to attend to her face that the inmate took the fire extinguisher from Employee #1 and started hitting her with it in her head. As Employee #1 fell to the floor the inmate stood over her and continued striking her in the head several more times which resulted in her death. ",,
583,4/26/2017,,,,V,V,Male,Employee,Serious Fall/Strike,"At 12:30 p.m. on April 26, 2017, Employee #1 was operating an All Terrain Vehicle (ATV) Honda TXR-250 when he drove onto the road to travel south bound. The employee was struck by a vehicle traveling in the northbound lane. Employee #1 died in a comma one week later. Employee #1 was wearing a helmet at the time of the accident. ",,
584,4/26/2017,,,,V,V,Male,Employee,"Bruising, Contusion","At 11:35 a.m. on April 26, 2017, Employee #1 was assisting a foreman in the removal of a skylight in preparation for the rest of the crew to patch and cover the existing hole. The employee walked to the area and helped the foreman remove the skylight without using fall protection. When the two lifted the skylight off of the roof curb, Employee #1 fell through the exposed roof opening and landed on a one inch foam cheerleading mat 22 feet below. Employee #1 sustained a fractured left arm, left hip, and multiple fractures to his back. The employee was hospitalized as a result of the injuries. ",,
585,4/26/2017,,,,V,V,Male,Employee,Head Trauma,"At 11:40 a.m. on April 26, 2017, Employee #1 was cutting out a fan housing and shaft. As the employee cut the housing, the shaft came loose, striking Employee #1 and causing him to fall to the floor. The employee sustained a concussion, two broken wrists, and a fractured tail bone. Employee #1 was hospitalized for his injuries. ",,
586,4/26/2017,,,,V,V,Male,Employee,Puncture,"At 10:45 a.m. on April 26, 2017, Employee #1, a 39 year old male, was operating a Caterpillar Skid Steer track loader. He exited the machine. Employee #2 who was operating the wheel loader picked up a bucket of mulch to be dumped into the tub grinder. During this process, the wheel loader backed up exposing Employee #1 to struck-by and crushing hazards by the rear bumper of the wheel loader. Employee #1 was struck by and caught between the exterior of the skid steer and the rear of a Caterpillar Front End Loader and was killed. ",,
587,4/26/2017,,,,V,V,Male,Employee,Serious Fall/Strike,"At 9:30 a.m. on April 26, 2017, an employee was engaged in roofing activities removing roof shingles from a 4:12 pitch roof. The employee fell from the roof to the ground and landed on top of an air compressor. He sustained head and body injuries, and was killed. ",,
588,4/26/2017,,,,V,V,Female,Employee,"Fracture, Broken Bones","At 9:00 a.m. on April 26, 2017, an employee was standing at the edge of the roof were it is believed he was providing hand signals to the Sky Trak telescopic forklift operator below, that was lifting a pallet of roofing rolls onto the roof. As the employee was standing at the edge of the roof he lost his balance and fell roughly 23.7 feet to the ground below. The employee was killed in the fall. ",,
589,4/26/2017,,,,V,V,Male,Employee,"Fracture, Broken Bones","At, 9:00 a.m. on April 26, 2017, Employee #1 was raising the height of an elevator shaft doorway four inches on the second floor of a building under construction. After the header was raised, the employee had to trim a fiberglass insulation board, which had been installed onto the interior of the elevator shaft. Employee #1 was working from an A-frame ladder and using a utility knife to trim the insulation board. As the employee leaned into the inside of the elevator shaft in order to cut the back of the fiberglass insulation board, he lost his balance and fell over the railing into the elevator shaft and landed on the concrete floor below. Employee #1 sustained a fractured elbow on his right arm and a fractured heel on his right foot. He was hospitalized for his injuries. ",,
590,4/26/2017,,,,V,V,Male,Employee,Fall/strike,"At 7:15 a.m. on April 26, 2017, Employee #1 was operating a Caterpillar 777D dump truck. While offloading dirt and rocks, the soil under the rear right tire gave way, resulting in the dump truck rolling onto its right side. The employee was trapped in the cab, but later rescued by the local fire department personnel. Employee #1 was taken to a nearby hospital , where he was treated for a shoulder strain. He was released the same day. ",,
591,4/26/2017,,,,V,V,Male,Employee,Serious Fall/Strike,"At 7:30 a.m. on April 26, 2017, an employee was aiding in the manufacture of hot tubs (RotoMold System). The employee emptied plastic material into the bottom mold when the hoist operator began to lower the upper mold into position. The upper mold section became dislodged from the hoist hook and fell onto the employee. The upper mold section weighed approximately 1,200 pounds. The employee was killed from blunt force trauma to chest. ",,
592,4/26/2017,,,,V,V,Male,Employee,Serious Fall/Strike,"At 6:00 a.m. on April 26, 2017 an employee stacking products onto cart collapsed and died. ",,
593,4/26/2017,,,,V,V,Male,Employee,Head Trauma,"At 3:30 p.m. on April 26, 2017, an employee was working as a teacher in the 2 year old classroom, when a child bumped into the back of her legs. The employee fell striking her arm, back, and head on the ground, killing her. ",,
594,4/26/2017,,,,V,V,Male,Employee,Laceration,"At 2:00 p.m. on April 26, 2017, Employee #1 was standing by a fabricated table holding a 2 inch by 10 inch wooden block for a coworker. The coworker was using a HITACHI nail gun (model number: NR83A) to construct wood frames for skylights on the roof. The nail gun misfired a nail , which struck Employee #1 in his throat. The employee was hospitalized for his injury. ",,
595,4/25/2017,,,,V,V,Male,Employee,"Fracture, Broken Bones","At 12:00 p.m. on April 25, 2017, Employee #1 was working on an 25 foot aluminum extension ladder, removing old wood siding from the gable area of a garage. The employee tried to transition from one extension ladder to another that was next to it. The second aluminum extension ladder was missing the rubber at the bottom of the ladder and gave way, causing Employee #1 to ride the ladder down to the paved asphalt driveway below. The employee crushed his left heel and ankle, and was hospitalized for his injuries. ",,
596,4/25/2017,,,,V,V,Male,Employee,Serious Fall/Strike,"At 12:00 p.m. on April 25, 2017, an employee standing next to a log that was being removed (choked) from a logging corridor. The Yarder cables that were being used to pull the felled tree up the hill were pulled to the side of the logging corridor due to the load and the position of the felled tree. The operator put tension on the cables causing them to come into contact with the top of 5 trees subsequently knocking 3 of them over and fatally striking the employee standing below.  The employee was fatally struck by a tree 150 feet tall and approximately 12 inches in diameter. ",,
597,4/25/2017,,,,V,V,Female,Employee,"Amputation, Crushing","On April 25, 2017, an employee was operating a radial arm saw.  The employee pulled the saw across his hand when operating it.  The employee amputated his index finger from his left hand and received multiple lacerations to his hand. The employee was hospitalized and treated for his injuries. ",,
598,4/25/2017,,,,V,V,Male,Employee,"Fracture, Broken Bones","On April 25, 2017, an employee was cleaning the roof of debris and walked back to the ladder when it started to rain.  The employee slipped off the ladder and broke his right tibia. ",,
599,4/25/2017,,,,V,V,Male,Employee,"Fracture, Broken Bones","At 12:;15 p.m. on April 25, 2017, an employee was assisting a coworker who had completed a tool change-out on the MO 74 Hydraulic Press and was testing its operation.  The press froze prior to completing a full cycle and the employee pointed to what they believed to be the problem.  The employee had his middle finger on the right hand crushed when the press' ram caught it as it closed. The employee was hospitalized and treated for his injuries. ",,
600,4/25/2017,,,,V,V,Male,Employee,Serious Fall/Strike,"At 11:15 a.m. on April 25, 2017, an employee was draining hydrofluoric acid from a tank.  The employee was splashed by some liquid hydrofluoric acid when the hose disconnected from the flare head because of pressure during the draining and received chemical burns. The employee was hospitalized and treated for chemical burns. ",,
601,4/25/2017,,,,V,V,Male,Employee,"Amputation, Crushing","At 11:45 a.m. on April 25, 2017, an employee and a coworker were feeding material into a shearing machine.  The employee had his finger under the shear's guard as the coworker stepped on the foot treadle to activate the shear.  The employee caught his middle finger on the right hand and amputated it at the first knuckle. The employee was hospitalized and treated for his injuries. ",,
602,4/25/2017,,,,V,V,Male,Employee,Serious Fall/Strike,"At 11:15 a.m. on April 25, 2017, Employee #1 and a coworker were adding tape and texture to a recently hung drywall sheet during an office renovation project. The employee was on a 10 foot ladder, approximately eight  feet off the ground. Employee #1 was using an applicator and tried to reach over to the spot on the drywall. The legs of the ladder shifted, causing the employee to lose his balance and fall to the concrete floor below. Employee #1 landed on his side and back. He sustained blunt force trauma to his body, resulting in fractured ribs. The employee was hospitalized for his injuries. ",,
603,4/25/2017,,,,V,V,Male,Employee,"Amputation, Crushing","At 11:15 a.m. on April 25, 2017, an employee was working with a press brake and amputated a finger.  No additional details were provided in the original accident report. ",,
604,4/25/2017,,,,V,V,Male,Employee,Electrocution,"At 10:30 a.m. on April 25, 2017, an employee was standing by the digger truck about to assist with pole replacement.   The employee came into contact with a power source and was electrocuted. ",,
605,4/25/2017,,,,V,V,Male,Employee,"Amputation, Crushing","At 10:00 a.m. on April 25, 2017, Employee #1 was observing the operation of the fan belts. After the power was shut off, but before the belt finished rotating, the employee put his hand on the belt and his thumb was amputated. ",,
606,4/25/2017,,,,V,V,Female,Employee,"Fracture, Broken Bones","At 10:57 a.m. on April 25, 2017, Employee #1 was climbing an extension ladder, holding a paint sprayer gun, attached to a hose, in his right hand. The ladder moved and the employee fell nine feet onto a wooden deck. Employee #1 sustained a compound fracture to his right leg. ",,
607,4/25/2017,,,,V,V,Male,Employee,Electrocution,"At 9:00 a.m. on April 25, 2017, an employee hand picking oranges re-positioned his metal ladder in between tree lines and sustained an electrical shock and was killed. ",,
608,4/25/2017,,,,V,V,Male,Employee,"Amputation, Crushing","At 9:10 a.m. on April 25, 2017, an employee was cleaning a gear and caught his thumb between two parts. The employee amputated the tip from his thumb.  The employee was hospitalized and treated for his injuries. ",,
609,4/25/2017,,,,V,V,Male,Employee,"Amputation, Crushing","At 9:30 a.m. on April 25, 2017, an employee was operating 90-Ton Pacific Trim Press.  The employee caught the right thumb tip between the point of operation and partially amputated it from his finger. The employee was not hospitalized. ",,
610,4/25/2017,,,,V,V,Male,Employee,Serious Fall/Strike,"At 8:00 a.m. on April 25, 2017, a crew of employees was working at the yard of a concrete supplier. The concrete supplier is a concrete plant which had a section of the yard that stockpiles used concrete for recycling. It is at this area of the yard, where used concrete is recycled into stone. The crew consisted of Employee #1, a plant (Horizontal Shaft Impactor) excavator, and Employee #2. Employee #1 and Employee #2 had worked approximately three weeks at the concrete supplier with no supervision or no association with the management. Employee #1 and Employee #2 had a problem with the equipment they were to call the management who would send either a mechanic or field supervisor to the site. Employee #2 broke up the used or excess concrete stored at concrete supplier and loaded the concrete with the use of the excavator onto the impactor's running conveyor belt. Employee #1 with the use of a hand control would remotely run the impactor, so that the impactor would further break up the broken concrete into the required size of rock.  Employee #1 operating the impactor ran the load of broken concrete through the impactor and at some time shut the impactor down. After shutting down the impactor, Employee #1 climbed up onto the impactor and unscrewed the locking bolts of the impactor's rear shell door and opened the impactor's rear clam shell door by the impactor's controls. After Employee #1 opened the chamber's rear door, Employee #1 locked and tagged out the operating panel of the impactor. After locking out the operating panel, Employee #1 entered the impactor's chamber to service or un-jam large rocks from the aprons of the impactor. As Employee #1 stood in the chamber of the impactor, the hydraulic line broke away from the impactor's hydraulic main access cylinder allowing hydraulic fluid to spray out of the cylinder and the line resulting in the cylinder to lose fluid pressure and the impactor's rear door to move forward to the chamber's closed position striking Employee #1 in the upper body and head.  Employee #2 with a new load of broken concrete returned to the impactor and noticed the impactor was shut down. Employee #2 got off the excavator walked around the impactor and seeing hydraulic fluid sprayed over the side of the impactor looked up and saw Employee #1 inside the chamber of the impactor pinned between the rear door and the frame of the impactor. Employee #2 left the impactor and found an employee of concrete supplier who called 911.  The Fire Department arrived on the site, and attended to Employee #1. Employee #1 was pronounced dead. ",,
611,4/25/2017,,,,V,V,Male,Employee,"Fracture, Broken Bones","At 8:00 a.m. on April 25, 2017, Employee #1 was descending a defective extension ladder.  The ladder did not have cleats at the base of the ladder, and was set up on a concrete slab at an angle of 23.75 degrees, which was shallower than the required angle of 14 degrees. This resulted in the ladder being displaced/slipping out from under the employee, causing him to fall to the concrete slab below. Employee #1 sustained fractures to his left arm and right leg, and was hospitalized for his injuries. ",,
612,4/25/2017,,,,V,V,Male,Employee,Laceration,"At 7:15 a.m. on April 25, 2017, Employee #1 was cutting a piece of wood that was 14 inch by 1.5 inch by 1.375 inch, on an unguarded table saw. The wood kicked back, and his right index finger was amputated by the blade and his thumb was also injured. ",,
613,4/25/2017,,,,V,V,Male,Employee,Laceration,"At 7:30 a.m. on April 25, 2017, an employee had just finished a moulding run and was using a local exhaust ventilation in front of vertical cutting spindle number two to suck up wood chips.  The employee caught his hand on the spindle and fractured a knuckle along with cutting three fingers. The employee was not hospitalized. ",,
614,4/25/2017,,,,V,V,Male,Employee,Fire Burn,"At 6:45 a.m. on April 25, 2017, a 70 year old male, was transferring diesel fuel from one tanker truck to another when an explosion occurred.  The employee was transferring the diesel fuel using the top hatch on the truck and it was being dispensed while using a rubber hose with a brass nozzle. The employee was knocked off the truck by the explosion and was found lying on the ground next to the truck.  The fire in the truck extinguished itself without additional fire suppression material being needed. The employee died as a result of the injuries sustained in the incident which included burns, broken bones, and internal bleeding. ",,
615,4/25/2017,,,,V,V,Female,Employee,"Fracture, Broken Bones","At 4:00 p.m. on April 25, 2017, an employee, operator, was trying to get the boom lift closer to the work location.  The operator drove the lift onto the grass, and the ground gave way beneath the lift causing the lift to tilt and fall over.  The boom hit the ground causing Employee #1 and Employee #2 to be ejected 60 feet.  Employee #1 hit a tree and then the ground.  Employee #2 hit the ground next to the tree. Employee #1 was killed from his injuries and Employee #2 was taken to a hospital with a broken right leg, right arm, and pelvis. ",,
616,4/25/2017,,,,V,V,Male,Employee,"Amputation, Crushing","At 4;00 p.m. on April 25, 2017, an employee was removing a drive shaft from the gear box of a roll press with a coworker.  The employee and coworker began rotating the drive shaft and the employee pinched his fingers in the flange yoke and journal cross section on the end of the drive shaft. The employee was hospitalized and treated for his injuries. ",,
617,4/25/2017,,,,V,V,Male,Employee,Heat Exhaustion,"At 4:45 p.m. on April 25, 2017, Employee #1 was assisting with roofing activity. Work was being performed during extreme heat, which the employee complained of not feeling well. Employee #1 was hospitalized for heat exhaustion. ",,
618,4/25/2017,,,,V,V,Male,Employee,"Fracture, Broken Bones","At 4:30 p.m. on April 25, 2017, Employee #1 was leaning against one side of a 3 foot deep trench, observing the excavator work further down the trench line. A 3 foot by 3 foot portion of the trench sidewall collapsed, falling on the employee's leg. Employee #1 sustained a fractured tibia. ",,
619,4/25/2017,,,,V,V,Male,Employee,"Amputation, Crushing","At 4:10 p.m. on April 25, 2017, an employee was working at a 80 ton press when a piece of material became jammed.  The press was shut off prior to the employee trying to disengage the material. The feeder was not shut off and continued to feed the material.  The employee's right index finger was caught on the feeder and his first knuckle was amputated. ",,
620,4/25/2017,,,,V,V,Male,Employee,"Amputation, Crushing","At 2:45 p.m. on April 25, 2017, an employee was installing a conveyor motor cover while the conveyor was not locked out.  The employee 's right hand was caught in by a chain and sprocket and crushed four fingers on the right hand.The employee had the first digit of the index finger amputated later at the hospital. The employee as hospitalized. ",,
621,4/25/2017,,,,V,V,Male,Employee,Serious Fall/Strike,"At 2:30 p.m. on April 25, 2017, Employee #1 was placing a 2 inch piece of rolled steel under the a 24,000 pound pellet mill. The employee was wearing gloves. As the machine was being moved into place, the employee's gloves were pulled inbetween the roller and the machine, and his right hand was crushed. ",,
622,4/25/2017,,,,V,V,Male,Employee,"Bruising, Contusion","At 2:00 p.m. on April 25, 2017, Employee #1, an electrician's helper, was trying to move electrical switch gear off of a pallet. The switch gear weighed 300 pounds. As Employee #1 started to move the switchgear, it tipped over on him, fracturing his ribs. ",,
623,4/25/2017,,,,V,V,Male,Employee,"Amputation, Crushing","At 2:00 p.m. on April 25, 2017, an employee was repairing a timing belt. While completing the repair, the employee discovered an oil leak and was investigating it's cause. The employee opened the panel behind the driver-side front wheel and reached in behind the panel. The employee had his right middle finger caught by the timing belt and amputated it from the hand.  The employee was not hospitalized. ",,
624,4/24/2017,,,,V,V,Female,Employee,Serious Fall/Strike,"On April 24, 2017, an employee was operating a skid sprayer which is used on the rough sections of the golf course. The employee turned to crossover on a bridge and was blinded by a white light. The employee steered left and went through the guard rail into the water below. The machine landed on the employee's ankle. The employee was transported to the hospital. ",,
625,4/24/2017,,,,V,V,Male,Employee,"Bruising, Contusion","On April 24, 2017, an employee was creating a 2 inch by 1 inch angle part from steel stock using an Amada Press Brake.  The employee was using a 1/4 barrier guard to form the stock and caught the tip of their right index finger with the press brake ram. ",,
626,4/24/2017,,,,V,V,Male,Employee,"Amputation, Crushing","At 12:25 p.m. on April 24, 2017, an employee was straightening out a piece of wood from the unscramble.  The employee reached over the machine and caught his left hand in the sprocket and chain.  The employee amputated their index finger and middle finger from their left hand. ",,
627,4/24/2017,,,,V,V,Male,Employee,"Fracture, Broken Bones","At 12:30 p.m. on April 24, 2017, an employee was stacking steel tables that weighed approximately 1,300 lbs used to support extruded aluminum products for storage using a fork lift truck.  The employee was struck by a table as it slid off of the forklift and struck him in the left leg, fracturing his femur. ",,
628,4/24/2017,,,,V,V,Male,Employee,Electrocution,"At 12:00 p.m. on April 24, 2017, an employee making HVAC repairs sustained an electric shock and was killed. ",,
629,4/24/2017,,,,V,V,Male,Employee,"Amputation, Crushing","At 10:20 a.m. on April 24, 2017, an employee was troubleshooting a Delta brand wood planer a problem with the planer's electric motor and had removed the guards.  The employee placed their right hand on the top of the motor and came into contact with the planer knife while the machine was in operation.  The employee amputated five fingers from their right hand. ",,
630,4/24/2017,,,,V,V,Male,Employee,Laceration,"At 11:15 a.m. on April 24, 2017, and employee was clearing brush that had been cut by a coworker and reached over the chainsaw as it was being operated.  The employee reached over the moving saw chain and suffered a right wrist laceration when caught by the saw blade. ",,
631,4/24/2017,,,,V,V,Male,Employee,"Fracture, Broken Bones","At 11:15 p.m. on April 24, 2017, an employee was operating a stand up forklift and moving a load to place back in a rack.  The employee attempted to stop the stand up forklift from hitting a rack by using his hand to stop the forklift from running into the rack.  The employee fractured his left hand and needed surgery to fix the fracture.  The employee was hospitalized and treated for his injuries. ",,
632,4/24/2017,,,,V,V,Male,Employee,"Amputation, Crushing","At 10:00 a.m. on April 24, 2017, an employee was moving a heavy metal table on wheels and caught their small finger on the right hand between another table. The employee amputated their right pinky finger. ",,
633,4/24/2017,,,,V,V,Female,Employee,Puncture,"At 10:15 a.m. on April 24, 2017, an employee was assisting with the installation of a beam for a jib crane. The employee began moving a cart while their coworker extended the mast up to lift the beam. The beam became caught on something on the bottom corner and a coworker attempted to jimmy the beam. The sling slipped off of the fork and fell, striking the employee.  The employee suffered five broken ribs and a punctured lung. ",,
634,4/24/2017,,,,V,V,Male,Employee,Head Trauma,"At 10:00 a.m. on April 24, 2017, an employee fell from elevation and was killed. No other details were provided from the accident. ",,
635,4/24/2017,,,,V,V,Male,Employee,Serious Fall/Strike,"At 10:45 a.m. on April 24, 2017, an employee was walking down the hallway from his office to get some cleaning supplies from a storage room. The employee apparently collapsed and a coworker found him laying on the floor. The employee was taken to the hospital still faintly breathing and he died at the hospital. ",,
636,4/24/2017,,,,V,V,Male,Employee,Serious Fall/Strike,"At 9:51 a.m. on April 24, 2017, an employee was on a A-Frame ladder fixing a rolling door. He had started to descend off the ladder, when the employee leaned off to the side of the ladder and recovered. The employee took one more step down the ladder bent over onto the ladder and he tried to go down another step when he started having serious distress. His body was jerking. He then let go with both hands simultaneously and fell off the ladder head first. The employee fell onto the concrete and sustained a head injury. He was killed from head injury and remote myocardial infarction. ",,
637,4/24/2017,,,,V,V,Male,Employee,"Amputation, Crushing","At 9:15 a.m. on April 24, 2017, an employee was cutting boards using a chop saw.  The employee reached under the chop saw's guard and accidentally triggered the pedal.  The employee amputated two fingers from his left hand. The employee was not hospitalized. ",,
638,4/24/2017,,,,V,V,Male,Employee,"Asphyxiation, Drowning","At 8:30 a.m. on April 24, 2017, an employee was supervising a class of children. The employee suffered an allergic reaction to peanuts when one the children who had been eating some candy that had peanuts in it. The child touched the employee's face and arms and the employee had to be taken to the hospital suffering a life threatening allergic reaction that compromised their breathing. ",,
639,4/24/2017,,,,V,V,Male,Employee,Laceration,"At 8:30 a.m. on April 24, 2017, an employee was cutting off some excess aluminum casting/sprue from a part that was secured vertically in a vise.  The employee twisted the part and vise while using the vertical band saw and the employee's hand was lacerated by the saw blade.  The employee amputated the distal on their middle finger and index finger. ",,
640,4/24/2017,,,,V,V,Male,Employee,Serious Fall/Strike,"At 7:45 a.m. on April 24, 2107, two employees were using a Utility Task Vehicle (UTV) to check for flooded fields on their employer's farm. Employee #1 and Employee #2 were driving along the fog line on HWY 129 in order to cross over to another portion of the farm further down the road. When the UTV slowed and began to turn they were struck from behind by a truck traveling in the same direction. It was determined neither employee was wearing a seatbelt or helmet, as required by the manufacturer. The roll-bar mounted lights were in use at the time of the incident. The speed limit for the hwy is 55mph. Employee #1 later died and Employee #2 was injured. ",,
641,4/24/2017,,,,V,V,Male,Employee,Serious Fall/Strike,"At 4:15 p.m. on April 24, 2017, an employee was driving a semi tractor-trailer with bio-solid sludge in the bed.  The employee began making a left hand turn onto a country road from a right hand lane and the trailer tipped over onto the passenger side.  The employee suffered a 6 inch crack in his pelvic bone and multiple vertebrae fractures.  The employee was hospitalized and treated for his injuries. ",,
642,4/24/2017,,,,V,V,Female,Employee,"Amputation, Crushing","At 4:00 p.m. on April 24, 2017, Employee #1 was attempting to clean mud off of a metal drill shaft bolt hole. As the employee stuck his finger in the bolt hole to clean it, the shaft moved, pinching his finger and causing a partial amputation to the tip of his right index finger. ",,
643,4/24/2017,,,,V,V,Male,Employee,"Bruising, Contusion","At 4:30 p.m. on April 24, 2017, Employee #1 was climbing down a job-made wooden ladder. The employee grabbed the hand rail clamp instead of the ladder side rail and fell. Employee #1 sustained two broken ribs, two fractured vertebrae and an injury to the back of his head. He was hospitalized for his injuries. ",,
644,4/24/2017,,,,V,V,Male,Employee,Serious Fall/Strike,"At 3:00 p.m. on April 24, 2017, an employee rigging a telecommunication box to be removed by a mobile crane that was stationed on the side of the road. The mobile crane that was being operated outside of its load chart, tipped over on its side, fatally injuring the employee. The employee was crushed and killed by the crane. ",,
645,4/24/2017,,,,V,V,Male,Employee,"Fracture, Broken Bones","At 3:00 p.m. on April 24, 2017, Employee #1 was dismantling a scaffold and removed one of the two platforms from the top of the scaffold. The employee decided to fix a portion of the wall that he noticed while dismantling. Employee #1 climbed back up to top of scaffold to spackle the wall. He forgot that he had removed the platform, and fell approximate 15 feet, hitting the scaffold on the way down. Employee #1 sustained a fractured pelvis. ",,
646,4/24/2017,,,,V,V,Male,Employee,"Amputation, Crushing","At 2:30 p.m. on April 24, 2017, an employee was operating a slitter.  The employee was removing a jammed part and suffered an amputation.  The initial accident report does not indicate what body part was amputated; only that the employee was injured while clearing the slitter.  The employee was hospitalized and treated for his injuries. ",,
647,4/24/2017,,,,V,V,Male,Employee,"Amputation, Crushing","At 2:15 p.m. on April 24, 2017, and employee was feeding paper sheets containing strips of bacon into a paper interlever machine.  The employee placed his hand under an inadequate machine guard.  The employee's hand was caught and received crushing injuries to right thumb, index, middle, and ring fingers. Index finger damage was extensive enough to require surgical amputation at first knuckle. ",,
648,4/24/2017,,,,V,V,Male,Employee,"Fracture, Broken Bones","At 2:45 p.m. on April 24, 2017, two maintenance employees worked to install a bearing on a Raymond High-Lift powered industrial truck.  The work was performed indoors in the Maintenance Shop.  The employees stood on a 6 riser Tri-Arc Mobile Ladder Stand, (serial: 09973, capacity: 450 pounds, tread width: 16 inches, top step height: 57.5 inches).  The ladder stand was placed sideways next to the forklift.  Employee #1 stood on the top step to install the bearing while Employee #2 stood on the lower steps and pried the mast apart using 14-inch long screwdriver.  The lateral force caused the ladder stand to kick out and the employees fell.  Employee #1 fell and hit his head on the concrete resulting in a skull fracture.  Employee #2 grabbed the forks of the forklift and did not fall to the floor.  Employee #1 was hospitalized until May 14, 2017 when he was released to home.  On May 19, 2017, the employee died from a blood clot. ",,
649,4/24/2017,,,,V,V,Male,Employee,"Bruising, Contusion","At 1:00 p.m. on April 24, 2017, Employee #1 was working from a scaffold. The employee tried to move from one board of the scaffold to another board. The board slipped, and Employee #1 fell 12 feet to the ground below. The employee sustained scrapes and bruises and was hospitalized for his injuries. ",,
650,4/24/2017,,,,V,V,Male,Employee,Head Trauma,"At 1:45 p.m. on April 24, 2017, an employee was trying to tow some equipment and used a tie-down strap to snug equipment.  The employee was struck in the head by the metal hook when the strap snapped.  The initial report did not provide any details on specific injuries to the employee other than that the employee were hospitalized. ",,
651,4/24/2017,,,,V,V,Female,Employee,Fire Burn,"At 1:30 p.m. on April 24, 2017, two employees were performing a rubber asphalt 109 test for Caltrans.While pumping oil into a test tank, both employees suffered burns of varying severity on their hands when there was an overspill of oil and tar. Both employees were hospitalized and treated for their injuries. ",,
652,4/23/2017,,,,V,V,Male,Employee,"Amputation, Crushing","At 11:00 a.m. on April 23, 2017, an employee was checking the belts on the HVAC motor/pulley.  The employee touched the belt while it was still turning and it pulled his finger into the pulley.  The employee amputated the tip of their middle finger on his left hand. ",,
653,4/23/2017,,,,V,V,Male,Employee,Head Trauma,"At 9:45 a.m. on April 23, 2017, an employee fell off a 3/12 pitch roof onto concrete slab below.  The employee fell approximately 12'4"" to concrete below. He sustained severe head trauma and was killed. ",,
654,4/23/2017,,,,V,V,Male,Employee,"Amputation, Crushing","At 8:00 a.m. on April 23, 2017, an employee was working with a coworker and they were moving a 10 foot tall safety barrier/fragmentation shield on casters.  The shield weighed approximately 615 lbs and was to be used for a pressure test on a Dragon capsule propulsion system.  The employee and coworker attempted to move the shield through a set of double doors on the southeast end of a building and found that it would not fit through the doors. They tilted the barrier and it started to fall over.  The employee grabbed it with his left hand and the side of the barrier crushed his left middle and ring ringers, amputating the tips of both fingers. ",,
655,4/22/2017,,,,V,V,Male,Employee,Chemical Burn,"At 11:00 a.m. on April 22, 2017, an employee was cleaning a wheel rack, when one of the wheels fell and struck a bucket that contained a cleaning chemical. The chemical splashed from its container and contacted one of the employee's elbows and ankles. He sustained chemical burns to the contacted areas and was hospitalized for treatment. ",,
656,4/22/2017,,,,V,V,Male,Employee,Fire Burn,"At 8:00 p.m. on April 22, 2017, an employee was moving a 3 inch pressurized hose that did not have a bleed off valve to reduce pressure. The employee disconnected the hose and was splashed with hot liquid.  The employee suffered first and second degree burns to their arms and abdomen. ",,
657,4/22/2017,,,,V,V,Male,Employee,Serious Fall/Strike,"At 8:30 p.m. on April 22, 2017, an employee was preparing the deck on a car carrier to load a vehicle.  The employee stepped from one wheel rack to the other side on the center crossover and his left foot slipped, causing the employee to fall backward onto the bottom deck.  The employee suffered a puncture wound to his right shoulder, an abrasion to his right knee, a contusion and blood clotting in his lung, a fracture to five right ribs, and two fractures to his spine. ",,
658,4/22/2017,,,,V,V,Male,Employee,Laceration,"At 4:00 p.m. on April 22, 2017, an employee was opening a perimeter gate of a property to allow a contract landscape company to enter the premises. The gate consisted of metal construction, was black in color, and was controlled manually through pulling or pushing motions. As the employee pulled the gate with his right hand and walking towards its latch,  it became jammed at the half-way point. He pushed the gate back a little and hen advanced it forward again, which knocked the employee off balance. His right foot become trapped between the bottom of the gate and the pavement, resulting in the employee sustaining a laceration on his posterior right ankle, which he was hospitalized and received treatment. ",,
659,4/22/2017,,,,V,V,Male,Employee,Serious Fall/Strike,"At 1:15 p.m. on April 22, 2017, an employee was assisting his supervisor to clean and replace spray nozzles on a mist tank. During work, the supervisor left the space to retrieve tools and returned to find the employee's hair entangled in the spray nozzle rollers and his scalp removed from the eyebrows back towards his ears. The employee was hospitalized and received treatment for his injury. ",,
660,4/22/2017,,,,V,V,Female,Employee,"Bruising, Contusion","At 1:00 p.m. on April 22, 2017, an employee was working from an elevated platform to fill a nurse tank. With one foot on a fold down platform and another foot on the running gear step that held the nurse tanks, the employee connected a hose near the top of the tank. As the employee stepped backwards, he contacted the counter weight of the platform riser and his right leg went through the opening of the running gear (step). His leg an ankle sustained a contusion on its lower portion and knee, which he was hospitalized and received treatment. ",,
661,4/21/2017,,,,V,V,Male,Employee,Laceration,"At 12:48 p.m. on April 21, 2017, an employee was riding a belt man-lift, up out of the basement on the A-side of a grain elevator.  The employee fell from man-lift striking the concrete floor below. He was killed from facial lacerations and head trauma. ",,
662,4/21/2017,,,,V,V,Male,Employee,"Amputation, Crushing","At 12:00 p.m. on April 21, 2017, an employee was using a tube cutter to cut a piece of silicone tubing. As the employee measured the tubing, she inadvertently depressed the machine's foot pedal, activating the machine. Her right index finger was contacted by the blade, amputating her fingertip. ",,
663,4/21/2017,,,,V,V,Male,Employee,"Bruising, Contusion","At 11:00 a.m. on April 21, 2017, Employees #1 and #2, both service technicians, were troubleshooting the malfunction of an overhead door. With the door in the open position, the employees depressed the door's contact button and it become stuck. This caused the door to close slowly, moving along its rails. The employees noticed that there was a scissor lift, elevated to a height of approximately 14 feet, in the path of the closing door. As the employees simultaneously tried free the stuck contact button and lower the scissor lift. However, their efforts failed and the door struck the scissor lift, which fell to the ground. Both employees were knocked to the ground. Employee #1 sustained a fractured wrist, while Employee #2 knocked out his front teeth when his face struck the scissor lift's railing. Both employees were hospitalized and received treatment for their injuries. ",,
664,4/21/2017,,,,V,V,Male,Employee,"Amputation, Crushing","At 10:00 a.m. on April 21, 2017, an employee was operating a KS cake dryer when a jam occurred. As the employee opened the machine's panel door, located at the dryer discharge, with the machine still running, he used a pair of pliers to clear the jam. However, the employee's left index finger became caught between the pliers and the machine blades, resulting in its tip being amputated. ",,
665,4/21/2017,,,,V,V,Male,Employee,"Amputation, Crushing","At 9:45 a.m. on April 21, 2017, an employee was using a table saw to cut pieces of metal. As he cut a portion of the metal, the saw kicked back, sending the metal back towards the employee's right hand. The employee sustained partial amputations of his right index finger and thumb. ",,
666,4/21/2017,,,,V,V,Male,Employee,"Fracture, Broken Bones","At 9:15 a.m. on April 21, 2017, an employee was working from a forklift man basket to replace worn portions of siding on a tower surface. During work, the basket tipped over and resulted in the employee falling 30 feet. The employee sustained fractures to his leg and ankle on his right side, as well as to his left arm, which he was hospitalized and received treatment. ",,
667,4/21/2017,,,,V,V,Male,Employee,"Amputation, Crushing","At 9:30 a.m. on April 21, 2017, an employee was manually moving a piece of a tail stretcher machine to its designated location on a rail, when he observed an air hose blocking his path. As the employee reached down with his left hand to move the hose, he inadvertently made contact with the machines roller and rail.  As a result, the tip of his left ring finger was amputated. ",,
668,4/21/2017,,,,V,V,Male,Employee,"Fracture, Broken Bones","At 8:30 a.m. on April 21, 2017, an employee was using a remote control to test a truck that he had replaced the hydraulic tank. As the employee used the remote control to test the boom of the truck and was walking around the vehicle, a Linde forklift (model number: H35D; serial number: H2X393T01211) that was unloading a tractor trailer full of paver products. The forklift inadvertently backed over the employees left foot. The employee sustained a broken pinky toe. ",,
669,4/21/2017,,,,V,V,Female,Employee,Serious Fall/Strike,"At 4:00 p.m. on April 21, 2017, an employee is injured during the operation of a powered industrial truck and is hospitalized. ",,
670,4/21/2017,,,,V,V,Male,Employee,"Bruising, Contusion","At 3:30 p.m. on April 21, 2017, four workers were working to tie a cord to a steel cable that was attached to a man-made scissor lift trailer. As all four workers were located inside the trailer, a trailer roller bolt became sheared off. This resulted in the trailer collapsing on one end, which all four workers fell to the lowered end. Two of the workers, Employees #1 and #2, sustained a combination of injuries that included a broken leg and broken ribs, resulting in internal injuries, which they were hospitalized and received treatment. ",,
671,4/21/2017,,,,V,V,Male,Employee,"Amputation, Crushing","At 1:50 p.m. on April 21, 2017, an employee was making preparation to service a truck. As the employee used a floor jack to raise the truck's axle, it slipped out of position and pinned one of the employee's middle fingers between the axle and the jack. The employee's finger was amputated, which he was hospitalized and received treatment. ",,
672,4/21/2017,,,,V,V,Male,Employee,Laceration,"At 1:30 p.m. on April 21, 2017, an employee was assisting in the relocation of a chipping conveyor to another building. As the employee stood on the machine's conveyor to adjust the rigging, the conveyor shifted. The employee fell approximately 7.7 feet, striking his head on a concrete floor. He sustained a skull fracture, resulting in a concussion, which he was hospitalized and received treatment. ",,
673,4/20/2017,,,,V,V,Male,Employee,Serious Fall/Strike,"At 12:12 p.m. on April 20, 1017, an employee was walking on the roof moving a temporary portable power distribution system. The employee fell 40 feet throughan unprotected skylight and was killed.",,
674,4/20/2017,,,,V,V,Male,Employee,Serious Fall/Strike,"At 12:03 p.m. on April 20, 2017, an employee was using a 1964 F750 truck with a 1965 Bronco 85 Elbow aerial lift to pull shrubs from the ground.  The employee attached one end of a 20 foot nylon strap to the anchor point for the bucket and wrapped the other end of the strap around a shrub, pulled the shrub from the ground, and the employee was catapulted approximately 15 feet into the air, landing on the concrete road 24 feet away.  The employee was unresponsive when the emergency medical services  (EMS) arrived.  The employee was transported to the local hospital by EMS and was later pronounced deceased. ",,
675,4/20/2017,,,,V,V,Male,Employee,Chemical Burn,"On April 20, 2017, an employee was power washing garbage trucks. During work, some of the chemical concentrate used in the power washer came into contact with the employee's boots. The chemical leeched through his boots, causing the employee to sustain chemical burns to his feet and calves. ",,
676,4/20/2017,,,,V,V,Male,Employee,Laceration,"At 12:00 p.m. on April 20, 2017, an employee was working at a golf course. After driving a golf cart to the facility mailbox to retrieve the mail and returning to the office parking lot, the employee pulled forward into a parking space in anticipation of backing into a golf cart designated spot. During backing of the golf cart, the employee placed his left foot outside of the vehicle, which became caught between a cement curb and the golf cart.  The employee sustained multiple laceration to his left heel. ",,
677,4/20/2017,,,,V,V,Male,Employee,"Fracture, Broken Bones","At 11:30 a.m. on April 20, 2017, an employee was climbing a fixed ladder to access a roof. He fell to the ground and sustained a head injury and broken leg. The employee was hospitalized and received treatment for his injuries. ",,
678,4/20/2017,,,,V,V,Female,Employee,Serious Fall/Strike,"At 11:00 a.m. on April 20, 2017, an employee was demolishing a concrete building by hand using a sledge hammer and hand tools.  The employee was pinned to the ground floor when the building became unstable, shifted, and one of the 500 lb concrete panels collapsed on top of his legs.  The employee fractured both legs and bled internally.   The employee was killed. ",,
679,4/20/2017,,,,V,V,Male,Employee,Laceration,"At 11:00 a.m. on April 20, 2017, an employee was removing bolts from the rear link leveling system of a Timberjack Feller Buncher (model number: 608L) logging machine. Once thee bolts were completely removed, it caused the rear link, which was unsupported, to release. The swing platform dropped and struck the employee in the head. The employee sustained serious lacerations to his head and ear, and he was hospitalized. ",,
680,4/20/2017,,,,V,V,Male,Employee,"Amputation, Crushing","At 10:00 a.m. on April 20, 2017, an employee was tasked with replacing a bolt on a pneumatic cylinder of a Sutton press. Without implementing lockout/tagout procedures, the employee began replacement of the bolt. However, the equipment cycled and his right thumb was struck by the ram of the press. His thumb was amputated as a result. ",,
681,4/20/2017,,,,V,V,Male,Employee,Laceration,"At 10:15 p.m. on April 20, 2017, an employee was visually inspecting a gauge of a diaphragm pump that was located on the backside of the powder coating booth. The pump was being used to move recycled powder from the bottom of the powder coating booth to a fluidized bed, which the gauge was located between the suction and return hoses of the diaphragm pump.  During inspection, the return hose of the pump came loose and struck the employee in his left eye, resulting in a severe laceration. The incident investigation reported that the employee was wearing safety glasses at the time of the incident. ",,
682,4/20/2017,,,,V,V,Male,Employee,"Amputation, Crushing","At 10:30 a.m. on April 20, 2017, an employee was working  in a grocery store specializing in latin food items. He was working in the meat department to assist customers in fulfilling meat orders. As the employee was using a meat band saw to cut a section of meat into smaller pieces. His middle finger on his right hand contacted the saw blade and his  finger was amputated. The incident investigation revealed that appropriate guarding was not in place. ",,
683,4/20/2017,,,,V,V,Male,Employee,"Fracture, Broken Bones","At 9:30 a.m. on April 20, 2017, an employee was performing housekeeping around the exterior area where the wall flashing had been removed from the house. The employee was struck by the upper concrete wall that became unstable and fell, striking the employee on the hip and broke several bones.  The site supervisor contacted emergency personnel who transported the employee to the hospital where he stayed for approximately two and a half months in recovery. Later, the employee developed a septic infection and died. ",,
684,4/20/2017,,,,V,V,Male,Employee,Electrocution,"At 9:30 a.m. on April 20, 2017, and employee was doing masonry work on a chimney.  The employee came in contact with a 23 KV overhead electrical line and was electrocuted. ",,
685,4/20/2017,,,,V,V,Male,Employee,"Amputation, Crushing","At 9:00 a.m. on April 20, 2017, an employee had just relieved a coworker during a break and was working to clear a pallet that had become jammed at palletizer #6. During removal, the machine cycled and pinned the employee's left ring finger between the frame and the pallet. The tip of his ring finger was amputated. ",,
686,4/20/2017,,,,V,V,Male,Employee,"Amputation, Crushing","At 9:30 a.m. on April 20, 2017, an employee was operating a Hendrick Panel Saw machine. As he removed plastic material that had become stuck in the saw, the glove on his left hand became caught in the running blade of the machine. The employee's left middle finger sustained a partial amputation. ",,
687,4/20/2017,,,,V,V,Female,Employee,"Amputation, Crushing","At 9:15 p.m. on April 20, 2017, an employee was lubricating a chain and sprocket drive on a conveyor system. As the employee used a rag to wipe lubricant overspray from the conveyor frame that was behind the chain and sprocket drive, the thumb on one of his hands got caught in the drive mechanism and his thumb was amputated. ",,
688,4/20/2017,,,,V,V,Male,Employee,"Amputation, Crushing","At 9:45 p.m. on April 20, 2017, an employee was unloading a rail car. During unloading, the employee observed a buildup of urea product under one of the cars. As the employee stuck his right leg under the car to break up the chunks of material, he slipped. The employees right foot and leg slid between the guard of the of an auger, resulting in their amputation. ",,
689,4/20/2017,,,,V,V,Male,Employee,"Amputation, Crushing","At 9:30 a.m. on April 20, 2017, the employee was operating an EXPFN2. After experiencing a jam in the equipment for over 30 minutes, the employee turned off the machine and alerted his supervisor. Once the supervisor came over to the machine, the employee turned the equipment back on. Within a few seconds, the machine jammed again. The employee flicked the jammed marker, which resulted in the piston actuating and pinching the tip of one of his fingers between the piston and the conveyor, causing its amputation. ",,
690,4/20/2017,,,,V,V,Male,Employee,"Amputation, Crushing","At 9:00 a.m. on April 20, 2017, an employee was operating a bone-in saw to cut meat. During cutting, his left hand slipped and his left index finger contacted the saw blade, resulting in its amputation. The employee was taken to a local medical facility for treatment and was released the same day. ",,
691,4/20/2017,,,,V,V,Male,Employee,"Bruising, Contusion","At 8:00 a.m. on April 20, 2017, an employee was operating a Bridgeport Series 2 milling machine to manually ream out approximately five eights inch holes that were previously cut with a laser machine. As the employee held one of the stainless steel pieces, measuring approximately 8 inches by 4 inches, on the mill table and began to lower the reaming tool into the hole. The employee's left arm was pulled in and around the unguarded rotating chuck and reaming tool. The employee was hospitalized and received treatment for a broken left forearm. ",,
692,4/20/2017,,,,V,V,Male,Employee,"Amputation, Crushing","At 8:00 a.m. on April 20, 2017, an employee was using a Webb mill to fly cut a part. After completing the cut on the part, he left the machine running and temporarily walked away. As he returned to check on the product as to whether it was the correct thickness, the glove on his left hand came in contact with the rotating drill bit and the tip of his index finger was amputated. ",,
693,4/20/2017,,,,V,V,Male,Employee,Serious Fall/Strike,"At 8:50 a.m. on April 20, 2017, an employee was spooling drip tape, twine, and hose material from a row of berries with a plastic tarp roller, attached hydraulically to the back end of a tractor.  The employees foot was caught in the materials being spooled and was pulled in against the spool.  The material continued to wrap for several revolutions around the spool and employee struck his head and torso against the ground.  The employee became wedged between the spool rim and the ground and was pronounced dead at the accident scene. ",,
694,4/20/2017,,,,V,V,Male,Employee,Dislocation,"At 7:20 a.m. on April 20, 2017, an employee was guiding the movement of a steel work platform by forklift. As the employee was walking beside the steel work platform being moved by the forklift, which was traveling backwards, the platform became entangled with nearby pallets of products. The work platform fell from the tines of the forklift and struck the employee. The employee sustained dislocated arms and multiple contusions, which he was hospitalized and received treatment. ",,
695,4/20/2017,,,,V,V,Male,Employee,Fire Burn,"At 6:15 a.m. on April 20, 2017, an employee was transferring hot water wash from one tank to another, when he was splashed with the water. The water measured between 140 degrees and 150 degrees Fahrenheit and he was burned. The employee was hospitalized and received treatment for his injuries. ",,
696,4/20/2017,,,,V,V,Female,Employee,"Amputation, Crushing","At 3:45 p.m. on April 20, 2017, an employee was rolling a channel over to punch holes, when one of the employee's fingers was smashed. The employee's finger was amputated, which he was hospitalized and received treatment. ",,
697,4/20/2017,,,,V,V,Male,Employee,"Amputation, Crushing","At 2:20 p.m. on April 20, 2017, an employee was operating a mechanical power press. As he was sending parts through the press, which was set to run at single-stroke, the machine switched to continuous mode. The employee was unaware of the frequency change, and amputated two fingers on his right hand while removing a part. ",,
698,4/20/2017,,,,V,V,Male,Employee,"Amputation, Crushing","At 2:00 p.m. on April 20, 2017, an employee was looking for a container he was trying to pick up from the port of Houston. The employee was struck by a gantry crane and the employee's leg was amputated. The employee was killed. ",,
699,4/20/2017,,,,V,V,Male,Employee,Serious Fall/Strike,"At 2:15 p.m. on April 20, 2017, an employee fell from a height of 5 stories and landed on concrete. The firefighter was killed by injuries sustained in the fall. ",,
700,4/20/2017,,,,V,V,Male,Employee,"Amputation, Crushing","At 1:00 p.m. on April 20, 2017, an employee was pulling a glaze tank to a cleaning area, when the tip of one of his fingers became caught in a space located between the top of the glaze tank where a weld had broken. The employee let off pressure from pulling the tank. However, the tip of his finger was amputated. ",,
701,4/20/2017,,,,V,V,Male,Employee,Head Trauma,"At 1:30 p.m. on April 20, 2017, an employee was assisting coworkers to unload pallets of sod from a box truck. As a coworker used a Bobcat forklift to lift the pallets of sod, the employee observed the forklift tipping forward from the weight of the pallets and climbed on the back. The first time this happened, the forklift was able to unload the pallet without incident. However, the second time, several pieces of sod rolled off the pallet, causing the forklift to drop to the ground abruptly. The employee was thrown from the forklift and struck his head on asphalt, sustaining a concussion. ",,
702,4/20/2017,,,,V,V,Male,Employee,Serious Fall/Strike,"At 1:34 p.m. on April 20, 2017, an employee was installing metal  framing studs while standing on a stack of drywall adjacent to a wall opening. The employee fell 18 feet from above a guarded elevator shaft through the wall opening. He sustained a traumatic brain, acute right subdural hematoma with hemorrhagic contusion and was killed. ",,
703,4/19/2017,,,,V,V,Male,Employee,Laceration,"At 12:15 p.m. on April 19, 2017, an employee was operating a machine used for cracking pecans. During work, a stick got jammed in the machine's cracking mechanism. Without unplugging the machine, the employee reached one of his hands into the machine to remove the jam. Two of his fingers became pinned by the machine's crushing wheels, resulting in their fracture. The employee was hospitalized and received treatment for his injuries. ",,
704,4/19/2017,,,,V,V,Male,Employee,Laceration,"At 12:00 p.m. on April 19, 2017, an employee was assisting a coworker to troubleshoot a malfunction of an Amada CNC machine (model number: S-10, serial number: 131) that resulted in a coolant leak.  After the coworker removed two panels, normally affixed on the front and side of the machined, and determined that metal chips were blocking the coolant drainage, the employee approached the machine and began helping his coworker remove the metal chips. Much of the metal chips accumulated behind the guard of the machine. As the employee used a magnet and was pulling chips from the side panel access, the CNC turret indexed forward and struck his right hand, pinning it against the inside of the machine's frame.  His hand was caught in a sheer point, resulting in its degloving.  The incident investigation revealed that the machine was not locked out during the maintenance task and steps to protect against injury during the troubleshooting portion of the inspection were not implemented. ",,
705,4/19/2017,,,,V,V,Female,Employee,"Amputation, Crushing","At 11:30 a.m. on April 19, 2017, an employee was using a drill press to drill holes in a copper tubing for the construction of commercial air conditioning evaporators and condensers.  During work, the employee's glove on his right hand was pulled into the drill. Her hand became pinned between the black outer housing at the bottom of the guard and the inner white insert on the aluminum housing. The employee's pinky and index fingers were amputated, as well as lacerations on her middle finger. ",,
706,4/19/2017,,,,V,V,Male,Employee,"Fracture, Broken Bones","At 10:00 a.m. on April 19, 2017, an employee was working from an elevated basket that was lifted by the tines of a forklift. As the employee was removing bolts to a door, the basket he was working from fell to the ground. The employee sustained a fractured wrist and multiple lacerations to the side of his body. ",,
707,4/19/2017,,,,V,V,Male,Employee,"Amputation, Crushing","At 9:30 a.m. on April 19, 2017, an employee was working to unclog a tube of a roller machine. As the employee removed the machine's guard and placed his hand near the rollers of the machine, his fingers became entangled in the moving parts. The tip of one of his fingers was amputated. ",,
708,4/19/2017,,,,V,V,Male,Employee,Serious Fall/Strike,"At 8:00 a.m. on April 19, 2017, an employee was working with two coworkers who were tearing off shingles from a two story residential home.  The employee lost his balance when tearing off the roof shingles and fell approximately 25 feet to the ground in an alleyway.  The employee suffered massive internal and head injuries and was killed. ",,
709,4/19/2017,,,,V,V,Male,Employee,"Fracture, Broken Bones","At 8:00 p.m. on April 19, 2017, an employee was sanitizing a portion pack line conveyor when one of his hands was pulled into the in-running nip point of the machine. He sustained multiple fractures to his hand. The incident investigation revealed that no lockout/tagout procedures were used prior to the cleaning process taking place. ",,
710,4/19/2017,,,,V,V,Male,Employee,"Bruising, Contusion","At 7:00 a.m. on April 19, 2017, an employee was working to unjam a pallet that had become caught in an auto feed machine. As the employee entered the machine to pull the pallet out, one of his hands became caught in between the pallet and the frame of the machine. The employee crushes hand and is hospitalized. ",,
711,4/19/2017,,,,V,V,Male,Employee,"Amputation, Crushing","At 5:15 a.m. on April 19, 2017, an employee was working to free an extractor that was stuck in an injection mold. With the mold on a bench in the facility tool room, the employee used a hammer to strike the back of its return pins. As he struck the pin the mold began to move on the bench, at which point the employee placed his left hand on top of the mold to hold the mold in place. With a second strike at the pins with the hammer, the mold's extractor became free and released the extractor springs. The employee's left index finger was struck by the extractor and was amputated. ",,
712,4/19/2017,,,,V,V,Male,Employee,Head Trauma,"At 3:30 p.m. on April 19, 2017, an employee was riding an All Terrain Vehicle (ATV) to an electrical pole to reinstate service for the irrigation center pivot.  The employee was killed when the ATV rolled over on top of them. ",,
713,4/19/2017,,,,V,V,Male,Employee,"Amputation, Crushing","At 3:00 p.m. on April 19, 2017, an employee and a coworker were adding tire to the axle of a scrapped semi-trailer, which was part of the process for preparing a semi-trailer for transportation to a recycling facility.  While using a metal pry bar to leverage the tire into place, the employee inadvertently caused the semi- trailer and/or the jack to move. The trailer came down onto the top of the tire and  amputated his left pinky finger at its tip. ",,
714,4/19/2017,,,,V,V,Female,Employee,Serious Fall/Strike,"At 3:00 p.m. on April 19, 2017, an employee was driving bulls in a pen when a bull turned and charged at him. The employee climbed the fence of the pen to escape the bull. However, he was knocked to the ground and sustained a broken pelvis, which he was hospitalized and received treatment. The incident investigation reported that the employee only had a flag, when he should have also had a hot shot in hand as well to tame the bull. ",,
715,4/19/2017,,,,V,V,Male,Employee,"Amputation, Crushing","At 2:00 p.m. on April 19, 2017, an employee was disassembling an Omega model of a Leitner-Poma ski lift grip for a safety inspection. During disassembly, a malfunction occurred and stored potential energy was released that caused contact with the employee's pinky and index fingers on his right hand. Both fingers were amputated at the first knuckle. ",,
716,4/18/2017,,,,V,V,Male,Employee,Head Trauma,"On April 18, 2017, an employee was moving a tire on a pallet from the front of a pickup to the rear in order to make room for more tires in the front. The employee fell from the bed of the truck and struck his head on the ground, killing him. ",,
717,4/18/2017,,,,V,V,Male,Employee,Serious Fall/Strike,"On April 18, 2017, an employee was standing in front of the oil storage tanker.  The employee was struck by the oil storage tanker cover/lid when the tanker exploded and was killed. Two other employees were hospitalized for unspecified injuries. ",,
718,4/18/2017,,,,V,V,Male,Employee,Laceration,"At 12:00 p.m. on April 18, 2017, an employee was operating a Z Spray fertilizer spreader. The hopper jammed and the employee attempted to push damp fertilizer material into the motorized hopper through the lower assembly opening. The employee's glove was caught by the agitator pin in the lower assembly of the motorized hopper and entangled the employee's hand between the pin and the lower assembly housing. The employee sustained abrasions and superficial lacerations to the index and middle fingers which required stitches. ",,
719,4/18/2017,,,,V,V,Male,Employee,"Bruising, Contusion","At 12:00 a.m. on April 18, 2017, an employee was watching the forklift driver load materials onto his pickup truck. The employee was in the loading area having materials loaded onto the back of a pickup truck with the forklift. The employee was standing to the left of the pickup truck. The forklift operator had just loaded the materials onto the truck bed and back away turning to the left, striking and pinning the employee against the truck. The employee was treated at the hospital for a crushed pelvis and fractured ribs. ",,
720,4/18/2017,,,,V,V,Male,Employee,"Bruising, Contusion","At 11:00 a.m. on April 18, 2017, four employees were on an Polaris Ranger (Utility Terrain Vehicle) traveling up a hill in a wooded area. The vehicle tipped backwards.  Employee #1 sustained a broken pelvis and Employee #2 sustained leg injuries. Employees #3 and #4 were treated for injuries but were not hospitalized. ",,
721,4/18/2017,,,,V,V,Male,Employee,"Amputation, Crushing","At 11:30 p.m. on April 18, 2017, an employee was lifting the out-feed gate on a chop saw to remove a block of wood from under the stationary guard. As the employee leaned over the machine, lifted the out-feed gate, and placed his fingers inside the out-feed opening. He inadvertently activated the saw's foot pedal. The saw blade started up and amputated the employee's left index finger. The employee was hospitalized and received treatment for his injury. ",,
722,4/18/2017,,,,V,V,Male,Employee,Fire Burn,"At 10:00 a.m. on April 18, 2017, an employee was moving the Grove RT 880E Crane towards a construction site and passed under several overhead power lines.   As the crane passed underneath the power lines, it came into contact with the third power line.  The employee stopped and jumped from the cab with the fire extinguisher because the tires were on fire.  The right front tire ruptured, causing the front outrigger pad to settle on the ground and energized the ground around it with 69K volts.  The employee moved around the tire to put out the fire and was electrocuted when he stood on the energized ground. ",,
723,4/18/2017,,,,V,V,Female,Employee,"Amputation, Crushing","At 10:15 a.m. on April 18, 2017, an employee was on an elevated work platform with two coworkers.  The coworkers were discussing how to fill the product into a bag dumping station on a Formpak, Inc. machine so that excess powder did not come out of the exhaust fan. The employee placed a hand near the unguarded exhaust fan. The employee's left ring finger and pinky finger were amputated by the exhaust fan blades on the Formpak, Inc. machine. ",,
724,4/18/2017,,,,V,V,Male,Employee,"Fracture, Broken Bones","At 10:30 a.m. on April 18, 2017, an employee was tightening up u-bolts on the top of a tanker truck.  The employee fell from the truck and was killed when his head struck the concrete floor, fracturing his skull. ",,
725,4/18/2017,,,,V,V,Male,Employee,Laceration,"At 10:30 a.m. on April 18, 2017, an employee was cutting wood using a trim track table saw machine.The employee was clearing a jam on the machine while the machine was on. The employee's fingers were cut and the right middle finger was partially amputated. ",,
726,4/18/2017,,,,V,V,Male,Employee,Fall/strike,"At 9:00 a.m. on April 18, 2017, an employee was unloading logs from a logging truck using the self-loading Knuckle boom. The employee fell from the boom operator's seat, approximately 11.5 feet to the ground and possibly hitting the logs. The employee was not wearing the seat belt. The employee sustained fractured ribs and a sore wrist. ",,
727,4/18/2017,,,,V,V,Male,Employee,"Fracture, Broken Bones","At 7:00 a.m. on April 18, 2017, an employee was cutting a steel plate with an oxy-acetylene torch on top of a metal gang box. After trimming 1 inch off the 5 inch wide leg of the right side of the 5 by 10 angle iron, the employee put the torch down on the gang box and moved to the other side preparing to cut the left end of the angle iron. As the employee resumed cutting the left end of the angle iron, an explosion forced the lid of the gang box up which broke the employee's right arm. ",,
728,4/18/2017,,,,V,V,Male,Employee,Serious Fall/Strike,"At 5:00 a.m. on April 18,2017, an employee was walking from the electric shop when he was struck and run over by a Dodge pick-up truck that a coworker was driving.  The employee was killed. ",,
729,4/18/2017,,,,V,V,Male,Employee,Laceration,"At 5:15 p.m. on April 18, 2017, an employee was working to unjam packaging film from a vertical fill of a packaging machine. As the employee reached over the machine's interlocked door and placed her left hand inside its cutting and seaming platens, the machine actuated. Her hand was crushed and fingers lacerated, which the employee was hospitalized and underwent surgery. ",,
730,4/18/2017,,,,V,V,Male,Employee,Head Trauma,"At 4:00 a.m. on April 18, 2017, an employee was unloading frozen buns from a semi-trailer at a fast food restaurant site while a co-driver cleared the storage freezer and rotated stock to make room for the new delivery stock. The co-driver heard a noise and went to the side of the semi-trailer. The employee was found unresponsive and was transferred by medical helicopter to the nearest trauma center. The employee sustained injuries to the right front temple area of the head, the right eye, and the area around the ear. The injuries included bilateral front subdural, subarachnoid and intraparenchymal hemorrhaging and a right occipital fracture. ",,
731,4/18/2017,,,,V,V,Male,Employee,Serious Fall/Strike,"At 3:10 p.m. on April 18, 2017, an employee was walking across the yard after a safety meeting.  The employees right knee collapsed and the employee fell, striking his head into the pavement.  The employee suffered neck injuries and was hospitalized, where he passed away on April 21, 2017. ",,
732,4/18/2017,,,,V,V,Female,Employee,Fire Burn,"At 3:45 p.m. on April 18, 2017, an employee was shadowing an assistant furnace operator as part of his training to become a furnace attendant. The employee's training required that he lance the runner spout (how the steel is poured from the furnace) and watch the flow to ensure no slag is built up.  After 40,000 pounds of molten steel had been loaded into one ladle and was preparing to pour the rest of the molten steel into another ladle, an explosion occurred. The employee, who was standing approximately 30 feet away from the runner (spout) of the electric arc furnace and watching the flow rate, was overcome with hot dust. He sustained first degree burns to his face and neck, as well as lacerations to his head, which he was hospitalized and received treatment. ",,
733,4/18/2017,,,,V,V,Male,Employee,"Amputation, Crushing","At 3:15 a.m. on April 18, 2017, an employee was removing finished products from a metal wheel on a machine. The employee's glove was caught in an unguarded moving chain and sprocket, amputating his thumb. ",,
734,4/18/2017,,,,V,V,Male,Employee,Serious Fall/Strike,"At 2:30 p.m. on April 18, 2017, an employee was working in an aerial lift basket.  The employee moved the basked toward the roof and was pinned between the roof and the control in the basket.  The employee was crushed and killed onsite. ",,
735,4/18/2017,,,,V,V,Male,Employee,"Amputation, Crushing","At 1:45 p.m. on April 18, 2017, an employee was operating a stand-up forklift. While operating the forklift, one of the steering wheels hit a hole, causing momentary loss of control. The employee grabbed the side of the forklift with a hand. The employee's hand was caught between a handrail and the forklift. The employee's fingertips of two of fingers were amputated. ",,
736,4/17/2017,,,,V,V,Male,Employee,"Bruising, Contusion","At 11:30 a.m. on April 17, 2017, the superintendent of a new home construction site was inspecting a roof with the city building inspector. The superintendent was pulled off the roof while attempting to rescue the building inspector who lost balance when climbing a ladder. The superintendent sustained a head injury. ",,
737,4/17/2017,,,,V,V,Male,Employee,"Amputation, Crushing","At 11:45 a.m. on April 17, 2017, an employee was repairing pallets. After a pallet is repaired, it is placed on a conveyor belt/line. A pallet became stuck and the employee tried to un-jam the pallet without stopping or pulling the E-STOP for the conveyor belt/line. The employee's glove and finger became caught on a sprocket chain. The employee's middle left finger was amputated. The employee went to a clinic and then to a medical center. ",,
738,4/17/2017,,,,V,V,Male,Employee,"Amputation, Crushing","At 11:30 p.m. on April 17, 2017, an employee was cleaning a quill puller and the machine was not locked-out. The employee came into contact with the point of operation and sustained an amputation of the pinky finger. ",,
739,4/17/2017,,,,V,V,Male,Employee,"Amputation, Crushing","At 9:30 a.m. on April 17, 2017, an employee was attempting to roll a coil of aluminum. The aluminum coil, which weighed 500 pounds, fell onto the operator's work table and then onto the floor. The employee's three fingertips of the right hand were amputated. ",,
740,4/17/2017,,,,V,V,Male,Employee,Chemical Burn,"At 9:15 a.m. on April 17, 2017, an employee of a bakery was removing filters above the deep fryer for cleaning. The long pole usually used to bring down the filters was not located or the employee did not know how to use the pole. The employee used a step stool to climb up and bring down the filters. The employee's supervisor was not on site when the employee was injured. The employee was standing on the counter when the employee's right foot slipped into the deep fryer which contained cooking oil of approximately 375 degrees. The employee fell backwards to the ground causing hot oil to contact other parts of the body. The employee sustained third degree burns to the right foot, left thigh, and right lower leg. Processes or procedures or training on how to change the filters did not appear to be in place. No covers for the deep fryers were present to cover the deep fryer when not in use and when changing the filters above the fryer. Typically the filters are changed after hours when the bakery is closed and the fryer is turned off and the oil is cool. ",,
741,4/17/2017,,,,V,V,Female,Employee,"Amputation, Crushing","At 8:15 a.m. on April 17, 2017, an employee was mowing lawn with a push mower. The employee reached into the discharge chute of the lawn mower with his right hand to clean it. The employee's thumb, index finger, and middle finger of the right hand were amputated. ",,
742,4/17/2017,,,,V,V,Male,Employee,Fire Burn,"At 8:00 a.m. on April 17, 2017, an employee was trouble shooting a float on a vaporizer tank. The auto igniter activated which ignited propane vapor causing burns to the lower legs and torso of the employee. ",,
743,4/17/2017,,,,V,V,Male,Employee,"Amputation, Crushing","At 8:00 a.m. on April 17, 2017, an employee was forging a piece of material with a punch press machine. The employees left finger was pinched and severed by tongs resulting in the amputation of the left index finger. ",,
744,4/17/2017,,,,V,V,Male,Employee,Fire Burn,"At 7:00 a.m. on April 17, 2017, an employee had entered the tunnel kiln to fix the line switch. The employee became trapped in the tunnel kiln after completing the repairs and an automated process took control, closing the kiln door while the employee was still in the tunnel.  The employee was killed from extreme exposure to thermal energy within the kiln. ",,
745,4/17/2017,,,,V,V,Male,Employee,"Bruising, Contusion","At 7:45 a.m. on April 17, 2017, Employee #1 and Coworkers #1 and #2, employed by a plumbing and heating company, were leaving the construction site for a new hospital at the end of their shift.  Coworker #3, an excavator operator, was working outdoors.  Employee #1 and Coworkers #1 and #2 left the building and walked along an un-delineated dirt and gravel path toward an adjacent parking structure.  A Bobcat excavator, PT6E93, E45 *B2VY12385*, 10502602, operated by Coworker #3, was positioned next to the parking structure.  As Employee #1 and Coworkers #1 and #2 passed the excavator, Employee #1 tripped over some pebbles, fell forward, and struck his head on the bucket of the excavator.  His left eye made contact with the rock tooth (fork) mounted on the corner of the bucket.  Emergency services were called, and Employee #1 was transported to the hospital.  He was admitted and treated for a puncture wound that destroyed his left eye.  He subsequently was transferred to another hospital for advanced treatment, including a surgical procedure for placing a prosthetic eye in the eye socket.  During the subsequent investigation, it was determined that no barriers were in place to restrict access to the excavation area. ",,
746,4/17/2017,,,,V,V,Male,Employee,Laceration,"At 4:15 p.m. on April 17, 2017, an employee was observing the movement of the gantry crane as he walked along the spillway while retracting an air hose on a reel.  The employee didn't notice a stationary ladder that was attached to the spillway wall and the employee's arm got caught between the ladder railing and a gearbox cover. The employee's forearm was cut. ",,
747,4/17/2017,,,,V,V,Male,Employee,Electrocution,"At 3:45 p.m. on April 17, 2017, an employee was trimming branches away from a 19,900 volt power line that was overhead.  The employee had made a snap cut in a tree branch when the wind caught the branch that caused it to swing into the power line. The employee was still holding the branch when the branch struck the power line and was electrocuted. ",,
748,4/17/2017,,,,V,V,Male,Employee,"Fracture, Broken Bones","At 2:10 p.m. on April 17, 2017, an employee was measuring the length of a log as it travelled along the small bull chain log haul to determine if it needed to be cut before it was sent to the sawyer. The employee walked to the far end of the log and attached a tape measure and walked back. The employee returned, fell approximately 49 inches through an opening in the decking, and landed on a hydraulic cylinder which moves a metal push bar causing logs to move to the deck conveyors from the small bull chain. The employee sustained four fractured ribs and a fractured sternum. The conveyor was equipped with angled deck conveyors on both sides which were loaded with logs to feed the left and right Head Rigs. Wood boards approximately 2 inches by 6 inches were installed between the chains of the deck conveyors for employees to walk on. The platforms were not fully decked, leaving three floor openings on either side of the small bull chain conveyor. The openings between the chains that were not decked were approximately 40 inches by 50 inches. The employee fell because either a board gave out or the employee was standing on the chain of the deck conveyor when it was activated by the Head Sawyer. A board was noted as being down by the injured employee at the time of the fall. The injured employee was able to pull himself out of the opening. There were no witnesses to the accident. ",,
749,4/17/2017,,,,V,V,Male,Employee,Head Trauma,"At 2:30 p.m. on April 17, 2017, an employee was sweeping a floor. The employee backed off the open side of a receiving dock to a lower level concrete floor and sustained a concussion and bleeding on the brain. ",,
750,4/17/2017,,,,V,V,Female,Employee,Serious Fall/Strike,"At 1:00 p.m. on April 17, 2017, an employee knelt down to pick up a glove that was dropped.  The employee was struck by a 2015 GMC Sierra 2500 pickup truck when a coworker backed up and was killed. ",,
751,1/10/2016 0:00,Country_01,Local_04,Mining,IV,IV,Male,Third Party,Falling Object,Approximately at 11:45 a.m. while mechanics performed removal of a 70 kg pulley from pump motor 3015. The pulley was heated to loosen it then fell from 1.06 m height onto the worker's right instep causing fracture.,,
752,2/2/2016 0:00,Country_01,Local_01,Mining,IV,V,Male,Third Party,Electrical,Operator of Jumbo 2 attempted to energize equipment at intersection 544. While lifting the thermomagnetic key on 440V 400A panel a phase-to-ground flash occurred burning his face and hands.,,
753,3/18/2016 0:00,Country_01,Local_04,Mining,IV,IV,Male,Third Party,Falling Object,During unloading of 1800 kg metal plates the central part of the stretcher broke while rigger was removing slings. Both feet were crushed under the falling plates.,,
754,3/22/2016 0:00,Country_01,Local_01,Mining,IV,IV,Male,Third Party,Falling Object,Worker standing in ampoloader basket at 3 m height securing HDPE pipe with chain. Pipe slipped and struck his right arm causing radius fracture.,,
755,4/5/2016 0:00,Country_01,Local_03,Construction,IV,IV,Male,Employee,Falling Object,Steel beam being hoisted by crane swung unexpectedly and struck worker on the shoulder causing clavicle fracture. Load was estimated at 500 kg.,,
756,4/18/2016 0:00,Country_01,Local_05,Manufacturing,IV,V,Male,Contractor,Machinery,Worker's hand caught in conveyor belt rollers during maintenance. Belt was not locked out. Crush injury to right hand requiring amputation of three fingers.,,
757,5/2/2016 0:00,Country_01,Local_02,Mining,IV,IV,Male,Third Party,Explosion,While welding near a fuel tank on a haul truck a small explosion occurred. Worker suffered second-degree burns to face and chest.,,
758,5/15/2016 0:00,Country_01,Local_06,Warehousing,IV,IV,Male,Employee,Falling Object,Forklift operator knocked over a pallet of stacked concrete blocks weighing 800 kg. Blocks fell onto worker's legs causing compound fractures.,,
759,6/1/2016 0:00,Country_01,Local_04,Mining,IV,V,Male,Third Party,Transport,Worker was struck by a reversing dump truck at the loading zone. Suffered pelvic fracture and internal bleeding.,,
760,6/14/2016 0:00,Country_01,Local_07,Construction,IV,IV,Male,Subcontractor,Fall from Height,Worker fell from scaffolding at 6 m height after a plank broke. Sustained spinal fracture and traumatic brain injury.,,
761,7/3/2016 0:00,Country_01,Local_01,Mining,IV,IV,Male,Employee,Electrical,While repairing 1000V cable joint a worker accidentally made contact with exposed conductor. Received severe electric shock causing cardiac arrhythmia and burns.,,
762,7/20/2016 0:00,Country_01,Local_08,Manufacturing,IV,V,Male,Contractor,Machinery,Operator's sleeve got caught in a rotating lathe machine. Arm was twisted causing complete dislocation and nerve damage.,,
763,8/5/2016 0:00,Country_01,Local_04,Mining,IV,IV,Male,Third Party,Falling Object,Chain sling failed while lifting a 2-tonne pump motor. The motor fell onto worker's lower back causing compression fracture.,,
764,8/22/2016 0:00,Country_01,Local_09,Construction,IV,IV,Male,Employee,Fall from Height,Worker fell through an unprotected floor opening on the 4th floor landing on concrete. Suffered multiple rib fractures and collapsed lung.,,
765,9/9/2016 0:00,Country_01,Local_02,Mining,IV,V,Male,Third Party,Chemical,Worker splashed with concentrated sulfuric acid during tank cleaning. Sustained chemical burns to arms and torso (20% body surface).,,
766,9/25/2016 0:00,Country_01,Local_03,Warehousing,IV,IV,Male,Employee,Crushing,Worker was pinned between a loading dock and reversing trailer. Sustained severe crush injury to pelvis requiring emergency surgery.,,
767,10/10/2016 0:00,Country_01,Local_01,Mining,IV,IV,Male,Contractor,Falling Object,Rock bolt fell from 4 m height onto worker's shoulder causing dislocation and fracture of the scapula.,,
768,10/28/2016 0:00,Country_01,Local_05,Manufacturing,IV,V,Male,Employee,Fire,Chemical solvent ignited during mixing operation. Worker suffered severe burns to hands and face (third-degree).,,
769,11/15/2016 0:00,Country_01,Local_04,Mining,IV,IV,Male,Third Party,Transport,Mine locomotive collided with worker walking on tracks. Sustained leg fractures and traumatic amputation of left foot.,,
770,12/1/2016 0:00,Country_01,Local_06,Construction,IV,IV,Male,Subcontractor,Falling Object,Crane hook with 1.5 tonne concrete bucket detached. Bucket struck worker on the back causing multiple spinal fractures.,,
771,12/18/2016 0:00,Country_01,Local_10,Manufacturing,IV,V,Male,Employee,Machinery,Worker's hair caught in rotating drill press causing scalp avulsion and cervical spine injury.,,
772,1/6/2017 0:00,Country_01,Local_02,Mining,IV,IV,Male,Third Party,Falling Object,Grinding wheel shattered during operation; fragments struck worker's chest causing penetrating trauma and rib fracture.,,
773,1/22/2017 0:00,Country_01,Local_07,Construction,IV,IV,Male,Contractor,Electrical,Worker accidentally cut through live 240V cable with an angle grinder causing severe electrical shock and burns to both hands.,,
774,2/10/2017 0:00,Country_01,Local_04,Mining,IV,V,Male,Employee,Explosion,Methane gas accumulation ignited in a confined space. Worker suffered blast injuries and 40% burns.,,
775,2/28/2017 0:00,Country_01,Local_08,Manufacturing,IV,IV,Male,Third Party,Crushing,Forklift tipped over while turning with an elevated load. Operator was pinned under the overhead guard suffering pelvic fractures.,,
776,3/15/2017 0:00,Country_01,Local_01,Mining,IV,IV,Male,Contractor,Fall from Height,Worker slipped from an access ladder at 5 m height on a conveyor gantry. Sustained bilateral ankle fractures and wrist fracture.,,
777,4/2/2017 0:00,Country_01,Local_09,Construction,IV,V,Male,Employee,Falling Object,A concrete form panel weighing 300 kg fell from a crane hook striking worker's helmet but causing severe neck injury and concussion.,,
778,4/20/2017 0:00,Country_01,Local_03,Warehousing,IV,IV,Male,Subcontractor,Transport,Worker struck by a pallet jack loaded with 1000 kg of steel bars. Crush injury to left foot with multiple metatarsal fractures.,,
779,5/8/2017 0:00,Country_01,Local_05,Manufacturing,IV,IV,Male,Employee,Chemical,Caustic soda solution spilled onto worker's lower body during transfer operation. Chemical burns to legs and groin (18% body area).,,
780,5/25/2017 0:00,Country_01,Local_06,Construction,IV,V,Male,Third Party,Fall from Height,Worker fell from a mobile elevated work platform at 8 m height due to hydraulic failure. Sustained spinal cord contusion and multiple fractures.,,
781,6/12/2017 0:00,Country_01,Local_04,Mining,IV,IV,Male,Contractor,Machinery,Worker's glove caught in a conveyor drive roller. Hand was pulled into the roller causing degloving injury and multiple fractures.,,
782,6/30/2017 0:00,Country_01,Local_10,Manufacturing,IV,IV,Male,Employee,Fire,Industrial oven overheated causing a flash fire. Worker received second and third-degree burns to arms and face.,,
783,7/18/2017 0:00,Country_01,Local_02,Mining,IV,V,Male,Third Party,Falling Object,Underground rock fall from the ceiling (loose ground) struck worker on the shoulder causing clavicle and scapula fractures.,,
784,8/5/2017 0:00,Country_01,Local_07,Construction,IV,IV,Male,Employee,Electrical,Worker contacted an overhead power line with an aluminum ladder. Severe electrocution with burns to hands and feet. Cardiac arrest survived with defibrillation.,,
785,8/22/2017 0:00,Country_01,Local_01,Mining,IV,IV,Male,Subcontractor,Transport,Dump truck ran over worker's leg while maneuvering in tight quarters. Compound fracture of tibia and fibula requiring external fixation.,,
786,9/9/2017 0:00,Country_01,Local_08,Manufacturing,IV,V,Male,Contractor,Machinery,Worker's arm got entangled in a cable winding drum. Severe laceration and fracture of humerus with arterial damage.,,
787,9/26/2017 0:00,Country_01,Local_03,Warehousing,IV,IV,Male,Employee,Falling Object,Steel rack collapsed due to overloading. Several boxes weighing 200 kg each fell onto worker causing multiple fractures to legs and pelvis.,,
788,10/15/2017 0:00,Country_01,Local_09,Construction,IV,IV,Male,Third Party,Fall from Height,Worker stepped through a fragile roof skylight at 4 m height falling onto concrete floor. Suffered severe concussion and pelvic fracture.,,
789,11/1/2017 0:00,Country_01,Local_05,Manufacturing,IV,V,Male,Employee,Chemical,Hydrochloric acid line burst under pressure. Worker drenched in acid suffering severe chemical burns to back and legs (25% body area).,,
790,11/18/2017 0:00,Country_01,Local_06,Mining,IV,IV,Male,Contractor,Explosion,Explosive detonator accidentally triggered during charging operation. Worker suffered blast wave trauma and perforated eardrums plus shrapnel wounds.,,
791,12/5/2017 0:00,Country_01,Local_04,Construction,IV,IV,Male,Employee,Falling Object,Scaffold plank weighing 50 kg fell from upper level striking worker's head despite hardhat. Severe concussion and cervical strain.,,
792,12/22/2017 0:00,Country_01,Local_10,Manufacturing,IV,V,Male,Third Party,Machinery,Worker's fingers caught in a hydraulic press during die setup. Index and middle fingers crushed requiring partial amputation.,,
793,1/8/2018 0:00,Country_01,Local_02,Mining,IV,IV,Male,Employee,Electrical,Arc flash when opening a 4.16kV switchgear. Worker suffered severe burns to face and chest (35% burns).,,
794,1/25/2018 0:00,Country_01,Local_07,Construction,IV,IV,Male,Subcontractor,Fall from Height,Ladder slipped on wet surface while worker was at 5 m height. Fell onto concrete causing wrist fracture and spinal compression.,,
795,2/12/2018 0:00,Country_01,Local_01,Mining,IV,V,Male,Third Party,Transport,Worker's foot caught between two rail cars during shunting operation. Crush injury requiring partial amputation of foot.,,
796,3/1/2018 0:00,Country_01,Local_08,Manufacturing,IV,IV,Male,Contractor,Falling Object,Overhead hoist load (800 kg) dropped due to broken chain. Struck worker's leg causing femoral fracture.,,
797,3/18/2018 0:00,Country_01,Local_03,Warehousing,IV,IV,Male,Employee,Crushing,Worker trapped between shelving unit and reaching truck. Crush injury to thorax with multiple rib fractures and pneumothorax.,,
798,4/6/2018 0:00,Country_01,Local_09,Construction,IV,V,Male,Third Party,Electrical,Worker drilled into concealed live 480V cable. Severe electrical shock with exit wound on foot causing burns and neurological damage.,,
799,4/23/2018 0:00,Country_01,Local_05,Manufacturing,IV,IV,Male,Employee,Fall from Height,Worker fell from maintenance platform at 3 m height after tripping on loose tools. Fractured elbow and severe concussion.,,
800,5/10/2018 0:00,Country_01,Local_06,Mining,IV,IV,Male,Contractor,Falling Object,Rock fragment ejected from crusher struck worker's chest causing sternal fracture and cardiac contusion.,,
801,5/27/2018 0:00,Country_01,Local_04,Construction,IV,V,Male,Employee,Falling Object,Steel rebar bundle slipped from sling during lifting. Struck worker on the shoulder causing acromioclavicular joint disruption.,,
802,6/14/2018 0:00,Country_01,Local_10,Manufacturing,IV,IV,Male,Third Party,Fire,Flammable vapor explosion in paint booth. Worker suffered severe burns to face and upper torso (30% body surface).,,
803,7/2/2018 0:00,Country_01,Local_02,Mining,IV,IV,Male,Subcontractor,Transport,Truck driver jumped from moving vehicle after brake failure. Sustained ankle and wrist fractures upon landing.,,
804,7/19/2018 0:00,Country_01,Local_07,Construction,IV,V,Male,Employee,Fall from Height,Worker fell from roof edge at 6 m while installing sheeting. Multiple fractures to pelvis and lumbar spine.,,
805,8/6/2018 0:00,Country_01,Local_01,Mining,IV,IV,Male,Contractor,Electrical,Worker came into contact with 240V uninsulated cable while standing in water. Severe shock causing ventricular fibrillation and burns.,,
806,8/23/2018 0:00,Country_01,Local_08,Manufacturing,IV,IV,Male,Employee,Machinery,Worker's hand pulled into grinding machine. Severe abrasion and fracture of metacarpal bones requiring surgical repair.,,
807,9/10/2018 0:00,Country_01,Local_03,Warehousing,IV,V,Male,Third Party,Falling Object,Counterweight dropped from forklift striking worker's foot. Crush injury to metatarsals and midfoot dislocation.,,
808,9/27/2018 0:00,Country_01,Local_09,Construction,IV,IV,Male,Employee,Chemical,Worker splashed with quicklime during mixing. Severe chemical burns to arms and face (15% body area).,,
809,10/15/2018 0:00,Country_01,Local_05,Mining,IV,IV,Male,Contractor,Explosion,Dust explosion in coal processing unit. Worker suffered blast injuries and burns to back and arms.,,
810,11/1/2018 0:00,Country_01,Local_06,Manufacturing,IV,V,Male,Employee,Fall from Height,Worker fell into an open pit 4 m deep while walking backwards. Sustained fractured femur and severe back contusion.,,
811,11/18/2018 0:00,Country_01,Local_04,Construction,IV,IV,Male,Third Party,Crushing,Concrete pump hose whipped violently striking worker's chest. Multiple rib fractures and internal organ damage.,,
812,12/5/2018 0:00,Country_01,Local_10,Warehousing,IV,IV,Male,Employee,Transport,Forklift drove over worker's foot. Crush injury with fracture of several tarsal bones.,,
813,12/22/2018 0:00,Country_01,Local_02,Mining,IV,V,Male,Subcontractor,Falling Object,Large chunk of ore fell from conveyor belt at 10 m height. Struck worker's helmet and caused severe neck whiplash and concussion.,,
814,1/9/2016 0:00,Country_01,Local_07,Construction,IV,IV,Male,Employee,Electrical,Worker cut through energized 120V cable causing severe shock and fall from ladder. Fractured arm and head injury.,,
815,1/26/2016 0:00,Country_01,Local_01,Mining,IV,IV,Male,Third Party,Transport,Worker was run over by a bulldozer blade while cleaning tracks. Pelvic fracture and internal hemorrhage.,,
816,2/13/2016 0:00,Country_01,Local_08,Manufacturing,IV,V,Male,Contractor,Machinery,Rotating shaft caught worker's clothing. Pulled worker in causing severe spinal and rib injuries.,,
817,3/1/2016 0:00,Country_01,Local_09,Construction,IV,IV,Male,Employee,Falling Object,Tile bundle (100 kg) fell from crane at 15 m. Struck worker's shoulder causing scapula fracture and dislocation.,,
818,3/19/2016 0:00,Country_01,Local_03,Warehousing,IV,IV,Male,Third Party,Crushing,Workers were moving a heavy transformer (2 tonnes) when it toppled. Worker's leg was crushed below knee.,,
819,4/5/2016 0:00,Country_01,Local_05,Mining,IV,V,Male,Employee,Chemical,Cyanide solution leaked onto worker's hand during sampling. Severe chemical burns requiring skin grafts.,,
820,4/22/2016 0:00,Country_01,Local_06,Manufacturing,IV,IV,Male,Contractor,Fall from Height,Worker fell from a 3 m ladder while changing lightbulb in warehouse. Sustained fractured wrist and severe back sprain with disc injury.,,
821,5/9/2016 0:00,Country_01,Local_10,Construction,IV,IV,Male,Employee,Electrical,Worker energized a panel incorrectly causing a 600V arc flash. Burns to face and hands (20% body area).,,
822,5/26/2016 0:00,Country_01,Local_02,Mining,IV,V,Male,Third Party,Falling Object,Stope scaling bar fell from top of underground excavation striking worker's leg. Fractured femur.,,
823,6/13/2016 0:00,Country_01,Local_07,Warehousing,IV,IV,Male,Subcontractor,Transport,Pallet truck with 1.5 tonne load ran over worker's heel. Calcaneus fracture requiring surgery.,,
824,6/30/2016 0:00,Country_01,Local_01,Mining,IV,IV,Male,Employee,Explosion,Acetylene cylinder exploded during cutting operation. Worker suffered multiple lacerations from shrapnel and partial hearing loss.,,
825,7/17/2016 0:00,Country_01,Local_08,Manufacturing,IV,V,Male,Contractor,Machinery,Press operator's hand was caught between die plates. Crush injury causing multiple metacarpal fractures and nerve damage.,,
826,8/3/2016 0:00,Country_01,Local_09,Construction,IV,IV,Male,Employee,Fall from Height,Worker fell through a temporary floor opening 5 m high. Sustained fractured pelvis and traumatic brain injury.,,
827,8/20/2016 0:00,Country_01,Local_04,Mining,IV,IV,Male,Third Party,Falling Object,Drill rod slipped from boom and struck worker's foot. Multiple metatarsal fractures.,,
828,9/6/2016 0:00,Country_01,Local_05,Warehousing,IV,V,Male,Employee,Crushing,Worker was crushed between a moving rack and a concrete pillar. Chest compression with multiple rib fractures and lung contusion.,,
829,9/23/2016 0:00,Country_01,Local_06,Manufacturing,IV,IV,Male,Contractor,Electrical,Worker received 110V shock while repairing a machine. Fell and hit head causing subdural hematoma.,,
830,10/11/2016 0:00,Country_01,Local_10,Mining,IV,IV,Male,Third Party,Transport,Worker riding on a conveyor belt was thrown off and struck a support beam. Severe head injury and fractured clavicle.,,
831,10/28/2016 0:00,Country_01,Local_02,Construction,IV,V,Male,Employee,Falling Object,A scaffold coupler dropped from 20 m struck worker's shoulder. Scapular fracture and rotator cuff tear.,,
832,11/14/2016 0:00,Country_01,Local_07,Manufacturing,IV,IV,Male,Subcontractor,Fire,Oil fire in hydraulic unit. Worker sustained second-degree burns to forearms and face when trying to extinguish.,,
833,12/1/2016 0:00,Country_01,Local_08,Warehousing,IV,IV,Male,Employee,Fall from Height,Worker fell off an order picker at 6 m height. Fractured spine and bilateral ankle fractures.,,
834,12/18/2016 0:00,Country_01,Local_03,Mining,IV,V,Male,Third Party,Explosion,Methane ignition in an underground heading. Worker suffered lung damage from blast overpressure and burns to exposed skin.,,
835,1/5/2017 0:00,Country_01,Local_01,Construction,IV,IV,Male,Contractor,Electrical,Worker drilled into a live 277V cable causing an arc that burned his face and arms.,,
836,1/22/2017 0:00,Country_01,Local_09,Manufacturing,IV,IV,Male,Employee,Machinery,Worker's finger caught in conveyor chain link. Severe crush and avulsion requiring amputation of the distal phalanx.,,
837,2/8/2017 0:00,Country_01,Local_05,Warehousing,IV,V,Male,Third Party,Falling Object,Bale of cotton (300 kg) fell from top rack. Struck worker on lower back causing compression fracture of L4.,,
838,2/25/2017 0:00,Country_01,Local_06,Mining,IV,IV,Male,Employee,Transport,Worker was hit by a shuttle car while crossing the roadway. Fractured pelvis and internal injuries.,,
839,3/14/2017 0:00,Country_01,Local_10,Construction,IV,IV,Male,Subcontractor,Fall from Height,Worker fell from scaffolding at 4 m after a board broke. Sustained fractured wrist and severe concussion.,,
840,3/31/2017 0:00,Country_01,Local_02,Manufacturing,IV,V,Male,Contractor,Chemical,Worker splashed with molten plastic during extrusion process. Severe thermal burns to hands and forearms (third degree).,,
841,4/17/2017 0:00,Country_01,Local_07,Mining,IV,IV,Male,Employee,Crushing,Worker's hand was caught between two rail cars during coupling. Crush injury causing metacarpal fractures.,,
842,5/5/2017 0:00,Country_01,Local_08,Warehousing,IV,IV,Male,Third Party,Falling Object,Pallets collapsed due to overstacking. Boxes weighing 50 kg each fell on worker causing shoulder and back injuries.,,
843,5/22/2017 0:00,Country_01,Local_04,Construction,IV,V,Male,Employee,Electrical,Worker touched a damaged extension cord with bare hands. Severe electric shock causing burns to hands and arrhythmia.,,
844,6/8/2017 0:00,Country_01,Local_09,Manufacturing,IV,IV,Male,Contractor,Machinery,Worker's apron caught in a grinding mill. Pulled worker forward causing severe abdominal contusions and rib fractures.,,
845,6/25/2017 0:00,Country_01,Local_01,Mining,IV,IV,Male,Employee,Falling Object,Rock bolt plate fell from 3 m height onto worker's foot. Crush injury of toes.,,
846,7/12/2017 0:00,Country_01,Local_05,Construction,IV,V,Male,Third Party,Fall from Height,Worker slipped from a wet roof at 7 m height. Sustained fractured pelvis and spinal compression.,,
847,7/29/2017 0:00,Country_01,Local_03,Warehousing,IV,IV,Male,Subcontractor,Transport,Worker was struck by reversing delivery truck in the loading bay. Leg fractures and internal bruising.,,
848,8/15/2017 0:00,Country_01,Local_06,Mining,IV,IV,Male,Employee,Explosion,Explosive charge detonated prematurely during blasting. Worker suffered severe blast lung injury and burns.,,
849,9/1/2017 0:00,Country_01,Local_10,Manufacturing,IV,V,Male,Contractor,Fire,Silicone solvent ignited causing flash fire. Worker received burns to face, neck, and hands (30% body area).
850,9/18/2017 0:00,Country_01,Local_02,Construction,IV,IV,Male,Employee,Falling Object,Concrete block dropped from a forklift mast. Struck worker's shoulder causing fracture.,,
851,10/5/2017 0:00,Country_01,Local_07,Warehousing,IV,IV,Male,Third Party,Crushing,Worker pinned between a pallet rack and a powered pallet truck. Crush injury to abdomen with internal bleeding.,,
852,10/22/2017 0:00,Country_01,Local_08,Mining,IV,V,Male,Employee,Electrical,Worker contacted 1000V overhead trolley wire with a metal rod. Severe electrocution with third-degree burns.,,
853,11/8/2017 0:00,Country_01,Local_04,Manufacturing,IV,IV,Male,Contractor,Machinery,Worker's hand got caught in a belt and pulley drive. Avulsion injury to fingers requiring reconstruction.,,
854,11/25/2017 0:00,Country_01,Local_09,Construction,IV,IV,Male,Employee,Fall from Height,Worker fell from an aerial lift at 10 m after controls malfunctioned. Multiple spinal and pelvic fractures.,,
855,12/12/2017 0:00,Country_01,Local_01,Mining,IV,V,Male,Third Party,Transport,Mine truck collision. Worker thrown from vehicle suffering head trauma and fractured femur.,,
856,12/29/2017 0:00,Country_01,Local_05,Warehousing,IV,IV,Male,Subcontractor,Falling Object,Steel pipe rolled off storage rack striking worker's leg. Fractured tibia and fibula.,,
857,1/15/2018 0:00,Country_01,Local_06,Manufacturing,IV,IV,Male,Employee,Chemical,Sodium hydroxide spilled onto worker's feet due to drum rupture. Chemical burns requiring skin grafts.,,
858,2/1/2018 0:00,Country_01,Local_10,Mining,IV,V,Male,Contractor,Explosion,Diesel fuel vapor explosion in workshop. Worker sustained 40% burns to torso and arms.,,
859,2/18/2018 0:00,Country_01,Local_03,Construction,IV,IV,Male,Third Party,Electrical,Worker received a shock from a faulty portable generator (230V). Suffered severe muscle contractions and rotator cuff injury from fall.,,
860,3/7/2018 0:00,Country_01,Local_07,Warehousing,IV,IV,Male,Employee,Falling Object,Forklift mast sheared off and struck worker's pelvis. Fractured ilium and pubic rami.,,
861,3/24/2018 0:00,Country_01,Local_02,Mining,IV,V,Male,Contractor,Machinery,Worker's leg caught in a continuous miner chain. Severe laceration and fracture of tibia with arterial damage.,,
862,4/10/2018 0:00,Country_01,Local_08,Construction,IV,IV,Male,Employee,Fall from Height,Worker fell from a 6 m ladder while carrying heavy load. Fractured wrist and severe back compression.,,
863,4/27/2018 0:00,Country_01,Local_04,Manufacturing,IV,IV,Male,Subcontractor,Fire,Chemical reactor overheated causing a fire. Worker suffered smoke inhalation and second-degree burns.,,
864,5/14/2018 0:00,Country_01,Local_09,Warehousing,IV,V,Male,Employee,Crushing,Worker crushed between two trailers during docking. Severe pelvic fracture and bladder rupture.,,
865,5/31/2018 0:00,Country_01,Local_01,Mining,IV,IV,Male,Third Party,Transport,Worker struck by a battery-powered haulage vehicle. Fractured clavicle and multiple rib fractures.,,
866,6/17/2018 0:00,Country_01,Local_05,Construction,IV,IV,Male,Contractor,Falling Object,Crane hook block fell 12 m striking worker's shoulder. Acromioclavicular joint dislocation and fracture.,,
867,7/4/2018 0:00,Country_01,Local_06,Manufacturing,IV,V,Male,Employee,Electrical,Worker was electrocuted while cleaning a 480V panel with a metal tool. Cardiac arrest and severe burns.,,
868,7/21/2018 0:00,Country_01,Local_10,Mining,IV,IV,Male,Third Party,Explosion,Propane tank explosion in underground maintenance bay. Worker suffered burns and blast trauma.,,
869,8/7/2018 0:00,Country_01,Local_03,Warehousing,IV,IV,Male,Employee,Fall from Height,Worker fell through a broken pallet at 3 m height. Fractured ankle and wrist.,,
870,8/24/2018 0:00,Country_01,Local_07,Construction,IV,V,Male,Subcontractor,Crushing,Steel beam shifted during rigging and trapped worker's hand against a column. Multiple metacarpal fractures.,,
871,9/10/2018 0:00,Country_01,Local_02,Manufacturing,IV,IV,Male,Contractor,Machinery,Worker's arm was pulled into a rolling mill. Severe crush and degloving injury requiring amputation.,,
872,9/27/2018 0:00,Country_01,Local_08,Mining,IV,IV,Male,Employee,Falling Object,Chunk of concrete fell from overhead conveyor. Struck worker's helmet causing severe neck injury.,,
873,10/14/2018 0:00,Country_01,Local_09,Warehousing,IV,V,Male,Third Party,Transport,Worker was pinned against a wall by an automated guided vehicle. Pelvic fracture and internal injuries.,,
874,10/31/2018 0:00,Country_01,Local_04,Construction,IV,IV,Male,Employee,Electrical,Worker accidentally severed a 480V cable with a saw causing an arc flash. Burns to face and hands.,,
875,11/17/2018 0:00,Country_01,Local_01,Mining,IV,IV,Male,Contractor,Fall from Height,Worker fell from a conveyor catwalk 5 m high. Fractured vertebra and bilateral ankle fractures.,,
876,12/4/2018 0:00,Country_01,Local_05,Manufacturing,IV,V,Male,Employee,Fire,Hot oil spill ignited causing flash fire. Worker suffered third-degree burns to legs and abdomen (25%).,,
877,12/21/2018 0:00,Country_01,Local_06,Warehousing,IV,IV,Male,Third Party,Falling Object,Heavy box (150 kg) fell from overhead storage. Struck worker on the back causing spinal compression fracture.,,
878,1/7/2016 0:00,Country_01,Local_10,Construction,IV,IV,Male,Employee,Crushing,Worker's foot crushed by a falling concrete slab. Multiple metatarsal and tarsal fractures.,,
879,1/24/2016 0:00,Country_01,Local_03,Mining,IV,V,Male,Subcontractor,Electrical,Worker came into contact with a 220V ungrounded pump. Severe shock causing burns to palms and chest.,,
880,2/11/2016 0:00,Country_01,Local_07,Manufacturing,IV,IV,Male,Contractor,Machinery,Worker's finger was severed by a circular saw blade. Amputation of index finger.,,
881,2/28/2016 0:00,Country_01,Local_01,Warehousing,IV,IV,Male,Employee,Fall from Height,Worker fell from 4 m high rack while stacking boxes. Fractured pelvis and severe concussion.,,
882,3/16/2016 0:00,Country_01,Local_08,Mining,IV,V,Male,Third Party,Transport,Worker struck by a moving locomotive. Multiple fractures and traumatic amputation of lower leg.,,
883,4/2/2016 0:00,Country_01,Local_04,Construction,IV,IV,Male,Employee,Chemical,Acid spill during tank filling. Worker received chemical burns to arms and face (10% body).,,
884,4/19/2016 0:00,Country_01,Local_09,Warehousing,IV,IV,Male,Contractor,Falling Object,Rack support beam collapsed sending 500 kg load down. Worker's foot crushed.,,
885,5/6/2016 0:00,Country_01,Local_02,Manufacturing,IV,V,Male,Employee,Explosion,Compressed air receiver tank exploded. Worker suffered shrapnel wounds to abdomen and legs.,,
886,5/23/2016 0:00,Country_01,Local_06,Mining,IV,IV,Male,Third Party,Fall from Height,Worker fell from an ore pass chute at 3 m. Fractured femur and dislocated shoulder.,,
887,6/9/2016 0:00,Country_01,Local_05,Construction,IV,IV,Male,Subcontractor,Electrical,Worker contacted 240V line with his head. Severe burns to scalp and neurological damage.,,
888,6/26/2016 0:00,Country_01,Local_10,Warehousing,IV,V,Male,Employee,Crushing,Worker was pinned between a forklift and a steel column. Crush injury to chest causing cardiac contusion.,,
889,7/13/2016 0:00,Country_01,Local_03,Mining,IV,IV,Male,Contractor,Falling Object,Mining rock bolt fell 8 m from the roof. Struck worker's shoulder causing fracture.,,
890,7/30/2016 0:00,Country_01,Local_07,Manufacturing,IV,IV,Male,Employee,Fire,Electrical panel fire. Worker suffered burns to hands while using extinguisher and flash burn to face.,,
891,8/16/2016 0:00,Country_01,Local_01,Construction,IV,V,Male,Third Party,Fall from Height,Worker fell from scaffolding 9 m high after guardrail failure. Multiple spinal fractures and traumatic brain injury.,,
892,9/2/2016 0:00,Country_01,Local_08,Warehousing,IV,IV,Male,Employee,Transport,Worker's foot run over by a pallet mover. Fractured calcaneus and multiple tarsal fractures.,,
893,9/19/2016 0:00,Country_01,Local_04,Mining,IV,IV,Male,Contractor,Electrical,Arc flash from a 2.3kV motor starter. Worker suffered severe burns to chest and arms.,,
894,10/6/2016 0:00,Country_01,Local_09,Manufacturing,IV,V,Male,Employee,Machinery,Worker's hand caught in a punch press. Crush and amputation of two fingers.,,
895,10/23/2016 0:00,Country_01,Local_02,Construction,IV,IV,Male,Subcontractor,Falling Object,Toolbox fell from height (10 m) striking worker's helmet. Severe cervical strain and concussion.,,
896,11/9/2016 0:00,Country_01,Local_06,Warehousing,IV,IV,Male,Third Party,Crushing,Worker trapped under fallen carton stack (1 tonne). Fractured ribs and internal organ damage.,,
897,11/26/2016 0:00,Country_01,Local_05,Mining,IV,V,Male,Employee,Explosion,Methane explosion in an abandoned working. Worker suffered burns to face and arms.,,
898,12/13/2016 0:00,Country_01,Local_10,Manufacturing,IV,IV,Male,Contractor,Chemical,Sulfuric acid splash onto worker's legs. Chemical burns (15% body) requiring skin grafts.,,
899,12/30/2016 0:00,Country_01,Local_03,Construction,IV,IV,Male,Employee,Fall from Height,Worker fell from a 3 m stepladder. Fractured wrist and ankle.,,
900,1/16/2017 0:00,Country_01,Local_07,Mining,IV,V,Male,Third Party,Transport,Worker hit by a mining shuttle car. Fractured pelvis and leg.,,
901,2/2/2017 0:00,Country_01,Local_01,Warehousing,IV,IV,Male,Employee,Falling Object,Overhead door mechanism failed. Door fell striking worker on shoulder causing fracture.,,
902,2/19/2017 0:00,Country_01,Local_08,Manufacturing,IV,IV,Male,Contractor,Machinery,Worker's hair caught in a drill press. Scalp avulsion and cervical spine injury.,,
903,3/8/2017 0:00,Country_01,Local_04,Construction,IV,V,Male,Employee,Electrical,Worker touched live bus bars in a 400V panel. Severe shock with exit wound causing burns.,,
904,3/25/2017 0:00,Country_01,Local_09,Mining,IV,IV,Male,Subcontractor,Falling Object,Large ore fragment fell from truck bed onto worker's foot. Crush injury requiring amputation of great toe.,,
905,4/11/2017 0:00,Country_01,Local_06,Warehousing,IV,IV,Male,Employee,Fire,Pallet of flammable solvents ignited. Worker sustained burns to hands and face while escaping.,,
906,4/28/2017 0:00,Country_01,Local_02,Manufacturing,IV,V,Male,Contractor,Crushing,Worker's arm was pulled into a gearbox. Severe crush and fracture of humerus.,,
907,5/15/2017 0:00,Country_01,Local_10,Construction,IV,IV,Male,Employee,Fall from Height,Worker stepped off an unguarded edge at 5 m. Fractured femur and severe hip dislocation.,,
908,6/1/2017 0:00,Country_01,Local_05,Mining,IV,IV,Male,Third Party,Transport,Worker run over by a conveyor belt idler. Pelvic fracture and internal injuries.,,
909,6/18/2017 0:00,Country_01,Local_03,Warehousing,IV,V,Male,Subcontractor,Falling Object,Steel coil (600 kg) overturned onto worker's leg. Crush injury and fracture of tibia.,,
910,7/5/2017 0:00,Country_01,Local_07,Manufacturing,IV,IV,Male,Employee,Electrical,Worker attempted to reset a tripped 480V breaker without PPE. Arc flash causing third-degree burns.,,
911,7/22/2017 0:00,Country_01,Local_01,Mining,IV,IV,Male,Contractor,Explosion,Blasting agent explosion due to shock. Worker suffered blast lung and multiple lacerations.,,
912,8/8/2017 0:00,Country_01,Local_08,Construction,IV,V,Male,Employee,Fall from Height,Worker fell through a sheeted roof 6 m high. Sustained fractured spine and traumatic brain injury.,,
913,8/25/2017 0:00,Country_01,Local_09,Warehousing,IV,IV,Male,Third Party,Crushing,Forklift rolled over pinning worker's torso. Multiple rib fractures and collapsed lung.,,
914,9/11/2017 0:00,Country_01,Local_04,Mining,IV,IV,Male,Employee,Machinery,Worker's glove caught in a diamond drill. Severe laceration and fracture of fingers.,,
915,9/28/2017 0:00,Country_01,Local_06,Manufacturing,IV,V,Male,Contractor,Chemical,Ammonia leak. Worker suffered severe chemical burns to eyes and respiratory damage.,,
916,10/15/2017 0:00,Country_01,Local_02,Construction,IV,IV,Male,Employee,Falling Object,Formwork panel fell from 7 m. Struck worker's back causing lumbar fracture.,,
917,11/1/2017 0:00,Country_01,Local_05,Warehousing,IV,IV,Male,Subcontractor,Transport,Worker struck by a reversing reach truck. Fractured ankle and pelvic contusion.,,
918,11/18/2017 0:00,Country_01,Local_10,Mining,IV,V,Male,Third Party,Electrical,Worker contacted 600V DC overhead line. Severe burns to hands and cardiac arrest.,,
919,12/5/2017 0:00,Country_01,Local_03,Manufacturing,IV,IV,Male,Employee,Fire,Oven fire caused by grease buildup. Worker suffered smoke inhalation and burns to arms.,,
920,12/22/2017 0:00,Country_01,Local_07,Construction,IV,IV,Male,Contractor,Fall from Height,Worker fell from a 2.5 m scaffolding after losing balance. Fractured wrist and severe sprain.,,
921,1/8/2018 0:00,Country_01,Local_01,Warehousing,IV,V,Male,Employee,Crushing,Worker crushed between a heavy pallet and a wall. Fractured pelvis and internal bleeding.,,
922,1/25/2018 0:00,Country_01,Local_08,Mining,IV,IV,Male,Third Party,Falling Object,Underground rock burst sent debris flying. Struck worker's leg causing femur fracture.,,
923,2/11/2018 0:00,Country_01,Local_04,Manufacturing,IV,IV,Male,Contractor,Machinery,Worker's fingers caught in a roller press. Amputation of middle and ring fingers.,,
924,2/28/2018 0:00,Country_01,Local_09,Construction,IV,V,Male,Employee,Electrical,Worker cut through a buried power cable (11kV). Severe shock with massive burns to arms.,,
925,3/17/2018 0:00,Country_01,Local_06,Warehousing,IV,IV,Male,Subcontractor,Transport,Worker hit by a tow tractor in the yard. Fractured leg and severe concussion.,,
926,4/3/2018 0:00,Country_01,Local_02,Mining,IV,IV,Male,Employee,Explosion,Coal dust explosion. Worker suffered burns to face and hands.,,
927,4/20/2018 0:00,Country_01,Local_05,Manufacturing,IV,V,Male,Contractor,Chemical,Chlorine gas release. Worker suffered severe chemical pneumonitis and burns.,,
928,5/7/2018 0:00,Country_01,Local_10,Construction,IV,IV,Male,Employee,Fall from Height,Worker fell from a roof ladder at 4 m. Fractured wrist and ankle.,,
929,5/24/2018 0:00,Country_01,Local_03,Warehousing,IV,IV,Male,Third Party,Falling Object,Roof insulation board (50 kg) fell from height onto worker's head. Severe concussion and neck injury.,,
930,6/10/2018 0:00,Country_01,Local_07,Mining,IV,V,Male,Employee,Transport,Worker struck by a heavy mine truck. Massive pelvic trauma and leg fractures.,,
931,6/27/2018 0:00,Country_01,Local_01,Manufacturing,IV,IV,Male,Contractor,Machinery,Worker's hand pulled into a belt sander. Severe abrasion and bone exposure.,,
932,7/14/2018 0:00,Country_01,Local_08,Construction,IV,IV,Male,Employee,Electrical,Worker contacted a 277V lighting circuit. Shock caused fall from ladder resulting in back fracture.,,
933,7/31/2018 0:00,Country_01,Local_09,Warehousing,IV,V,Male,Subcontractor,Fire,Electrical fire in battery charging area. Worker suffered burns to face and forearms.,,
934,8/17/2018 0:00,Country_01,Local_04,Mining,IV,IV,Male,Third Party,Falling Object,Winch cable snapped. Heavy hook struck worker's abdomen causing internal bleeding.,,
935,9/3/2018 0:00,Country_01,Local_06,Manufacturing,IV,IV,Male,Employee,Crushing,Worker's foot caught under a moving die cart. Crush injury to toes requiring amputation.,,
936,9/20/2018 0:00,Country_01,Local_02,Construction,IV,V,Male,Contractor,Fall from Height,Worker fell from a bridge structure at 12 m. Multiple fractures and spinal cord injury.,,
937,10/7/2018 0:00,Country_01,Local_05,Warehousing,IV,IV,Male,Employee,Transport,Worker struck by a forklift at low speed. Leg fracture and severe contusions.,,
938,10/24/2018 0:00,Country_01,Local_10,Mining,IV,IV,Male,Third Party,Explosion,Water ingress into explosive charge caused misfire and subsequent blast. Worker suffered shrapnel wounds.,,
939,11/10/2018 0:00,Country_01,Local_03,Manufacturing,IV,V,Male,Employee,Chemical,Acetic acid spill. Worker suffered severe burns to lower legs (10% body).,,
940,11/27/2018 0:00,Country_01,Local_07,Construction,IV,IV,Male,Subcontractor,Falling Object,Reinforcement steel dropped from crane. Struck worker's shoulder causing fracture.,,
941,12/14/2018 0:00,Country_01,Local_01,Warehousing,IV,IV,Male,Contractor,Crushing,Worker pinned between racks by a falling pallet. Crush injury to thorax.,,
942,12/31/2018 0:00,Country_01,Local_08,Mining,IV,V,Male,Employee,Electrical,Worker mishandled 3.3kV cable causing severe arc flash. Burns to hands and face.,,
943,1/17/2016 0:00,Country_01,Local_04,Construction,IV,IV,Male,Third Party,Fall from Height,Worker fell from a 3 m platform after guardrail gave way. Fractured femur.,,
944,2/3/2016 0:00,Country_01,Local_09,Manufacturing,IV,IV,Male,Employee,Machinery,Worker's sleeve caught in a lathe. Severe spiral fracture of humerus.,,
945,2/20/2016 0:00,Country_01,Local_06,Warehousing,IV,V,Male,Contractor,Transport,Worker run over by a loaded hand truck. Foot crushed with multiple fractures.,,
946,3/8/2016 0:00,Country_01,Local_02,Mining,IV,IV,Male,Subcontractor,Falling Object,Rock debris fell from scoop bucket striking worker's back. Vertebral fracture.,,
947,3/25/2016 0:00,Country_01,Local_05,Construction,IV,IV,Male,Employee,Electrical,Worker received 110V shock from a frayed cable. Fell and fractured wrist.,,
948,4/11/2016 0:00,Country_01,Local_10,Warehousing,IV,V,Male,Third Party,Fire,Cardboard bales caught fire. Worker suffered burns to hands and face.,,
949,4/28/2016 0:00,Country_01,Local_03,Mining,IV,IV,Male,Employee,Explosion,Oxygen cylinder explosion. Worker suffered blast injuries and burns.,,
950,5/15/2016 0:00,Country_01,Local_07,Manufacturing,IV,IV,Male,Contractor,Machinery,Worker's finger caught in a chain drive. Traumatic amputation of distal phalanx.,,
951,6/1/2016 0:00,Country_01,Local_01,Construction,IV,V,Male,Employee,Fall from Height,Worker fell from a 6 m scaffolding. Multiple fractures and head injury.,,
952,6/18/2016 0:00,Country_01,Local_08,Warehousing,IV,IV,Male,Third Party,Crushing,Worker crushed by falling steel drums (200 kg each). Pelvic fracture.,,
953,7/5/2016 0:00,Country_01,Local_04,Mining,IV,IV,Male,Employee,Transport,Worker struck by a load-haul-dump machine. Severe leg trauma.,,
954,7/22/2016 0:00,Country_01,Local_09,Manufacturing,IV,V,Male,Contractor,Chemical,Strong acid burn to face and eyes. Chemical burns requiring emergency treatment.,,
955,8/8/2016 0:00,Country_01,Local_06,Construction,IV,IV,Male,Employee,Falling Object,Wooden beam fell from second floor striking worker's head. Concussion and neck injury.,,
956,8/25/2016 0:00,Country_01,Local_02,Warehousing,IV,IV,Male,Subcontractor,Fall from Height,Worker fell from a 2.5 m ladder while retrieving boxes. Fractured wrist and ankle.,,
957,9/11/2016 0:00,Country_01,Local_05,Mining,IV,V,Male,Employee,Electrical,Contact with 6.6kV trailing cable. Severe burns to hands and chest.,,
958,9/28/2016 0:00,Country_01,Local_10,Manufacturing,IV,IV,Male,Contractor,Machinery,Worker's arm caught in a conveyor. Fracture and severe laceration.,,
959,10/15/2016 0:00,Country_01,Local_03,Construction,IV,IV,Male,Employee,Falling Object,Masonry block (30 kg) fell from scaffold. Struck worker's foot causing fracture.,,
960,11/1/2016 0:00,Country_01,Local_07,Warehousing,IV,V,Male,Third Party,Transport,Forklift collision. Worker crushed between forklift and racking. Pelvic fracture.,,
961,11/18/2016 0:00,Country_01,Local_01,Mining,IV,IV,Male,Employee,Explosion,Mine detonator explosion. Shrapnel wounds and burns.,,
962,12/5/2016 0:00,Country_01,Local_08,Manufacturing,IV,IV,Male,Contractor,Fire,Oil mist explosion in machining center. Worker suffered burns to torso.,,
963,12/22/2016 0:00,Country_01,Local_04,Construction,IV,V,Male,Employee,Fall from Height,Worker fell from a 4 m high formwork. Fractured spine and pelvis.,,
964,1/8/2017 0:00,Country_01,Local_09,Warehousing,IV,IV,Male,Subcontractor,Crushing,Worker's hand crushed by falling pallet. Multiple metacarpal fractures.,,
965,1/25/2017 0:00,Country_01,Local_06,Mining,IV,IV,Male,Employee,Electrical,Worker touched a bare 550V bus bar. Severe burns to fingers and palm.,,
966,2/11/2017 0:00,Country_01,Local_02,Manufacturing,IV,V,Male,Third Party,Machinery,Worker's leg caught in a rotating auger. Traumatic amputation below knee.,,
967,2/28/2017 0:00,Country_01,Local_05,Construction,IV,IV,Male,Employee,Falling Object,Scaffold coupler fell 15 m. Struck worker's helmet causing severe whiplash.,,
968,3/17/2017 0:00,Country_01,Local_10,Warehousing,IV,IV,Male,Contractor,Transport,Worker run over by a loaded stacker truck. Fractured metatarsals.,,
969,4/3/2017 0:00,Country_01,Local_03,Mining,IV,V,Male,Employee,Explosion,Propane gas explosion. Worker suffered 50% burns and blast lung.,,
970,4/20/2017 0:00,Country_01,Local_07,Manufacturing,IV,IV,Male,Subcontractor,Chemical,Caustic soda splash on arms. Chemical burns requiring grafts.,,
971,5/7/2017 0:00,Country_01,Local_01,Construction,IV,IV,Male,Employee,Fall from Height,Worker fell from a 5 m roof. Fractured ribs and wrist.,,
972,5/24/2017 0:00,Country_01,Local_08,Warehousing,IV,V,Male,Third Party,Crushing,Worker pinned between loaded pallet and wall. Chest trauma and rib fractures.,,
973,6/10/2017 0:00,Country_01,Local_04,Mining,IV,IV,Male,Employee,Electrical,Arc flash from 400V switch. Burns to face and arms.,,
974,6/27/2017 0:00,Country_01,Local_09,Manufacturing,IV,IV,Male,Contractor,Machinery,Worker's hand pulled into a gear train. Severe crush and fracture.,,
975,7/14/2017 0:00,Country_01,Local_06,Construction,IV,V,Male,Employee,Falling Object,Concrete pour bucket hit worker's shoulder. Acromioclavicular joint dislocation.,,
976,7/31/2017 0:00,Country_01,Local_02,Warehousing,IV,IV,Male,Subcontractor,Transport,Worker struck by a forklift mast. Leg fracture and contusions.,,
977,8/17/2017 0:00,Country_01,Local_05,Mining,IV,IV,Male,Employee,Explosion,Dust explosion in filter house. Worker suffered burns and lung injury.,,
978,9/3/2017 0:00,Country_01,Local_10,Manufacturing,IV,V,Male,Contractor,Fire,Transformer fire. Worker suffered smoke inhalation and burns.,,
979,9/20/2017 0:00,Country_01,Local_03,Construction,IV,IV,Male,Employee,Fall from Height,Worker fell from a 3 m platform. Fractured ankle and wrist.,,
980,10/7/2017 0:00,Country_01,Local_07,Warehousing,IV,IV,Male,Third Party,Falling Object,Heavy carton fell from shelf. Struck worker's back causing disc herniation.,,
981,10/24/2017 0:00,Country_01,Local_01,Mining,IV,V,Male,Employee,Transport,Worker run over by a continuous miner. Fractured pelvis and internal injuries.,,
982,11/10/2017 0:00,Country_01,Local_08,Construction,IV,IV,Male,Contractor,Electrical,Worker contacted 240V wire with metal ladder. Severe shock and fall causing fracture.,,
983,11/27/2017 0:00,Country_01,Local_04,Manufacturing,IV,IV,Male,Employee,Machinery,Worker's finger caught in a press. Amputation of ring finger.,,
984,12/14/2017 0:00,Country_01,Local_09,Warehousing,IV,V,Male,Subcontractor,Crushing,Worker crushed between a fork truck and a rack. Severe abdominal trauma.,,
985,12/31/2017 0:00,Country_01,Local_06,Mining,IV,IV,Male,Employee,Falling Object,Falling rock from roof struck worker's shoulder. Fractured clavicle.,,
986,1/17/2018 0:00,Country_01,Local_02,Manufacturing,IV,IV,Male,Third Party,Chemical,Battery acid splash. Severe burns to eyes and face.,,
987,2/3/2018 0:00,Country_01,Local_05,Construction,IV,V,Male,Employee,Fall from Height,Worker fell from a 7 m scaffolding. Multiple spinal fractures.,,
988,2/20/2018 0:00,Country_01,Local_10,Warehousing,IV,IV,Male,Contractor,Transport,Worker struck by a pallet jack. Fractured foot.,,
989,3/9/2018 0:00,Country_01,Local_03,Mining,IV,IV,Male,Employee,Explosion,Blasting misfire caused rock fall. Worker suffered leg fractures.,,
990,3/26/2018 0:00,Country_01,Local_07,Manufacturing,IV,V,Male,Subcontractor,Electrical,Worker touched high-voltage terminal. Severe burns and cardiac issues.,,
991,4/12/2018 0:00,Country_01,Local_01,Construction,IV,IV,Male,Employee,Falling Object,Steel plate fell from truck. Struck worker's foot causing crush injury.,,
992,4/29/2018 0:00,Country_01,Local_08,Warehousing,IV,IV,Male,Third Party,Fire,Pallet storage fire. Worker suffered burns to arms.,,
993,5/16/2018 0:00,Country_01,Local_04,Mining,IV,V,Male,Employee,Transport,Worker hit by a shuttle car. Fractured pelvis and leg.,,
994,6/2/2018 0:00,Country_01,Local_09,Manufacturing,IV,IV,Male,Contractor,Machinery,Worker's arm caught in conveyor. Fracture and nerve damage.,,
995,6/19/2018 0:00,Country_01,Local_06,Construction,IV,IV,Male,Employee,Fall from Height,Worker fell from a 4 m ladder. Fractured wrist and concussion.,,
996,7/6/2018 0:00,Country_01,Local_02,Warehousing,IV,V,Male,Subcontractor,Crushing,Worker crushed between two heavy loads. Pelvic fracture.,,
997,7/23/2018 0:00,Country_01,Local_05,Mining,IV,IV,Male,Employee,Electrical,Contact with 480V cable. Severe burns and shock.,,
998,8/9/2018 0:00,Country_01,Local_10,Manufacturing,IV,IV,Male,Third Party,Chemical,Caustic spill onto legs. Chemical burns.,,
999,8/26/2018 0:00,Country_01,Local_03,Construction,IV,V,Male,Employee,Falling Object,Brick pallet fell from crane. Struck worker's shoulder causing fracture.,,
1000,9/12/2018 0:00,Country_01,Local_07,Warehousing,IV,IV,Male,Contractor,Transport,Forklift rollover. Worker suffered leg injuries.,,
1001,9/29/2018 0:00,Country_01,Local_01,Mining,IV,IV,Male,Employee,Explosion,Fire in fuel storage. Worker burned.,,
1002,10/16/2018 0:00,Country_01,Local_08,Manufacturing,IV,V,Male,Subcontractor,Machinery,Worker's hand caught in a rolling machine. Crush injury.,,
1003,11/2/2018 0:00,Country_01,Local_04,Construction,IV,IV,Male,Employee,Fall from Height,Worker fell from a 2.5 m scaffold. Fractured ankle.,,
1004,11/19/2018 0:00,Country_01,Local_09,Warehousing,IV,IV,Male,Third Party,Falling Object,Boxes fell from top shelf. Struck worker's back.,,
1005,12/6/2018 0:00,Country_01,Local_06,Mining,IV,V,Male,Employee,Transport,Worker struck by haul truck. Multiple fractures.,,
1006,12/23/2018 0:00,Country_01,Local_02,Manufacturing,IV,IV,Male,Contractor,Electrical,Shock from 220V outlet. Burn to hand.,,
1007,1/9/2016 0:00,Country_01,Local_05,Construction,IV,IV,Male,Employee,Falling Object,Hammer fell from height. Head injury.,,
1008,1/26/2016 0:00,Country_01,Local_10,Warehousing,IV,V,Male,Third Party,Crushing,Worker pinned by forklift. Pelvic fracture.,,
1009,2/12/2016 0:00,Country_01,Local_03,Mining,IV,IV,Male,Employee,Explosion,Mine gas ignition. Burns to face.,,
1010,3/1/2016 0:00,Country_01,Local_07,Manufacturing,IV,IV,Male,Contractor,Machinery,Finger caught in belt. Amputation.,,
1011,3/18/2016 0:00,Country_01,Local_01,Construction,IV,V,Male,Employee,Fall from Height,Fell from 8 m platform. Spinal fracture.,,
1012,4/4/2016 0:00,Country_01,Local_08,Warehousing,IV,IV,Male,Subcontractor,Transport,Struck by tow truck. Leg fracture.,,
1013,4/21/2016 0:00,Country_01,Local_04,Mining,IV,IV,Male,Employee,Electrical,Arc flash on 1kV panel. Burns to hands.,,
1014,5/8/2016 0:00,Country_01,Local_09,Manufacturing,IV,V,Male,Third Party,Chemical,Burn from hot oil. Second-degree burns.,,
1015,5/25/2016 0:00,Country_01,Local_06,Construction,IV,IV,Male,Employee,Falling Object,Scaffold pipe fell. Shoulder fracture.,,
1016,6/11/2016 0:00,Country_01,Local_02,Warehousing,IV,IV,Male,Contractor,Crushing,Pallet fell on foot. Metatarsal fracture.,,
1017,6/28/2016 0:00,Country_01,Local_05,Mining,IV,V,Male,Employee,Transport,Run over by belt. Leg crush.,,
1018,7/15/2016 0:00,Country_01,Local_10,Manufacturing,IV,IV,Male,Subcontractor,Machinery,Hand caught in gear. Fractures.,,
1019,8/1/2016 0:00,Country_01,Local_03,Construction,IV,IV,Male,Employee,Fall from Height,Fell from ladder 3 m. Wrist fracture.,,
1020,8/18/2016 0:00,Country_01,Local_07,Warehousing,IV,V,Male,Third Party,Fire,Paper bale fire. Burns to hands.,,
1021,9/4/2016 0:00,Country_01,Local_01,Mining,IV,IV,Male,Employee,Electrical,Shock from portable generator. Burns.,,
1022,9/21/2016 0:00,Country_01,Local_08,Manufacturing,IV,IV,Male,Contractor,Explosion,Compressed air burst. Eye injury.,,
1023,10/8/2016 0:00,Country_01,Local_04,Construction,IV,V,Male,Employee,Falling Object,Beam fell onto leg. Femur fracture.,,
1024,10/25/2016 0:00,Country_01,Local_09,Warehousing,IV,IV,Male,Subcontractor,Transport,Forklift struck worker. Pelvic contusion.,,
1025,11/11/2016 0:00,Country_01,Local_06,Mining,IV,IV,Male,Employee,Crushing,Caught between cars. Leg fracture.,,
1026,11/28/2016 0:00,Country_01,Local_02,Manufacturing,IV,V,Male,Third Party,Chemical,Acid burn to arm. Graft required.,,
1027,12/15/2016 0:00,Country_01,Local_05,Construction,IV,IV,Male,Employee,Fall from Height,Fell from 4 m stage. Fractured hip.,,
1028,1/1/2017 0:00,Country_01,Local_10,Warehousing,IV,IV,Male,Contractor,Falling Object,Crate fell on shoulder. Dislocation.,,
1029,1/18/2017 0:00,Country_01,Local_03,Mining,IV,V,Male,Employee,Electrical,Contact with 415V. Burn and shock.,,
1030,2/4/2017 0:00,Country_01,Local_07,Manufacturing,IV,IV,Male,Subcontractor,Machinery,Finger severed by saw.,,
1031,2/21/2017 0:00,Country_01,Local_01,Construction,IV,IV,Male,Employee,Fall from Height,Fell through floor opening. Rib fracture.,,
1032,3/10/2017 0:00,Country_01,Local_08,Warehousing,IV,V,Male,Third Party,Transport,Struck by trailer. Leg injury.,,
1033,3/27/2017 0:00,Country_01,Local_04,Mining,IV,IV,Male,Employee,Explosion,Detonator malfunction. Shrapnel wounds.,,
1034,4/13/2017 0:00,Country_01,Local_09,Manufacturing,IV,IV,Male,Contractor,Fire,Solvent fire. Burns to face.,,
1035,4/30/2017 0:00,Country_01,Local_06,Construction,IV,V,Male,Employee,Falling Object,Tile fell from roof. Head trauma.,,
1036,5/17/2017 0:00,Country_01,Local_02,Warehousing,IV,IV,Male,Subcontractor,Crushing,Pallets collapsed on worker. Back injury.,,
1037,6/3/2017 0:00,Country_01,Local_05,Mining,IV,IV,Male,Employee,Electrical,Cable contact. Burn to hand.,,
1038,6/20/2017 0:00,Country_01,Local_10,Manufacturing,IV,V,Male,Third Party,Machinery,Arm caught in roller. Fracture.,,
1039,7/7/2017 0:00,Country_01,Local_03,Construction,IV,IV,Male,Employee,Fall from Height,Fell from scaffold 5 m. Pelvic fracture.,,
1040,7/24/2017 0:00,Country_01,Local_07,Warehousing,IV,IV,Male,Contractor,Transport,Forklift tip over. Ankle fracture.,,
1041,8/10/2017 0:00,Country_01,Local_01,Mining,IV,V,Male,Employee,Explosion,Blast overpressure. Lung injury.,,
1042,8/27/2017 0:00,Country_01,Local_08,Manufacturing,IV,IV,Male,Subcontractor,Chemical,Burn from molten plastic.,,
1043,9/13/2017 0:00,Country_01,Local_04,Construction,IV,IV,Male,Employee,Falling Object,Reinforcement bar fell. Shoulder injury.,,
1044,9/30/2017 0:00,Country_01,Local_09,Warehousing,IV,V,Male,Third Party,Crushing,Crushed by automated storage. Chest injury.,,
1045,10/17/2017 0:00,Country_01,Local_06,Mining,IV,IV,Male,Employee,Transport,Run over by loader. Leg fractures.,,
1046,11/3/2017 0:00,Country_01,Local_02,Manufacturing,IV,IV,Male,Contractor,Electrical,Shock from machine. Fall and head injury.,,
1047,11/20/2017 0:00,Country_01,Local_05,Construction,IV,V,Male,Employee,Fall from Height,Fell from roof 6 m. Spinal fracture.,,
1048,12/7/2017 0:00,Country_01,Local_10,Warehousing,IV,IV,Male,Subcontractor,Falling Object,Box fell on head. Concussion.,,
1049,12/24/2017 0:00,Country_01,Local_03,Mining,IV,IV,Male,Employee,Fire,Diesel fire. Burns to legs.,,
1050,1/10/2018 0:00,Country_01,Local_07,Manufacturing,IV,V,Male,Third Party,Machinery,Hand crushed in hydraulic press. Multiple fractures.,,
1051,2/6/2016 0:00,Country_01,Local_04,Mining,III,IV,Male,Third Party,Others,"At Rp 050 of level 1620, while diamond drilling assistants Jhonatan and Nilton were preparing to increase the HQ perforation pipe, Jhonatan lifted one end and supported it on the pulley. When Nilton lifted the other end, the pipe slipped from the pulley and struck Jhonatan's right hand against bolts on the frame, causing bruising and laceration.",,
1052,2/21/2016 0:00,Country_01,Local_01,Mining,III,IV,Male,Third Party,Others,"Worker Yaranga was using a barretilla in Stop 996, Level 3300 while unloading metal mesh on an ampoloader basket. The barretilla became embedded in his safety boot; he forcefully removed his foot, sustaining a laceration on the right foot.",,
1053,3/6/2016 0:00,Country_01,Local_03,Mining,III,IV,Male,Third Party,Others,"While moving a 55‑gallon oil cylinder on a 200 kg rail‑mounted platform, the platform derailed. Both workers lifted it to realign; one worker's right hand was trapped between the rail and a protruding metal tube, causing a bruised wound on the index finger (no fracture).",,
1054,3/11/2016 0:00,Country_01,Local_03,Mining,III,V,Male,Third Party,Others,"During explosive loading with an anfoloader, a 9 kg rock fragment fell from the crown, striking the helper's back while he was in the basket at 2.2 m height. Subsequently, a 1,500 kg block detached and impacted the equipment, with a fragment injuring the operator on the ground. Both suffered polycontusions and minor abrasions.",,
1055,1/12/2016 0:00,Country_01,Local_05,Construction,III,III,Male,Employee,Falling Object,"A small hand tool (2 kg) dropped from a scaffold 4 m high and struck a worker's shoulder, causing a deep bruise and temporary loss of motion.",,
1056,1/28/2016 0:00,Country_01,Local_07,Manufacturing,III,IV,Male,Contractor,Machinery,"Worker's glove was caught in a slow‑moving conveyor roller; he pulled his hand free, sustaining a sprained wrist and abrasions to the fingers.",,
1057,2/9/2016 0:00,Country_01,Local_02,Warehousing,III,III,Male,Employee,Transport,A pallet truck rolled over the worker's toe; X‑ray showed a minor fracture of the distal phalanx of the big toe.,,
1058,2/24/2016 0:00,Country_01,Local_09,Mining,III,IV,Male,Third Party,Falling Object,"A small piece of slag fell from a conveyor belt onto the worker's forearm, causing a contusion and a 3 cm laceration.",,
1059,3/7/2016 0:00,Country_01,Local_06,Construction,III,III,Male,Employee,Electrical,"Worker received a mild 110V shock from a faulty extension cord; he jerked back, spraining his ankle in the process.",,
1060,3/21/2016 0:00,Country_01,Local_08,Manufacturing,III,IV,Male,Subcontractor,Chemical,"A small splash of dilute caustic solution landed on the worker's forearm; immediate rinsing resulted in a mild chemical burn (1st degree, 2% body area).",,
1061,4/3/2016 0:00,Country_01,Local_04,Warehousing,III,III,Male,Employee,Fall from Height,"Worker slipped from the bottom rung of a ladder (1 m) and landed on his side, sustaining a bruised rib and mild back strain.",,
1062,4/19/2016 0:00,Country_01,Local_10,Mining,III,IV,Male,Third Party,Transport,Worker was lightly bumped by a slow‑moving haul truck; he fell and suffered abrasions on both elbows and a sprained wrist.,,
1063,5/2/2016 0:00,Country_01,Local_01,Construction,III,III,Male,Contractor,Falling Object,"A 5 kg bag of cement fell from a 3 m height, striking the worker's hard hat; he suffered a mild concussion and neck strain.",,
1064,5/17/2016 0:00,Country_01,Local_03,Manufacturing,III,IV,Male,Employee,Machinery,"Worker's finger was pinched between two rollers during cleaning; resulted in a swollen, bruised finger with no fracture.",,
1065,6/1/2016 0:00,Country_01,Local_07,Warehousing,III,III,Male,Third Party,Crushing,Worker's hand was caught between a pallet and a wall while maneuvering; caused a contusion and laceration on the back of the hand.,,
1066,6/15/2016 0:00,Country_01,Local_05,Mining,III,IV,Male,Employee,Explosion,"A small misfire produced a shockwave that threw the worker against a support pillar, causing a shoulder contusion and temporary hearing dullness.",,
1067,7/4/2016 0:00,Country_01,Local_09,Construction,III,III,Male,Subcontractor,Fall from Height,Worker fell from a 1.5 m high platform; sustained a sprained ankle and a bruised knee.,,
1068,7/20/2016 0:00,Country_01,Local_02,Manufacturing,III,IV,Male,Contractor,Fire,A small flash fire from a solvent spill singed the worker's forearm hair and caused a 1st‑degree burn (5 cm diameter).,,
1069,8/5/2016 0:00,Country_01,Local_06,Warehousing,III,III,Male,Employee,Transport,Forklift lightly struck the worker's hip while reversing; resulted in a large bruise and mild muscle strain.,,
1070,8/22/2016 0:00,Country_01,Local_08,Mining,III,IV,Male,Third Party,Falling Object,"A 10 kg rock fragment rolled off a stockpile and struck the worker's foot, causing a bruised toe and mild swelling.",,
1071,9/7/2016 0:00,Country_01,Local_04,Construction,III,III,Male,Employee,Electrical,"Worker received a mild shock from a 120V outlet; he jerked and bumped his head against a beam, causing a small laceration and headache.",,
1072,9/23/2016 0:00,Country_01,Local_10,Manufacturing,III,IV,Male,Contractor,Machinery,"A rotating belt caught the worker's sleeve; he was pulled slightly but released quickly, suffering a bruised forearm and a small abrasion.",,
1073,10/9/2016 0:00,Country_01,Local_01,Warehousing,III,III,Male,Employee,Falling Object,"A cardboard box (15 kg) fell from a shelf onto the worker's shoulder, causing a contusion and temporary limited range of motion.",,
1074,10/25/2016 0:00,Country_01,Local_07,Mining,III,IV,Male,Third Party,Transport,Worker was splashed with muddy water from a passing truck; he stepped back awkwardly and twisted his ankle.,,
1075,11/8/2016 0:00,Country_01,Local_03,Construction,III,III,Male,Employee,Crushing,Worker's fingers were caught between two sections of formwork; resulted in bruised fingertips and minor lacerations.,,
1076,11/24/2016 0:00,Country_01,Local_05,Manufacturing,III,IV,Male,Subcontractor,Chemical,"A small drip of solvent landed on the worker's glove; he removed the glove quickly, with no skin injury but a mild chemical odor exposure causing slight dizziness.",,
1077,12/10/2016 0:00,Country_01,Local_09,Warehousing,III,III,Male,Employee,Fall from Height,Worker stepped off a low dock (0.8 m) and twisted his knee; diagnosed as a mild sprain.,,
1078,12/27/2016 0:00,Country_01,Local_02,Mining,III,IV,Male,Third Party,Explosion,"A small blasting cap detonated unexpectedly; the worker was hit by debris, causing minor lacerations on the arms and a bruised chest.",,
1079,1/13/2017 0:00,Country_01,Local_06,Construction,III,III,Male,Contractor,Falling Object,"A wooden plank (8 kg) slid off a saw horse and struck the worker's lower leg, causing a deep bruise and a small cut.",,
1080,1/29/2017 0:00,Country_01,Local_08,Manufacturing,III,IV,Male,Employee,Machinery,"Worker's hand was pinched in a chain sprocket; he withdrew quickly, sustaining a swollen index finger with no fracture.",,
1081,2/14/2017 0:00,Country_01,Local_04,Warehousing,III,III,Male,Third Party,Transport,"Worker was struck in the shin by a rolling drum (50 kg); resulted in a large hematoma and pain, but no fracture.",,
1082,3/2/2017 0:00,Country_01,Local_10,Mining,III,IV,Male,Employee,Electrical,"Worker felt a tingle from a 24V battery terminal and dropped a tool on his foot, causing a bruised toe.",,
1083,3/18/2017 0:00,Country_01,Local_01,Construction,III,III,Male,Subcontractor,Fall from Height,"Worker fell from a step stool (1 m) while reaching for materials, spraining his right wrist and bruising his hip.",,
1084,4/4/2017 0:00,Country_01,Local_07,Manufacturing,III,IV,Male,Contractor,Fire,"A small grease fire was quickly extinguished, but the worker sustained a minor 1st‑degree burn on his hand from the heat.",,
1085,4/20/2017 0:00,Country_01,Local_05,Warehousing,III,III,Male,Employee,Crushing,Worker's hand was briefly trapped between a loaded cart and a door frame; resulted in bruising and swelling of the fingers.,,
1086,5/6/2017 0:00,Country_01,Local_09,Mining,III,IV,Male,Third Party,Falling Object,"A small stone fell from the overhead and struck the worker's shoulder, causing a contusion and minor abrasion.",,
1087,5/22/2017 0:00,Country_01,Local_03,Construction,III,III,Male,Employee,Electrical,"Worker received a slight shock from a damaged power cord; he recoiled and bumped his elbow, causing a bruise.",,
1088,6/7/2017 0:00,Country_01,Local_06,Manufacturing,III,IV,Male,Subcontractor,Machinery,"A moving conveyor belt scraped the worker's forearm, causing a friction burn and abrasion, but no deeper injury.",,
1089,6/23/2017 0:00,Country_01,Local_08,Warehousing,III,III,Male,Employee,Transport,"A pallet jack ran over the worker's heel; X‑ray negative, but severe bruising and tenderness resulted.",,
1090,7/9/2017 0:00,Country_01,Local_02,Mining,III,IV,Male,Third Party,Explosion,"A small charge produced a flying rock fragment that hit the worker's thigh, causing a deep bruise and a 2 cm laceration.",,
1091,7/25/2017 0:00,Country_01,Local_04,Construction,III,III,Male,Contractor,Fall from Height,"Worker slipped on a wet floor and fell from the bottom step of a ladder (0.5 m), spraining his ankle.",,
1092,8/10/2017 0:00,Country_01,Local_10,Manufacturing,III,IV,Male,Employee,Chemical,"A small amount of cleaning solvent splashed onto the worker's cheek; immediate washing prevented burns, but caused mild skin irritation.",,
1093,8/26/2017 0:00,Country_01,Local_01,Warehousing,III,III,Male,Employee,Falling Object,"A steel strap (3 kg) fell from a high rack and hit the worker's hard hat, causing mild neck strain and a headache.",,
1094,9/11/2017 0:00,Country_01,Local_07,Mining,III,IV,Male,Third Party,Transport,Worker was struck on the arm by a swinging chain from a moving load; resulted in a large bruise and temporary numbness.,,
1095,9/27/2017 0:00,Country_01,Local_05,Construction,III,III,Male,Subcontractor,Crushing,"Worker's finger was caught between two rebar sections; caused a swollen, bruised digit with no fracture.",,
1096,10/13/2017 0:00,Country_01,Local_09,Manufacturing,III,IV,Male,Employee,Machinery,"Worker's sleeve was caught in a drill; he stopped the machine quickly, but suffered a sprained shoulder from the sudden jerk.",,
1097,10/29/2017 0:00,Country_01,Local_03,Warehousing,III,III,Male,Contractor,Fire,A small electrical fire in a control box caused minor smoke inhalation; worker was treated with oxygen and released.,,
1098,11/14/2017 0:00,Country_01,Local_06,Mining,III,IV,Male,Employee,Falling Object,A 5 kg rock bolt fell from a 2 m height and struck the worker's foot; resulted in a bruised instep and minor swelling.,,
1099,11/30/2017 0:00,Country_01,Local_08,Construction,III,III,Male,Third Party,Electrical,"Worker received a mild shock from a 120V line and fell backward, bruising his coccyx and elbow.",,
1100,12/16/2017 0:00,Country_01,Local_02,Manufacturing,III,IV,Male,Subcontractor,Transport,"A rolling cart bumped into the worker's knee, causing a bruised patella and mild strain.",,
1101,1/2/2018 0:00,Country_01,Local_04,Warehousing,III,III,Male,Employee,Fall from Height,"Worker lost his footing on a loading ramp (1.2 m high) and fell, sustaining a sprained wrist and bruised hip.",,
1102,1/18/2018 0:00,Country_01,Local_10,Mining,III,IV,Male,Third Party,Falling Object,"A small chunk of ore fell from a truck bed and struck the worker's shoulder, causing a contusion and minor abrasion.",,
1103,2/3/2018 0:00,Country_01,Local_07,Construction,III,III,Male,Contractor,Crushing,"Worker's hand was caught between two concrete blocks; resulted in bruising and minor lacerations, no fracture.",,
1104,2/19/2018 0:00,Country_01,Local_01,Manufacturing,III,IV,Male,Employee,Machinery,"A rotating shaft caught the worker's glove; he pulled free, suffering a sprained wrist and a small cut on the palm.",,
1105,3/7/2018 0:00,Country_01,Local_05,Warehousing,III,III,Male,Third Party,Transport,Worker was nudged by a slow‑moving forklift; he fell and bruised his ribs and left knee.,,
1106,3/23/2018 0:00,Country_01,Local_09,Mining,III,IV,Male,Employee,Explosion,"A small blast sent a rock fragment into the worker's thigh, causing a deep contusion and a 3 cm laceration.",,
1107,4/8/2018 0:00,Country_01,Local_03,Construction,III,III,Male,Subcontractor,Fall from Height,Worker slipped from a 1.8 m stepladder; sustained a sprained ankle and a bruised elbow.,,
1108,4/24/2018 0:00,Country_01,Local_06,Manufacturing,III,IV,Male,Contractor,Chemical,"A mild acid vapor caused eye irritation; worker flushed eyes, no permanent damage, but required medical evaluation.",,
1109,5/10/2018 0:00,Country_01,Local_08,Warehousing,III,III,Male,Employee,Falling Object,"A box (10 kg) fell from the second shelf and struck the worker's forearm, causing a large bruise and minor swelling.",,
1110,5/26/2018 0:00,Country_01,Local_02,Mining,III,IV,Male,Third Party,Electrical,"Worker received a small static shock and jerked, hitting his hand on a metal edge, causing a laceration to the thumb.",,
1111,6/11/2018 0:00,Country_01,Local_04,Construction,III,III,Male,Employee,Fire,A small welding spark ignited a rag; worker extinguished it but suffered a minor 1st‑degree burn on his hand.,,
1112,6/27/2018 0:00,Country_01,Local_10,Warehousing,III,IV,Male,Contractor,Crushing,"Worker's fingers were pinched between two pallets; resulted in swollen, bruised fingertips with no fracture.",,
1113,7/13/2018 0:00,Country_01,Local_07,Mining,III,III,Male,Third Party,Transport,"Worker was splashed with mud from a passing truck; he stepped back and twisted his knee, causing a mild sprain.",,
1114,7/29/2018 0:00,Country_01,Local_01,Manufacturing,III,IV,Male,Employee,Machinery,"A conveyor belt scraped the worker's lower leg, causing a friction burn and abrasion, no deep injury.",,
1115,8/14/2018 0:00,Country_01,Local_05,Construction,III,III,Male,Subcontractor,Fall from Height,Worker stepped off a curb (0.5 m) and rolled his ankle; diagnosed as a moderate sprain.,,
1116,8/30/2018 0:00,Country_01,Local_09,Warehousing,III,IV,Male,Employee,Falling Object,A small metal bracket fell from a 3 m shelf and struck the worker's shoulder; resulted in a contusion and minor stiffness.,,
1117,9/15/2018 0:00,Country_01,Local_03,Mining,III,III,Male,Third Party,Electrical,Worker felt a tingle from a defective lamp; he dropped it and a piece of glass cut his finger.,,
1118,10/1/2018 0:00,Country_01,Local_06,Construction,III,IV,Male,Contractor,Transport,A rolling barrel (50 kg) struck the worker's shin; caused a large hematoma but no fracture.,,
1119,10/17/2018 0:00,Country_01,Local_08,Manufacturing,III,III,Male,Employee,Chemical,"A small splash of coolant got into the worker's eye; flushed immediately, mild irritation but no damage.",,
1120,11/2/2018 0:00,Country_01,Local_02,Warehousing,III,IV,Male,Third Party,Falling Object,"A cardboard carton (8 kg) fell from a top rack, striking the worker's head; hard hat absorbed most, but mild concussion was diagnosed.",,
1121,11/18/2018 0:00,Country_01,Local_04,Mining,III,III,Male,Employee,Crushing,"Worker's hand got caught between two sections of pipe; bruising and swelling on the palm, no fracture.",,
1122,12/4/2018 0:00,Country_01,Local_10,Construction,III,IV,Male,Contractor,Fire,"A small propane torch flared, singeing the worker's eyebrow and causing a superficial burn on the nose.",,
1123,12/20/2018 0:00,Country_01,Local_07,Warehousing,III,III,Male,Employee,Fall from Height,Worker fell from a low platform (0.9 m) while stacking; sprained his wrist and bruised his lower back.,,
1124,1/5/2016 0:00,Country_01,Local_05,Mining,III,IV,Male,Third Party,Transport,Worker was brushed by a side‑swinging conveyor belt; suffered a bruised shoulder and minor abrasion.,,
1125,1/21/2016 0:00,Country_01,Local_01,Manufacturing,III,III,Male,Employee,Machinery,Worker's finger was caught in a clamp; resulted in a bruised finger tip and a small laceration.,,
1126,2/7/2016 0:00,Country_01,Local_09,Construction,III,IV,Male,Subcontractor,Falling Object,A small piece of rebar (2 kg) fell from a height of 5 m and hit the worker's foot; caused a bruised toe and minor swelling.,,
1127,2/23/2016 0:00,Country_01,Local_03,Warehousing,III,III,Male,Employee,Electrical,"Worker received a mild shock from a 110V outlet; he recoiled and bumped his knee, causing a contusion.",,
1128,3/10/2016 0:00,Country_01,Local_06,Mining,III,IV,Male,Third Party,Explosion,"A small blasting cap produced a loud report; worker's ears rang and he suffered a mild headache, no perforation.",,
1129,3/26/2016 0:00,Country_01,Local_08,Manufacturing,III,III,Male,Contractor,Chemical,"A small drip of hydraulic fluid got into the worker's eye; flushed immediately, resulted in minor conjunctival irritation.",,
1130,4/11/2016 0:00,Country_01,Local_02,Construction,III,IV,Male,Employee,Fall from Height,Worker slipped on a wet plank at 1.2 m; sprained his ankle and bruised his hip.,,
1131,4/27/2016 0:00,Country_01,Local_04,Warehousing,III,III,Male,Third Party,Crushing,Worker's hand was caught between a dolly and a wall; caused bruising and a small laceration on the knuckles.,,
1132,5/13/2016 0:00,Country_01,Local_10,Mining,III,IV,Male,Employee,Transport,Worker was struck on the arm by a swinging cable; resulted in a large bruise and temporary loss of sensation.,,
1133,5/29/2016 0:00,Country_01,Local_07,Construction,III,III,Male,Subcontractor,Falling Object,A wooden stake (1.5 kg) fell from a 3 m height and hit the worker's shoulder; caused a contusion and mild stiffness.,,
1134,6/14/2016 0:00,Country_01,Local_01,Manufacturing,III,IV,Male,Contractor,Machinery,"Worker's shirt caught in a rotating spindle; he stopped the machine, suffering a bruised rib from the pull.",,
1135,6/30/2016 0:00,Country_01,Local_05,Warehousing,III,III,Male,Employee,Fire,A small fire in a trash can was extinguished; worker suffered mild smoke inhalation and a small burn on the hand.,,
1136,7/16/2016 0:00,Country_01,Local_09,Mining,III,IV,Male,Third Party,Electrical,"Worker touched a frayed cord and felt a tingle; he dropped the tool, bruising his foot.",,
1137,8/1/2016 0:00,Country_01,Local_03,Construction,III,III,Male,Employee,Fall from Height,"Worker lost balance on a step stool (0.7 m) and fell, spraining his wrist and bruising his elbow.",,
1138,8/17/2016 0:00,Country_01,Local_06,Manufacturing,III,IV,Male,Subcontractor,Chemical,"A splash of mild detergent solution caused skin redness on the forearm; treated with lotion, no further issue.",,
1139,9/2/2016 0:00,Country_01,Local_08,Warehousing,III,III,Male,Employee,Transport,A pallet jack bumped the worker's calf; resulted in a deep bruise and mild muscle tenderness.,,
1140,9/18/2016 0:00,Country_01,Local_02,Mining,III,IV,Male,Third Party,Falling Object,A small stone (3 kg) fell from a conveyor and struck the worker's thigh; caused a contusion and a 2 cm laceration.,,
1141,10/4/2016 0:00,Country_01,Local_04,Construction,III,III,Male,Contractor,Crushing,"Worker's finger was pinched between two steel plates; resulted in a swollen, bruised digit, no fracture.",,
1142,10/20/2016 0:00,Country_01,Local_10,Warehousing,III,IV,Male,Employee,Explosion,A small aerosol can exploded in a trash bin; worker received minor shrapnel cuts on the forearm.,,
1143,11/5/2016 0:00,Country_01,Local_07,Mining,III,III,Male,Third Party,Electrical,"Worker received a static shock and fell off a low stool, spraining his ankle.",,
1144,11/21/2016 0:00,Country_01,Local_01,Manufacturing,III,IV,Male,Employee,Machinery,"Worker's hand got caught in a belt pulley; he pulled free, suffering a bruised palm and abrasions.",,
1145,12/7/2016 0:00,Country_01,Local_05,Construction,III,III,Male,Subcontractor,Fall from Height,Worker slipped from a 1.5 m scaffolding plank; sustained a sprained wrist and a bruised knee.,,
1146,12/23/2016 0:00,Country_01,Local_09,Warehousing,III,IV,Male,Third Party,Transport,Worker was struck on the shoulder by a swinging pallet; resulted in a large contusion and mild stiffness.,,
1147,1/8/2017 0:00,Country_01,Local_03,Mining,III,III,Male,Employee,Falling Object,A 5 kg rock fragment fell from a bucket and hit the worker's foot; caused a bruised instep and minor swelling.,,
1148,1/24/2017 0:00,Country_01,Local_06,Manufacturing,III,IV,Male,Contractor,Fire,A small flash from an overheated motor singed the worker's arm hair; minor reddening of the skin.,,
1149,2/9/2017 0:00,Country_01,Local_08,Construction,III,III,Male,Employee,Electrical,"Worker received a mild shock from a 120V extension cord; he jerked and bumped his head, causing a small cut.",,
1150,2/25/2017 0:00,Country_01,Local_02,Warehousing,III,IV,Male,Third Party,Crushing,"Worker's hand was caught between two pallets; bruising and swelling in the fingers, no fracture.",,
1151,3/13/2017 0:00,Country_01,Local_04,Mining,III,III,Male,Employee,Transport,"Worker was bumped by a moving rail car; he fell, bruising his hip and elbow.",,
1152,3/29/2017 0:00,Country_01,Local_10,Manufacturing,III,IV,Male,Subcontractor,Machinery,"A conveyor belt scraped the worker's back; caused a friction burn and abrasion, no deeper injury.",,
1153,4/14/2017 0:00,Country_01,Local_07,Construction,III,III,Male,Employee,Falling Object,A small hammer (1 kg) fell from a scaffold and hit the worker's shoulder; resulted in a contusion and minor pain.,,
1154,4/30/2017 0:00,Country_01,Local_01,Warehousing,III,IV,Male,Third Party,Chemical,"A mild acid solution splashed onto the worker's glove; no skin contact, but mild respiratory irritation.",,
1155,5/16/2017 0:00,Country_01,Local_05,Mining,III,III,Male,Contractor,Explosion,"A small detonation sent a rock chip into the worker's cheek, causing a small laceration and bruise.",,
1156,6/1/2017 0:00,Country_01,Local_09,Construction,III,IV,Male,Employee,Electrical,"Worker received a slight shock and dropped a tool on his foot, bruising his big toe.",,
1157,6/17/2017 0:00,Country_01,Local_03,Manufacturing,III,III,Male,Subcontractor,Fall from Height,"Worker tripped on a hose and fell from a 0.5 m platform, spraining his ankle.",,
1158,7/3/2017 0:00,Country_01,Local_06,Warehousing,III,IV,Male,Employee,Transport,A rolling drum (30 kg) struck the worker's knee; caused a large bruise and mild strain.,,
1159,7/19/2017 0:00,Country_01,Local_08,Mining,III,III,Male,Third Party,Falling Object,"A chunk of coal (4 kg) fell from a conveyor and hit the worker's arm, causing a contusion.",,
1160,8/4/2017 0:00,Country_01,Local_02,Construction,III,IV,Male,Contractor,Crushing,"Worker's fingers were caught between two concrete blocks; resulted in swollen, bruised fingertips.",,
1161,8/20/2017 0:00,Country_01,Local_04,Manufacturing,III,III,Male,Employee,Machinery,"Worker's sleeve caught in a drill; he stopped quickly, suffering a bruised upper arm.",,
1162,9/5/2017 0:00,Country_01,Local_10,Warehousing,III,IV,Male,Third Party,Fire,"A small electrical fire produced smoke; worker inhaled minor smoke, treated with oxygen.",,
1163,9/21/2017 0:00,Country_01,Local_07,Mining,III,III,Male,Employee,Fall from Height,Worker stepped off a low platform (0.6 m) and twisted his ankle; moderate sprain.,,
1164,10/7/2017 0:00,Country_01,Local_01,Construction,III,IV,Male,Subcontractor,Electrical,"Worker received a mild shock from a 110V line and fell, bruising his ribs.",,
1165,10/23/2017 0:00,Country_01,Local_05,Warehousing,III,III,Male,Employee,Transport,"Worker was lightly struck by a forklift, causing a bruised hip and minor abrasion.",,
1166,11/8/2017 0:00,Country_01,Local_09,Mining,III,IV,Male,Third Party,Falling Object,A small piece of ore (2 kg) fell from a truck and hit the worker's shoulder; contusion and stiffness.,,
1167,11/24/2017 0:00,Country_01,Local_03,Manufacturing,III,III,Male,Contractor,Chemical,"A small splash of coolant got into the worker's eye; flushed, mild redness only.",,
1168,12/10/2017 0:00,Country_01,Local_06,Construction,III,IV,Male,Employee,Crushing,"Worker's hand was pinched between two pipes; bruising and swelling, no fracture.",,
1169,12/26/2017 0:00,Country_01,Local_08,Warehousing,III,III,Male,Third Party,Fall from Height,Worker fell from a 1 m loading dock; sustained a sprained wrist and bruised knee.,,
1170,1/11/2018 0:00,Country_01,Local_02,Mining,III,IV,Male,Employee,Explosion,A small blast sent debris; worker received a small cut on the arm and a bruised shoulder.,,
1171,1/27/2018 0:00,Country_01,Local_04,Manufacturing,III,III,Male,Subcontractor,Machinery,"Worker's glove was caught in a conveyor; he pulled free, suffering a sprained wrist.",,
1172,2/12/2018 0:00,Country_01,Local_10,Construction,III,IV,Male,Employee,Electrical,"Worker touched a frayed cord, felt a tingle, and dropped a tool on his foot; bruised toe.",,
1173,2/28/2018 0:00,Country_01,Local_07,Warehousing,III,III,Male,Contractor,Transport,A pallet truck bumped the worker's shin; resulted in a large bruise and mild pain.,,
1174,3/16/2018 0:00,Country_01,Local_01,Mining,III,IV,Male,Third Party,Falling Object,A small rock (3 kg) fell from a muck pile and struck the worker's leg; contusion and minor cut.,,
1175,4/1/2018 0:00,Country_01,Local_05,Construction,III,III,Male,Employee,Fall from Height,Worker slipped from a 1.2 m ladder; sprained his ankle and bruised his elbow.,,
1176,4/17/2018 0:00,Country_01,Local_09,Manufacturing,III,IV,Male,Subcontractor,Fire,A small flash fire singed the worker's hand; 1st‑degree burn (4 cm).,,
1177,5/3/2018 0:00,Country_01,Local_03,Warehousing,III,III,Male,Employee,Crushing,Worker's fingers caught between a cart and a wall; bruised and swollen fingertips.,,
1178,5/19/2018 0:00,Country_01,Local_06,Mining,III,IV,Male,Third Party,Transport,Worker was brushed by a moving conveyor belt; suffered a bruised shoulder and abrasion.,,
1179,6/4/2018 0:00,Country_01,Local_08,Construction,III,III,Male,Contractor,Electrical,"Worker received a slight shock and jerked, hitting his hand on a sharp edge; small laceration.",,
1180,6/20/2018 0:00,Country_01,Local_02,Warehousing,III,IV,Male,Employee,Falling Object,A box (12 kg) fell from a shelf and struck the worker's back; contusion and muscle strain.,,
1181,7/6/2018 0:00,Country_01,Local_04,Manufacturing,III,III,Male,Third Party,Machinery,"Worker's apron caught in a spinning chuck; he stopped quickly, suffering a bruised abdomen.",,
1182,7/22/2018 0:00,Country_01,Local_10,Mining,III,IV,Male,Employee,Explosion,"A small misfire produced a shockwave; worker was thrown against a wall, bruised ribs.",,
1183,8/7/2018 0:00,Country_01,Local_07,Construction,III,III,Male,Subcontractor,Fall from Height,"Worker stepped off a 0.8 m platform, twisting his knee; mild sprain.",,
1184,8/23/2018 0:00,Country_01,Local_01,Warehousing,III,IV,Male,Contractor,Crushing,Worker's hand was caught between two loads; bruising and minor laceration.,,
1185,9/8/2018 0:00,Country_01,Local_05,Mining,III,III,Male,Employee,Transport,Worker was nudged by a slow‑moving truck; fell and bruised his hip and elbow.,,
1186,9/24/2018 0:00,Country_01,Local_09,Manufacturing,III,IV,Male,Third Party,Chemical,A small splash of solvent caused skin redness on the forearm; treated with cream.,,
1187,10/10/2018 0:00,Country_01,Local_03,Construction,III,III,Male,Employee,Falling Object,"A 4 kg brick fell from a 2 m height; struck the worker's shoulder, causing a contusion.",,
1188,10/26/2018 0:00,Country_01,Local_06,Warehousing,III,IV,Male,Contractor,Electrical,Worker felt a mild static shock and dropped a box on his foot; bruised toes.,,
1189,11/11/2018 0:00,Country_01,Local_08,Mining,III,III,Male,Employee,Fire,A small fire in a waste bin; worker sustained a minor burn on the hand (1st degree).,,
1190,11/27/2018 0:00,Country_01,Local_02,Construction,III,IV,Male,Subcontractor,Fall from Height,Worker slipped from a 1.5 m scaffold; sprained his ankle and bruised his back.,,
1191,12/13/2018 0:00,Country_01,Local_04,Manufacturing,III,III,Male,Employee,Machinery,"Worker's hand got caught in a chain; he withdrew quickly, bruising his fingers.",,
1192,12/29/2018 0:00,Country_01,Local_10,Warehousing,III,IV,Male,Third Party,Transport,A pallet truck rolled over the worker's foot; resulted in a bruised foot and mild swelling.,,
1193,1/14/2016 0:00,Country_01,Local_07,Mining,III,III,Male,Employee,Falling Object,A small stone (2 kg) fell from a conveyor and hit the worker's arm; contusion and minor cut.,,
1194,1/30/2016 0:00,Country_01,Local_01,Construction,III,IV,Male,Contractor,Crushing,Worker's finger was pinched between two steel beams; swollen and bruised but no fracture.,,
1195,2/15/2016 0:00,Country_01,Local_05,Manufacturing,III,III,Male,Employee,Electrical,Worker received a slight shock from a 120V outlet; he jerked and bumped his elbow.,,
1196,3/2/2016 0:00,Country_01,Local_09,Warehousing,III,IV,Male,Third Party,Fire,A small electrical fire produced smoke; worker suffered mild respiratory irritation.,,
1197,3/18/2016 0:00,Country_01,Local_03,Mining,III,III,Male,Subcontractor,Transport,Worker was brushed by a swinging cable; suffered a bruised shoulder and minor abrasion.,,
1198,4/3/2016 0:00,Country_01,Local_06,Construction,III,IV,Male,Employee,Fall from Height,Worker stepped off a low platform (0.6 m) and twisted his ankle; moderate sprain.,,
1199,4/19/2016 0:00,Country_01,Local_08,Warehousing,III,III,Male,Contractor,Falling Object,"A small metal bracket (1 kg) fell from a shelf and hit the worker's head; hard hat protected, mild headache.",,
1200,5/5/2016 0:00,Country_01,Local_02,Mining,III,IV,Male,Employee,Explosion,A small blast sent a rock chip into the worker's leg; small laceration and bruise.,,
1201,5/21/2016 0:00,Country_01,Local_04,Manufacturing,III,III,Male,Third Party,Machinery,"Worker's glove caught in a belt; pulled free, sustaining a sprained wrist and abrasions.",,
1202,6/6/2016 0:00,Country_01,Local_10,Construction,III,IV,Male,Employee,Chemical,"A small amount of mortar got into the worker's eye; flushed, mild redness only.",,
1203,6/22/2016 0:00,Country_01,Local_07,Warehousing,III,III,Male,Subcontractor,Transport,"Worker was struck on the shin by a rolling drum (40 kg); large hematoma, no fracture.",,
1204,7/8/2016 0:00,Country_01,Local_01,Mining,III,IV,Male,Employee,Falling Object,A 5 kg rock fragment fell from a bucket and hit the worker's foot; bruised instep.,,
1205,7/24/2016 0:00,Country_01,Local_05,Manufacturing,III,III,Male,Contractor,Electrical,"Worker received a mild shock and dropped a tool on his toe, bruising it.",,
1206,8/9/2016 0:00,Country_01,Local_09,Construction,III,IV,Male,Employee,Crushing,"Worker's hand caught between two pipes; bruising and swelling, no fracture.",,
1207,8/25/2016 0:00,Country_01,Local_03,Warehousing,III,III,Male,Third Party,Fall from Height,Worker fell from a 1 m loading dock; sprained his wrist and bruised his knee.,,
1208,9/10/2016 0:00,Country_01,Local_06,Mining,III,IV,Male,Employee,Transport,Worker was bumped by a rail car; fell and bruised his hip and elbow.,,
1209,9/26/2016 0:00,Country_01,Local_08,Manufacturing,III,III,Male,Subcontractor,Fire,A small grease fire caused minor smoke; worker suffered mild cough and eye irritation.,,
1210,10/12/2016 0:00,Country_01,Local_02,Construction,III,IV,Male,Employee,Falling Object,A 3 kg wooden plank fell from a scaffold and hit the worker's shoulder; contusion.,,
1211,10/28/2016 0:00,Country_01,Local_04,Warehousing,III,III,Male,Contractor,Crushing,Worker's fingers were caught between two pallets; bruised and swollen fingertips.,,
1212,11/13/2016 0:00,Country_01,Local_10,Mining,III,IV,Male,Third Party,Electrical,"Worker touched a frayed cord and felt a tingle; dropped a tool on his foot, bruising it.",,
1213,11/29/2016 0:00,Country_01,Local_07,Manufacturing,III,III,Male,Employee,Machinery,"Worker's sleeve caught in a drill; stopped quickly, bruised upper arm.",,
1214,12/15/2016 0:00,Country_01,Local_01,Construction,III,IV,Male,Subcontractor,Fall from Height,Worker slipped from a 1.2 m stepladder; sprained his ankle and bruised his elbow.,,
1215,12/31/2016 0:00,Country_01,Local_05,Warehousing,III,III,Male,Employee,Transport,A pallet jack bumped the worker's calf; resulted in a deep bruise and muscle tenderness.,,
1216,1/16/2017 0:00,Country_01,Local_09,Mining,III,IV,Male,Third Party,Falling Object,A small piece of ore (2 kg) fell from a conveyor and struck the worker's arm; contusion.,,
1217,2/1/2017 0:00,Country_01,Local_03,Manufacturing,III,III,Male,Contractor,Chemical,"A splash of coolant got into the worker's eye; flushed, mild irritation only.",,
1218,2/17/2017 0:00,Country_01,Local_06,Construction,III,IV,Male,Employee,Electrical,Worker received a mild shock from a 110V line; he jerked and bumped his head.,,
1219,3/5/2017 0:00,Country_01,Local_08,Warehousing,III,III,Male,Third Party,Fire,"A small electrical fire produced smoke; worker inhaled minor smoke, treated with oxygen.",,
1220,3/21/2017 0:00,Country_01,Local_02,Mining,III,IV,Male,Employee,Explosion,A small blast sent debris; worker received a small cut on the forearm and bruise.,,
1221,4/6/2017 0:00,Country_01,Local_04,Construction,III,III,Male,Subcontractor,Fall from Height,Worker fell from a 0.8 m platform; sprained his wrist and bruised his hip.,,
1222,4/22/2017 0:00,Country_01,Local_10,Warehousing,III,IV,Male,Employee,Crushing,Worker's hand caught between two loads; bruising and minor laceration.,,
1223,5/8/2017 0:00,Country_01,Local_07,Mining,III,III,Male,Third Party,Transport,Worker was brushed by a moving conveyor; suffered a bruised shoulder and abrasion.,,
1224,5/24/2017 0:00,Country_01,Local_01,Manufacturing,III,IV,Male,Contractor,Machinery,"Worker's glove caught in a belt; pulled free, sprained wrist and abrasions.",,
1225,6/9/2017 0:00,Country_01,Local_05,Construction,III,III,Male,Employee,Falling Object,A 2 kg hammer fell from a scaffold and hit the worker's shoulder; contusion.,,
1226,6/25/2017 0:00,Country_01,Local_09,Warehousing,III,IV,Male,Third Party,Electrical,Worker felt a static shock and dropped a box on his foot; bruised toes.,,
1227,7/11/2017 0:00,Country_01,Local_03,Mining,III,III,Male,Employee,Explosion,A small detonation sent a rock chip into the worker's leg; minor laceration and bruise.,,
1228,7/27/2017 0:00,Country_01,Local_06,Manufacturing,III,IV,Male,Subcontractor,Fire,A small flash fire singed the worker's hand; 1st‑degree burn (3 cm).,,
1229,8/12/2017 0:00,Country_01,Local_08,Construction,III,III,Male,Employee,Fall from Height,"Worker stepped off a low curb (0.5 m); twisted his ankle, mild sprain.",,
1230,8/28/2017 0:00,Country_01,Local_02,Warehousing,III,IV,Male,Contractor,Transport,"A rolling drum (50 kg) struck the worker's shin; large hematoma, no fracture.",,
1231,9/13/2017 0:00,Country_01,Local_04,Mining,III,III,Male,Third Party,Falling Object,A 4 kg rock fell from a truck and hit the worker's foot; bruised instep.,,
1232,9/29/2017 0:00,Country_01,Local_10,Manufacturing,III,IV,Male,Employee,Crushing,"Worker's fingers caught between two rollers; swollen and bruised, no fracture.",,
1233,10/15/2017 0:00,Country_01,Local_07,Construction,III,III,Male,Subcontractor,Electrical,"Worker received a mild shock and dropped a tool, bruising his foot.",,
1234,10/31/2017 0:00,Country_01,Local_01,Warehousing,III,IV,Male,Employee,Fire,A small trash fire produced smoke; worker suffered mild coughing and eye irritation.,,
1235,11/16/2017 0:00,Country_01,Local_05,Mining,III,III,Male,Third Party,Transport,Worker was nudged by a slow‑moving truck; fell and bruised his hip.,,
1236,12/2/2017 0:00,Country_01,Local_09,Manufacturing,III,IV,Male,Contractor,Machinery,"Worker's sleeve caught in a spindle; stopped quickly, bruised arm.",,
1237,12/18/2017 0:00,Country_01,Local_03,Construction,III,III,Male,Employee,Fall from Height,Worker slipped from a 1.2 m ladder; sprained his ankle and bruised his elbow.,,
1238,1/3/2018 0:00,Country_01,Local_06,Warehousing,III,IV,Male,Third Party,Falling Object,A box (10 kg) fell from a shelf and struck the worker's back; contusion.,,
1239,1/19/2018 0:00,Country_01,Local_08,Mining,III,III,Male,Employee,Explosion,A small blast sent a rock chip into the worker's arm; small laceration and bruise.,,
1240,2/4/2018 0:00,Country_01,Local_02,Construction,III,IV,Male,Subcontractor,Electrical,Worker received a slight shock from a 120V outlet; he jerked and bumped his knee.,,
1241,2/20/2018 0:00,Country_01,Local_04,Warehousing,III,III,Male,Employee,Transport,A pallet truck rolled over the worker's foot; resulted in a bruised foot and mild swelling.,,
1242,3/8/2018 0:00,Country_01,Local_10,Mining,III,IV,Male,Contractor,Crushing,"Worker's hand caught between two pipes; bruising and swelling, no fracture.",,
1243,3/24/2018 0:00,Country_01,Local_07,Manufacturing,III,III,Male,Employee,Chemical,"A small splash of solvent caused skin redness; treated with cream, no further issue.",,
1244,4/9/2018 0:00,Country_01,Local_01,Construction,III,IV,Male,Third Party,Fall from Height,Worker fell from a 0.8 m platform; sprained his wrist and bruised his hip.,,
1245,4/25/2018 0:00,Country_01,Local_05,Warehousing,III,III,Male,Employee,Falling Object,A small metal bracket (1 kg) fell from a shelf and hit the worker's head; hard hat protected.,,
1246,5/11/2018 0:00,Country_01,Local_09,Mining,III,IV,Male,Subcontractor,Transport,Worker was brushed by a swinging cable; suffered a bruised shoulder and minor abrasion.,,
1247,5/27/2018 0:00,Country_01,Local_03,Manufacturing,III,III,Male,Employee,Electrical,Worker felt a mild static shock and dropped a tool on his foot; bruised toes.,,
1248,6/12/2018 0:00,Country_01,Local_06,Construction,III,IV,Male,Contractor,Fire,A small electrical fire caused minor smoke; worker treated for mild inhalation.,,
1249,6/28/2018 0:00,Country_01,Local_08,Warehousing,III,III,Male,Employee,Crushing,Worker's fingers were caught between two pallets; swollen and bruised fingertips.,,
1250,7/14/2018 0:00,Country_01,Local_02,Mining,III,IV,Male,Third Party,Falling Object,A small stone (3 kg) fell from a conveyor and hit the worker's arm; contusion.,,
1251,7/30/2018 0:00,Country_01,Local_04,Manufacturing,III,III,Male,Employee,Machinery,"Worker's glove caught in a belt; pulled free, sprained wrist and abrasions.",,
1252,8/15/2018 0:00,Country_01,Local_10,Construction,III,IV,Male,Subcontractor,Fall from Height,"Worker stepped off a low platform (0.6 m); twisted his ankle, mild sprain.",,
1253,8/31/2018 0:00,Country_01,Local_07,Warehousing,III,III,Male,Employee,Transport,A pallet jack bumped the worker's calf; resulted in a deep bruise and muscle tenderness.,,
1254,9/16/2018 0:00,Country_01,Local_01,Mining,III,IV,Male,Third Party,Explosion,A small blasting cap produced a loud report; worker's ears rang and he suffered a mild headache.,,
1255,10/2/2018 0:00,Country_01,Local_05,Manufacturing,III,III,Male,Contractor,Chemical,"A splash of coolant got into the worker's eye; flushed, mild irritation only.",,
1256,10/18/2018 0:00,Country_01,Local_09,Construction,III,IV,Male,Employee,Electrical,"Worker received a mild shock from a 110V line; he jerked and bumped his head, small cut.",,
1257,11/3/2018 0:00,Country_01,Local_03,Warehousing,III,III,Male,Third Party,Falling Object,A 5 kg box fell from a shelf and hit the worker's shoulder; contusion.,,
1258,11/19/2018 0:00,Country_01,Local_06,Mining,III,IV,Male,Employee,Transport,Worker was brushed by a moving conveyor; suffered a bruised shoulder and abrasion.,,
1259,12/5/2018 0:00,Country_01,Local_08,Manufacturing,III,III,Male,Subcontractor,Crushing,Worker's hand caught between two loads; bruising and minor laceration.,,
1260,12/21/2018 0:00,Country_01,Local_02,Construction,III,IV,Male,Employee,Fall from Height,Worker slipped from a 1.2 m ladder; sprained his ankle and bruised his elbow.,,
1261,1/6/2016 0:00,Country_01,Local_04,Warehousing,III,III,Male,Third Party,Fire,A small electrical fire produced smoke; worker suffered mild respiratory irritation.,,
1262,1/22/2016 0:00,Country_01,Local_10,Mining,III,IV,Male,Employee,Falling Object,A 4 kg rock fragment fell from a bucket and hit the worker's foot; bruised instep.,,
1263,2/7/2016 0:00,Country_01,Local_07,Manufacturing,III,III,Male,Contractor,Machinery,"Worker's sleeve caught in a drill; stopped quickly, bruised upper arm.",,
1264,2/23/2016 0:00,Country_01,Local_01,Construction,III,IV,Male,Employee,Electrical,"Worker received a slight shock and dropped a tool on his foot, bruising his toe.",,
1265,3/10/2016 0:00,Country_01,Local_05,Warehousing,III,III,Male,Third Party,Transport,A rolling drum (30 kg) struck the worker's knee; large bruise and mild strain.,,
1266,3/26/2016 0:00,Country_01,Local_09,Mining,III,IV,Male,Subcontractor,Explosion,A small detonation sent a rock chip into the worker's leg; small laceration and bruise.,,
1267,4/11/2016 0:00,Country_01,Local_03,Construction,III,III,Male,Employee,Fall from Height,"Worker stepped off a low platform (0.5 m); twisted his ankle, mild sprain.",,
1268,4/27/2016 0:00,Country_01,Local_06,Warehousing,III,IV,Male,Contractor,Crushing,Worker's fingers caught between two pallets; swollen and bruised fingertips.,,
1269,5/13/2016 0:00,Country_01,Local_08,Mining,III,III,Male,Employee,Transport,Worker was nudged by a slow‑moving truck; fell and bruised his hip and elbow.,,
1270,5/29/2016 0:00,Country_01,Local_02,Manufacturing,III,IV,Male,Third Party,Chemical,"A splash of coolant got into the worker's eye; flushed, mild redness only.",,
1271,6/14/2016 0:00,Country_01,Local_04,Construction,III,III,Male,Employee,Falling Object,A 3 kg wooden plank fell from a scaffold and hit the worker's shoulder; contusion.,,
1272,6/30/2016 0:00,Country_01,Local_10,Warehousing,III,IV,Male,Subcontractor,Electrical,Worker felt a mild static shock and dropped a box on his foot; bruised toes.,,
1273,7/16/2016 0:00,Country_01,Local_07,Mining,III,III,Male,Employee,Fire,A small flash fire singed the worker's hand; 1st‑degree burn (2 cm).,,
1274,8/1/2016 0:00,Country_01,Local_01,Manufacturing,III,IV,Male,Contractor,Machinery,"Worker's glove caught in a belt; pulled free, sprained wrist and abrasions.",,
1275,8/17/2016 0:00,Country_01,Local_05,Construction,III,III,Male,Employee,Fall from Height,Worker fell from a 0.8 m platform; sprained his wrist and bruised his hip.,,
1276,9/2/2016 0:00,Country_01,Local_09,Warehousing,III,IV,Male,Third Party,Transport,A pallet jack bumped the worker's shin; resulted in a large bruise and mild pain.,,
1277,9/18/2016 0:00,Country_01,Local_03,Mining,III,III,Male,Employee,Crushing,"Worker's hand caught between two pipes; bruising and swelling, no fracture.",,
1278,10/4/2016 0:00,Country_01,Local_06,Construction,III,IV,Male,Subcontractor,Electrical,Worker received a mild shock from a 110V line; he jerked and bumped his head.,,
1279,10/20/2016 0:00,Country_01,Local_08,Warehousing,III,III,Male,Employee,Falling Object,A small metal bracket (1 kg) fell from a shelf and hit the worker's head; hard hat protected.,,
1280,11/5/2016 0:00,Country_01,Local_02,Mining,III,IV,Male,Third Party,Explosion,A small blast sent a rock chip into the worker's arm; small laceration and bruise.,,
1281,11/21/2016 0:00,Country_01,Local_04,Manufacturing,III,III,Male,Employee,Chemical,"A small splash of solvent caused skin redness; treated with cream, no further issue.",,
1282,12/7/2016 0:00,Country_01,Local_10,Construction,III,IV,Male,Contractor,Fall from Height,Worker slipped from a 1.2 m ladder; sprained his ankle and bruised his elbow.,,
1283,12/23/2016 0:00,Country_01,Local_07,Warehousing,III,III,Male,Employee,Transport,"A rolling drum (40 kg) struck the worker's shin; large hematoma, no fracture.",,
1284,1/8/2017 0:00,Country_01,Local_01,Mining,III,IV,Male,Third Party,Falling Object,A small stone (3 kg) fell from a conveyor and hit the worker's arm; contusion.,,
1285,1/24/2017 0:00,Country_01,Local_05,Manufacturing,III,III,Male,Subcontractor,Electrical,"Worker felt a slight shock and dropped a tool on his foot, bruising his toe.",,
1286,2/9/2017 0:00,Country_01,Local_09,Construction,III,IV,Male,Employee,Crushing,Worker's fingers caught between two steel plates; swollen and bruised fingertips.,,
1287,2/25/2017 0:00,Country_01,Local_03,Warehousing,III,III,Male,Third Party,Fire,A small electrical fire caused minor smoke; worker treated for mild inhalation.,,
1288,3/13/2017 0:00,Country_01,Local_06,Mining,III,IV,Male,Employee,Transport,Worker was brushed by a swinging cable; suffered a bruised shoulder and abrasion.,,
1289,3/29/2017 0:00,Country_01,Local_08,Manufacturing,III,III,Male,Contractor,Machinery,"Worker's sleeve caught in a drill; stopped quickly, bruised upper arm.",,
1290,4/14/2017 0:00,Country_01,Local_02,Construction,III,IV,Male,Employee,Fall from Height,"Worker stepped off a low platform (0.6 m); twisted his ankle, mild sprain.",,
1291,4/30/2017 0:00,Country_01,Local_04,Warehousing,III,III,Male,Third Party,Falling Object,A box (8 kg) fell from a shelf and struck the worker's back; contusion.,,
1292,5/16/2017 0:00,Country_01,Local_10,Mining,III,IV,Male,Employee,Explosion,A small blasting cap produced a loud report; worker's ears rang and he suffered a mild headache.,,
1293,6/1/2017 0:00,Country_01,Local_07,Construction,III,III,Male,Subcontractor,Electrical,Worker received a mild shock from a 120V outlet; he jerked and bumped his knee.,,
1294,6/17/2017 0:00,Country_01,Local_01,Warehousing,III,IV,Male,Employee,Crushing,Worker's hand caught between two loads; bruising and minor laceration.,,
1295,7/3/2017 0:00,Country_01,Local_05,Mining,III,III,Male,Third Party,Transport,Worker was nudged by a slow‑moving truck; fell and bruised his hip.,,
1296,7/19/2017 0:00,Country_01,Local_09,Manufacturing,III,IV,Male,Contractor,Chemical,"A splash of coolant got into the worker's eye; flushed, mild redness only.",,
1297,8/4/2017 0:00,Country_01,Local_03,Construction,III,III,Male,Employee,Fall from Height,Worker fell from a 0.8 m platform; sprained his wrist and bruised his hip.,,
1298,8/20/2017 0:00,Country_01,Local_06,Warehousing,III,IV,Male,Third Party,Fire,A small flash fire singed the worker's hand; 1st‑degree burn (3 cm).,,
1299,9/5/2017 0:00,Country_01,Local_08,Mining,III,III,Male,Employee,Falling Object,A 4 kg rock fragment fell from a bucket and hit the worker's foot; bruised instep.,,
1300,9/21/2017 0:00,Country_01,Local_02,Manufacturing,III,IV,Male,Subcontractor,Machinery,"Worker's glove caught in a belt; pulled free, sprained wrist and abrasions.",,
1301,10/7/2017 0:00,Country_01,Local_04,Construction,III,III,Male,Employee,Electrical,Worker felt a mild static shock and dropped a tool on his foot; bruised toes.,,
1302,10/23/2017 0:00,Country_01,Local_10,Warehousing,III,IV,Male,Contractor,Transport,A pallet jack bumped the worker's calf; resulted in a deep bruise and muscle tenderness.,,
1303,11/8/2017 0:00,Country_01,Local_07,Mining,III,III,Male,Third Party,Explosion,A small detonation sent a rock chip into the worker's leg; small laceration and bruise.,,
1304,11/24/2017 0:00,Country_01,Local_01,Construction,III,IV,Male,Employee,Fall from Height,"Worker stepped off a low platform (0.5 m); twisted his ankle, mild sprain.",,
1305,12/10/2017 0:00,Country_01,Local_05,Warehousing,III,III,Male,Subcontractor,Crushing,Worker's fingers caught between two pallets; swollen and bruised fingertips.,,
1306,12/26/2017 0:00,Country_01,Local_09,Mining,III,IV,Male,Employee,Transport,Worker was brushed by a moving conveyor; suffered a bruised shoulder and abrasion.,,
1307,1/11/2018 0:00,Country_01,Local_03,Manufacturing,III,III,Male,Third Party,Chemical,A splash of solvent caused skin redness on the forearm; treated with cream.,,
1308,1/27/2018 0:00,Country_01,Local_06,Construction,III,IV,Male,Employee,Electrical,"Worker received a slight shock and dropped a tool on his foot, bruising his toe.",,
1309,2/12/2018 0:00,Country_01,Local_08,Warehousing,III,III,Male,Contractor,Falling Object,A small metal bracket (1 kg) fell from a shelf and hit the worker's head; hard hat protected.,,
1310,2/28/2018 0:00,Country_01,Local_02,Mining,III,IV,Male,Employee,Fire,A small electrical fire produced smoke; worker suffered mild cough and eye irritation.,,
1311,3/16/2018 0:00,Country_01,Local_04,Manufacturing,III,III,Male,Subcontractor,Machinery,"Worker's sleeve caught in a drill; stopped quickly, bruised upper arm.",,
1312,4/1/2018 0:00,Country_01,Local_10,Construction,III,IV,Male,Employee,Fall from Height,Worker slipped from a 1.2 m ladder; sprained his ankle and bruised his elbow.,,
1313,4/17/2018 0:00,Country_01,Local_07,Warehousing,III,III,Male,Third Party,Transport,A rolling drum (30 kg) struck the worker's knee; large bruise and mild strain.,,
1314,5/3/2018 0:00,Country_01,Local_01,Mining,III,IV,Male,Employee,Crushing,"Worker's hand caught between two pipes; bruising and swelling, no fracture.",,
1315,5/19/2018 0:00,Country_01,Local_05,Manufacturing,III,III,Male,Contractor,Electrical,Worker felt a mild static shock and dropped a box on his foot; bruised toes.,,
1316,6/4/2018 0:00,Country_01,Local_09,Construction,III,IV,Male,Employee,Falling Object,A 3 kg wooden plank fell from a scaffold and hit the worker's shoulder; contusion.,,
1317,6/20/2018 0:00,Country_01,Local_03,Warehousing,III,III,Male,Third Party,Fire,A small flash fire singed the worker's hand; 1st‑degree burn (2 cm).,,
1318,7/6/2018 0:00,Country_01,Local_06,Mining,III,IV,Male,Employee,Explosion,A small blast sent a rock chip into the worker's arm; small laceration and bruise.,,
1319,7/22/2018 0:00,Country_01,Local_08,Manufacturing,III,III,Male,Subcontractor,Transport,Worker was nudged by a slow‑moving truck; fell and bruised his hip and elbow.,,
1320,8/7/2018 0:00,Country_01,Local_02,Construction,III,IV,Male,Employee,Chemical,"A splash of coolant got into the worker's eye; flushed, mild redness only.",,
1321,8/23/2018 0:00,Country_01,Local_04,Warehousing,III,III,Male,Third Party,Fall from Height,"Worker stepped off a low platform (0.6 m); twisted his ankle, mild sprain.",,
1322,9/8/2018 0:00,Country_01,Local_10,Mining,III,IV,Male,Contractor,Crushing,Worker's fingers caught between two steel plates; swollen and bruised fingertips.,,
1323,9/24/2018 0:00,Country_01,Local_07,Manufacturing,III,III,Male,Employee,Electrical,Worker received a mild shock from a 120V outlet; he jerked and bumped his knee.,,
1324,10/10/2018 0:00,Country_01,Local_01,Construction,III,IV,Male,Subcontractor,Transport,A pallet jack bumped the worker's shin; resulted in a large bruise and mild pain.,,
1325,10/26/2018 0:00,Country_01,Local_05,Warehousing,III,III,Male,Employee,Falling Object,A 5 kg box fell from a shelf and hit the worker's shoulder; contusion.,,
1326,11/11/2018 0:00,Country_01,Local_09,Mining,III,IV,Male,Third Party,Fire,A small electrical fire caused minor smoke; worker treated for mild inhalation.,,
1327,11/27/2018 0:00,Country_01,Local_03,Manufacturing,III,III,Male,Employee,Machinery,"Worker's glove caught in a belt; pulled free, sprained wrist and abrasions.",,
1328,12/13/2018 0:00,Country_01,Local_06,Construction,III,IV,Male,Contractor,Fall from Height,Worker fell from a 0.8 m platform; sprained his wrist and bruised his hip.,,
1329,12/29/2018 0:00,Country_01,Local_08,Warehousing,III,III,Male,Employee,Electrical,"Worker felt a slight shock and dropped a tool on his foot, bruising his toe.",,
1330,1/14/2016 0:00,Country_01,Local_02,Mining,III,IV,Male,Third Party,Explosion,A small blasting cap produced a loud report; worker's ears rang and he suffered a mild headache.,,
1331,1/30/2016 0:00,Country_01,Local_04,Manufacturing,III,III,Male,Employee,Chemical,"A splash of solvent caused skin redness; treated with cream, no further issue.",,
1332,2/15/2016 0:00,Country_01,Local_10,Construction,III,IV,Male,Subcontractor,Crushing,Worker's hand caught between two loads; bruising and minor laceration.,,
1333,3/2/2016 0:00,Country_01,Local_07,Warehousing,III,III,Male,Employee,Transport,Worker was brushed by a moving conveyor; suffered a bruised shoulder and abrasion.,,
1334,3/18/2016 0:00,Country_01,Local_01,Mining,III,IV,Male,Third Party,Falling Object,A 4 kg rock fragment fell from a bucket and hit the worker's foot; bruised instep.,,
1335,4/3/2016 0:00,Country_01,Local_05,Manufacturing,III,III,Male,Contractor,Fire,A small flash fire singed the worker's hand; 1st‑degree burn (3 cm).,,
1336,4/19/2016 0:00,Country_01,Local_09,Construction,III,IV,Male,Employee,Fall from Height,"Worker stepped off a low platform (0.5 m); twisted his ankle, mild sprain.",,
1337,5/5/2016 0:00,Country_01,Local_03,Warehousing,III,III,Male,Subcontractor,Electrical,Worker received a mild shock from a 110V line; he jerked and bumped his head.,,
1338,5/21/2016 0:00,Country_01,Local_06,Mining,III,IV,Male,Employee,Transport,"A rolling drum (40 kg) struck the worker's shin; large hematoma, no fracture.",,
1339,6/6/2016 0:00,Country_01,Local_08,Manufacturing,III,III,Male,Third Party,Machinery,"Worker's sleeve caught in a drill; stopped quickly, bruised upper arm.",,
1340,6/22/2016 0:00,Country_01,Local_02,Construction,III,IV,Male,Employee,Crushing,Worker's fingers caught between two steel plates; swollen and bruised fingertips.,,
1341,7/8/2016 0:00,Country_01,Local_04,Warehousing,III,III,Male,Contractor,Fire,A small electrical fire produced smoke; worker suffered mild cough and eye irritation.,,
1342,7/24/2016 0:00,Country_01,Local_10,Mining,III,IV,Male,Employee,Explosion,A small detonation sent a rock chip into the worker's leg; small laceration and bruise.,,
1343,8/9/2016 0:00,Country_01,Local_07,Manufacturing,III,III,Male,Third Party,Chemical,"A splash of coolant got into the worker's eye; flushed, mild redness only.",,
1344,8/25/2016 0:00,Country_01,Local_01,Construction,III,IV,Male,Employee,Fall from Height,Worker slipped from a 1.2 m ladder; sprained his ankle and bruised his elbow.,,
1345,9/10/2016 0:00,Country_01,Local_05,Warehousing,III,III,Male,Subcontractor,Transport,A pallet jack bumped the worker's calf; resulted in a deep bruise and muscle tenderness.,,
1346,9/26/2016 0:00,Country_01,Local_09,Mining,III,IV,Male,Employee,Falling Object,A 3 kg wooden plank fell from a scaffold and hit the worker's shoulder; contusion.,,
1347,10/12/2016 0:00,Country_01,Local_03,Manufacturing,III,III,Male,Contractor,Electrical,Worker felt a mild static shock and dropped a tool on his foot; bruised toes.,,
1348,10/28/2016 0:00,Country_01,Local_06,Construction,III,IV,Male,Employee,Crushing,"Worker's hand caught between two pipes; bruising and swelling, no fracture.",,
1349,11/13/2016 0:00,Country_01,Local_08,Warehousing,III,III,Male,Third Party,Fire,A small flash fire singed the worker's hand; 1st‑degree burn (2 cm).,,
1350,11/29/2016 0:00,Country_01,Local_02,Mining,III,IV,Male,Employee,Transport,Worker was nudged by a slow‑moving truck; fell and bruised his hip and elbow.,,
1351,2/10/2016 0:00,Country_01,Local_03,Mining,II,IV,Male,Third Party,Others,"While aligning the right bracket of tower N° 32, when releasing the tension applied by the tirford of 1.5 Tn, the lever returned by mechanical effect, overcoming the lineman operator's resistance and striking the assistant in the frontal region, causing a minor contusion.",,
1352,2/15/2016 0:00,Country_02,Local_02,Mining,II,II,Male,Third Party,Others,"While loosening the A30-29 truck's steering cylinder bolt using power cable and socket, the bolt suddenly released and the employee hit his hand against the structure, causing a minor bruise on the knuckles.",,
1353,2/16/2016 0:00,Country_02,Local_07,Mining,II,III,Male,Employee,Others,"When using the griff wrench to unscrew the rod from the probe, the key moved and pressed the employee's finger against the probe, causing a small laceration and bruise.",,
1354,1/5/2016 0:00,Country_01,Local_05,Construction,II,II,Male,Employee,Falling Object,"A small 1 kg tool fell from a 2 m height and struck the worker's shoulder, causing a minor bruise with no loss of motion.",,
1355,1/12/2016 0:00,Country_01,Local_08,Manufacturing,II,III,Male,Contractor,Machinery,"Worker's finger was lightly pinched between two conveyor rollers; resulted in a small bruise and redness, no fracture.",,
1356,1/20/2016 0:00,Country_02,Local_01,Warehousing,II,II,Male,Third Party,Transport,"A pallet jack rolled over the worker's toe; caused a minor bruise and swelling of the big toe, X‑ray negative.",,
1357,1/28/2016 0:00,Country_01,Local_09,Mining,II,III,Male,Employee,Electrical,"Worker received a mild static shock and dropped a wrench on his foot, resulting in a small bruise on the instep.",,
1358,2/3/2016 0:00,Country_02,Local_04,Construction,II,II,Male,Subcontractor,Fall from Height,"Worker slipped from the bottom rung of a ladder (0.5 m) and landed on his knee, causing a minor abrasion and bruise.",,
1359,2/11/2016 0:00,Country_01,Local_06,Manufacturing,II,III,Male,Employee,Chemical,"A small drop of mild acid solution splashed onto the worker's glove; no skin contact, but caused a slight discoloration of the glove material.",,
1360,2/18/2016 0:00,Country_02,Local_10,Warehousing,II,II,Male,Contractor,Crushing,"Worker's hand was lightly caught between two cardboard boxes; resulted in minor redness and swelling of the fingers, resolved quickly.",,
1361,2/25/2016 0:00,Country_01,Local_03,Mining,II,III,Male,Third Party,Explosion,"A small blasting cap produced a loud noise; worker experienced temporary ringing in the ears and mild headache, no permanent damage.",,
1362,3/2/2016 0:00,Country_02,Local_07,Construction,II,II,Male,Employee,Falling Object,"A small piece of gravel (0.5 kg) fell from a conveyor and hit the worker's hard hat, causing a slight neck strain and mild discomfort.",,
1363,3/10/2016 0:00,Country_01,Local_02,Manufacturing,II,III,Male,Subcontractor,Machinery,"Worker's sleeve brushed against a rotating belt; he pulled back quickly, suffering a minor abrasion on the forearm.",,
1364,3/17/2016 0:00,Country_02,Local_05,Warehousing,II,II,Male,Employee,Transport,A rolling drum (20 kg) gently bumped the worker's shin; resulted in a small bruise and minor tenderness.,,
1365,3/24/2016 0:00,Country_01,Local_08,Mining,II,III,Male,Third Party,Electrical,"Worker felt a slight tingle from a 24V battery terminal and jerked his hand, scratching it on a metal edge.",,
1366,4/1/2016 0:00,Country_02,Local_01,Construction,II,II,Male,Contractor,Fall from Height,"Worker stepped off a low platform (0.6 m) and twisted his ankle; mild sprain, treated with rest and ice.",,
1367,4/8/2016 0:00,Country_01,Local_04,Warehousing,II,III,Male,Employee,Crushing,"Worker's fingers were briefly pinched between a cart and a wall; resulted in minor bruising and redness, no fracture.",,
1368,4/15/2016 0:00,Country_02,Local_09,Manufacturing,II,II,Male,Third Party,Fire,"A small grease fire produced a puff of smoke; worker coughed briefly, no burns, treated with fresh air.",,
1369,4/22/2016 0:00,Country_01,Local_07,Mining,II,III,Male,Employee,Falling Object,A 2 kg rock fragment rolled off a pile and struck the worker's foot; caused a minor bruise and slight swelling.,,
1370,4/29/2016 0:00,Country_02,Local_03,Construction,II,II,Male,Subcontractor,Chemical,"A small splash of cement slurry got onto the worker's hand; washed immediately, resulted in mild skin irritation.",,
1371,5/6/2016 0:00,Country_01,Local_10,Warehousing,II,III,Male,Employee,Transport,"Worker was lightly bumped by a slow‑moving forklift; he stumbled and bruised his elbow, no further injury.",,
1372,5/13/2016 0:00,Country_02,Local_06,Mining,II,II,Male,Contractor,Explosion,"A small detonation sent a pebble flying; it struck the worker's arm, causing a small red mark and minor pain.",,
1373,5/20/2016 0:00,Country_01,Local_02,Manufacturing,II,III,Male,Employee,Machinery,"Worker's glove was caught in a chain sprocket; he pulled free, suffering a minor abrasion on the palm.",,
1374,5/27/2016 0:00,Country_02,Local_08,Construction,II,II,Male,Third Party,Fall from Height,"Worker slipped on a wet floor and fell from a 0.4 m height, bruising his knee and scraping his hand.",,
1375,6/3/2016 0:00,Country_01,Local_05,Warehousing,II,III,Male,Employee,Electrical,Worker received a mild static shock from a metal rack; he recoiled and bumped his shoulder against a shelf.,,
1376,6/10/2016 0:00,Country_02,Local_01,Mining,II,II,Male,Subcontractor,Falling Object,"A small stone (1 kg) fell from a bucket and hit the worker's hard hat; slight neck discomfort, no injury.",,
1377,6/17/2016 0:00,Country_01,Local_09,Manufacturing,II,III,Male,Contractor,Crushing,"Worker's finger was caught between two plastic molds; caused minor swelling and redness, X‑ray negative.",,
1378,6/24/2016 0:00,Country_02,Local_04,Warehousing,II,II,Male,Employee,Transport,A hand truck rolled over the worker's foot; resulted in a minor bruise on the top of the foot.,,
1379,7/1/2016 0:00,Country_01,Local_07,Construction,II,III,Male,Third Party,Fire,"A small welding spark landed on the worker's sleeve; he patted it out, sustaining a minor singe mark on the fabric but no burn.",,
1380,7/8/2016 0:00,Country_02,Local_03,Mining,II,II,Male,Employee,Chemical,"A few drops of lubricant splashed into the worker's eye; flushed immediately, mild redness resolved in one hour.",,
1381,7/15/2016 0:00,Country_01,Local_10,Warehousing,II,III,Male,Contractor,Falling Object,A light cardboard box (5 kg) fell from a shelf and struck the worker's shoulder; resulted in a small bruise.,,
1382,7/22/2016 0:00,Country_02,Local_06,Manufacturing,II,II,Male,Employee,Machinery,"Worker's apron caught on a protruding bolt; he stopped and freed it, suffering a minor scratch on his side.",,
1383,7/29/2016 0:00,Country_01,Local_02,Construction,II,III,Male,Third Party,Electrical,"Worker touched a live 12V wire and felt a slight shock; he pulled away, scraping his hand on a metal edge.",,
1384,8/5/2016 0:00,Country_02,Local_08,Warehousing,II,II,Male,Subcontractor,Transport,Worker was nudged by a pallet mover; he lost balance and bruised his hip against a rack.,,
1385,8/12/2016 0:00,Country_01,Local_05,Mining,II,III,Male,Employee,Explosion,"A small misfire produced a sound like a firecracker; worker experienced temporary ear discomfort, no perforation.",,
1386,8/19/2016 0:00,Country_02,Local_01,Construction,II,II,Male,Contractor,Fall from Height,"Worker stepped off a low curb (0.3 m) and twisted his ankle; mild sprain, treated with bandage.",,
1387,8/26/2016 0:00,Country_01,Local_09,Warehousing,II,III,Male,Employee,Crushing,"Worker's fingers were caught between two plastic containers; mild redness and swelling, no fracture.",,
1388,9/2/2016 0:00,Country_02,Local_04,Mining,II,II,Male,Third Party,Falling Object,A chunk of coal (2 kg) rolled off a pile and struck the worker's leg; minor bruise and slight pain.,,
1389,9/9/2016 0:00,Country_01,Local_07,Manufacturing,II,III,Male,Employee,Chemical,"A small amount of coolant splashed onto the worker's forearm; washed off, caused mild skin redness.",,
1390,9/16/2016 0:00,Country_02,Local_10,Construction,II,II,Male,Subcontractor,Electrical,"Worker felt a tingling sensation from a frayed cord; he dropped the tool, no injury except a startled reaction.",,
1391,9/23/2016 0:00,Country_01,Local_03,Warehousing,II,III,Male,Contractor,Transport,A rolling barrel (15 kg) grazed the worker's knee; resulted in a small abrasion and bruise.,,
1392,9/30/2016 0:00,Country_02,Local_06,Mining,II,II,Male,Employee,Fire,A small flash from a spark caused a temporary afterimage; worker's eyes were watery but no damage.,,
1393,10/7/2016 0:00,Country_01,Local_08,Manufacturing,II,III,Male,Third Party,Machinery,Worker's hand brushed against a rough surface; caused a minor abrasion on the knuckles.,,
1394,10/14/2016 0:00,Country_02,Local_02,Construction,II,II,Male,Employee,Fall from Height,Worker tripped on a cable and fell from a 0.5 m height; bruised his wrist and scraped his palm.,,
1395,10/21/2016 0:00,Country_01,Local_05,Warehousing,II,III,Male,Subcontractor,Crushing,"Worker's finger was briefly trapped between two steel drums; minor swelling and redness, no fracture.",,
1396,10/28/2016 0:00,Country_02,Local_09,Mining,II,II,Male,Contractor,Explosion,A small blasting cap produced a sharp report; worker experienced mild tinnitus that resolved within minutes.,,
1397,11/4/2016 0:00,Country_01,Local_01,Construction,II,III,Male,Employee,Falling Object,A 2 kg bag of nails fell from a shelf and struck the worker's shoulder; caused a minor bruise.,,
1398,11/11/2016 0:00,Country_02,Local_07,Warehousing,II,II,Male,Third Party,Transport,A hand truck bumped the worker's shin; resulted in a small bruise and mild tenderness.,,
1399,11/18/2016 0:00,Country_01,Local_04,Manufacturing,II,III,Male,Employee,Electrical,"Worker received a mild shock from a 110V outlet; he jerked and hit his elbow on a table, causing a bruise.",,
1400,11/25/2016 0:00,Country_02,Local_03,Mining,II,II,Male,Contractor,Chemical,"A small drop of diesel fuel splashed onto the worker's boot; no skin contact, but caused a slight odor.",,
1401,12/2/2016 0:00,Country_01,Local_10,Warehousing,II,III,Male,Employee,Falling Object,"A light box (3 kg) fell from a top rack and hit the worker's head; hard hat absorbed impact, mild headache.",,
1402,12/9/2016 0:00,Country_02,Local_06,Construction,II,II,Male,Subcontractor,Fall from Height,Worker slipped on a greasy floor and fell from a 0.4 m platform; bruised his hip and scraped his elbow.,,
1403,12/16/2016 0:00,Country_01,Local_08,Mining,II,III,Male,Third Party,Transport,Worker was lightly brushed by a conveyor belt; caused a minor abrasion on the forearm.,,
1404,12/23/2016 0:00,Country_02,Local_01,Manufacturing,II,II,Male,Employee,Machinery,"Worker's glove caught in a rotating spindle; he pulled free, suffering a minor sprain of the wrist.",,
1405,12/30/2016 0:00,Country_01,Local_05,Construction,II,III,Male,Contractor,Crushing,Worker's hand was lightly squeezed between two boards; resulted in minor redness and swelling.,,
1406,1/6/2017 0:00,Country_02,Local_09,Warehousing,II,II,Male,Employee,Electrical,"Worker felt a static discharge from a pallet; he recoiled and bumped his shoulder, causing a small bruise.",,
1407,1/13/2017 0:00,Country_01,Local_07,Mining,II,III,Male,Third Party,Fire,"A small spark ignited a rag; worker quickly extinguished it, sustaining a minor singe on his glove.",,
1408,1/20/2017 0:00,Country_02,Local_04,Manufacturing,II,II,Male,Subcontractor,Chemical,"A minor splash of detergent solution got into the worker's eye; flushed immediately, mild irritation only.",,
1409,1/27/2017 0:00,Country_01,Local_02,Construction,II,III,Male,Employee,Falling Object,A small piece of wood (1 kg) fell from a scaffold and hit the worker's shoulder; minor contusion.,,
1410,2/3/2017 0:00,Country_02,Local_10,Warehousing,II,II,Male,Contractor,Transport,"A pallet jack rolled over the worker's heel; caused a small bruise and tenderness, X‑ray negative.",,
1411,2/10/2017 0:00,Country_01,Local_06,Mining,II,III,Male,Employee,Explosion,"A small misfire produced a loud bang; worker experienced temporary hearing dullness, no permanent damage.",,
1412,2/17/2017 0:00,Country_02,Local_08,Construction,II,II,Male,Third Party,Electrical,"Worker touched a live 12V connector and felt a tingle; he withdrew, scraping his hand on a bracket.",,
1413,2/24/2017 0:00,Country_01,Local_03,Warehousing,II,III,Male,Employee,Crushing,Worker's fingers were caught between two cardboard boxes; minor bruising and redness.,,
1414,3/3/2017 0:00,Country_02,Local_05,Mining,II,II,Male,Subcontractor,Falling Object,A small stone (0.5 kg) fell from a conveyor and struck the worker's foot; minor bruise on the instep.,,
1415,3/10/2017 0:00,Country_01,Local_01,Manufacturing,II,III,Male,Contractor,Machinery,Worker's sleeve brushed against a belt; caused a minor friction burn on the forearm.,,
1416,3/17/2017 0:00,Country_02,Local_07,Warehousing,II,II,Male,Employee,Fall from Height,Worker stepped off a low platform (0.5 m) and sprained his ankle mildly; treated with ice.,,
1417,3/24/2017 0:00,Country_01,Local_09,Construction,II,III,Male,Third Party,Fire,"A small welding spark landed on the worker's boot; extinguished immediately, no injury.",,
1418,3/31/2017 0:00,Country_02,Local_04,Mining,II,II,Male,Employee,Chemical,"A small amount of grease splashed onto the worker's arm; wiped off, mild skin redness.",,
1419,4/7/2017 0:00,Country_01,Local_10,Warehousing,II,III,Male,Contractor,Transport,Worker was lightly bumped by a rolling cart; he stumbled and bruised his knee.,,
1420,4/14/2017 0:00,Country_02,Local_06,Manufacturing,II,II,Male,Subcontractor,Electrical,"Worker felt a mild shock from a 24V control panel; he pulled back, no injury.",,
1421,4/21/2017 0:00,Country_01,Local_02,Construction,II,III,Male,Employee,Falling Object,A small hammer (1 kg) fell from a 2 m height and hit the worker's hard hat; mild neck strain.,,
1422,4/28/2017 0:00,Country_02,Local_08,Warehousing,II,II,Male,Third Party,Crushing,Worker's finger was pinched between two plastic bins; minor swelling and redness.,,
1423,5/5/2017 0:00,Country_01,Local_05,Mining,II,III,Male,Employee,Explosion,A small detonation sent a pebble into the worker's leg; minor bruise and a small scratch.,,
1424,5/12/2017 0:00,Country_02,Local_01,Construction,II,II,Male,Contractor,Fall from Height,Worker slipped on a muddy surface and fell from a 0.3 m height; bruised his palm and scraped his knee.,,
1425,5/19/2017 0:00,Country_01,Local_09,Warehousing,II,III,Male,Employee,Transport,"A hand truck rolled over the worker's toe; minor bruise and tenderness, X‑ray negative.",,
1426,5/26/2017 0:00,Country_02,Local_03,Mining,II,II,Male,Third Party,Electrical,"Worker felt a static shock from a metal ladder; he jerked and bumped his head against a beam, minor bump.",,
1427,6/2/2017 0:00,Country_01,Local_07,Manufacturing,II,III,Male,Contractor,Machinery,"Worker's finger caught in a chain link; pulled free, minor abrasion and redness.",,
1428,6/9/2017 0:00,Country_02,Local_10,Construction,II,II,Male,Employee,Falling Object,A light wooden plank (2 kg) fell from a scaffold and struck the worker's shoulder; minor bruise.,,
1429,6/16/2017 0:00,Country_01,Local_04,Warehousing,II,III,Male,Subcontractor,Fire,"A small electrical spark caused a brief flash; worker experienced temporary afterimage, no burn.",,
1430,6/23/2017 0:00,Country_02,Local_06,Mining,II,II,Male,Employee,Chemical,"A few drops of coolant splashed onto the worker's hand; washed off, mild redness.",,
1431,6/30/2017 0:00,Country_01,Local_08,Construction,II,III,Male,Third Party,Transport,Worker was brushed by a slow‑moving conveyor belt; caused a minor abrasion on the arm.,,
1432,7/7/2017 0:00,Country_02,Local_02,Warehousing,II,II,Male,Contractor,Crushing,Worker's hand was lightly caught between two cardboard cartons; minor swelling and redness.,,
1433,7/14/2017 0:00,Country_01,Local_05,Mining,II,III,Male,Employee,Fall from Height,"Worker stepped off a low step (0.4 m) and twisted his ankle; mild sprain, treated with compression.",,
1434,7/21/2017 0:00,Country_02,Local_09,Manufacturing,II,II,Male,Subcontractor,Electrical,"Worker received a mild shock from a 12V battery; he pulled away, no injury.",,
1435,7/28/2017 0:00,Country_01,Local_01,Warehousing,II,III,Male,Employee,Falling Object,A small box (2 kg) fell from a shelf and hit the worker's back; minor contusion.,,
1436,8/4/2017 0:00,Country_02,Local_07,Mining,II,II,Male,Third Party,Explosion,"A small blasting cap produced a sharp crack; worker's ears rang briefly, no permanent damage.",,
1437,8/11/2017 0:00,Country_01,Local_03,Construction,II,III,Male,Contractor,Fire,A small flame from a torch singed the worker's eyebrow hair; no burn to skin.,,
1438,8/18/2017 0:00,Country_02,Local_10,Warehousing,II,II,Male,Employee,Transport,A rolling drum (10 kg) gently bumped the worker's shin; minor bruise and tenderness.,,
1439,8/25/2017 0:00,Country_01,Local_06,Mining,II,III,Male,Employee,Chemical,"A small amount of lubricant splashed onto the worker's cheek; washed off, mild redness.",,
1440,9/1/2017 0:00,Country_02,Local_04,Manufacturing,II,II,Male,Subcontractor,Machinery,"Worker's sleeve caught on a protruding bolt; he freed it, suffering a minor scratch on the arm.",,
1441,9/8/2017 0:00,Country_01,Local_08,Construction,II,III,Male,Third Party,Fall from Height,Worker slipped on a wet surface and fell from a 0.3 m height; bruised his elbow and scraped his hand.,,
1442,9/15/2017 0:00,Country_02,Local_01,Warehousing,II,II,Male,Employee,Crushing,"Worker's finger was pinched between two wooden pallets; minor swelling and redness, no fracture.",,
1443,9/22/2017 0:00,Country_01,Local_05,Mining,II,III,Male,Contractor,Falling Object,A small stone (1 kg) fell from a bucket and hit the worker's arm; minor bruise.,,
1444,9/29/2017 0:00,Country_02,Local_09,Construction,II,II,Male,Employee,Electrical,"Worker felt a slight tingle from a frayed cord; he dropped the tool, no injury except a small scratch.",,
1445,10/6/2017 0:00,Country_01,Local_07,Warehousing,II,III,Male,Subcontractor,Transport,A hand truck rolled over the worker's foot; resulted in a minor bruise on the metatarsal area.,,
1446,10/13/2017 0:00,Country_02,Local_03,Mining,II,II,Male,Employee,Explosion,"A small misfire produced a loud report; worker experienced temporary hearing dullness, resolved quickly.",,
1447,10/20/2017 0:00,Country_01,Local_10,Manufacturing,II,III,Male,Third Party,Fire,A small spark from welding caused a minor singe on the worker's glove; no injury.,,
1448,10/27/2017 0:00,Country_02,Local_06,Construction,II,II,Male,Contractor,Fall from Height,Worker stepped off a low platform (0.5 m) and sprained his ankle mildly; treated with bandage.,,
1449,11/3/2017 0:00,Country_01,Local_02,Warehousing,II,III,Male,Employee,Falling Object,A light box (4 kg) fell from a shelf and struck the worker's shoulder; minor contusion.,,
1450,11/10/2017 0:00,Country_02,Local_08,Mining,II,II,Male,Subcontractor,Chemical,"A small splash of water with mild detergent got into the worker's eye; flushed, slight redness.",,
1451,11/17/2017 0:00,Country_01,Local_04,Construction,II,III,Male,Employee,Crushing,Worker's hand was caught between two boards; minor bruising and swelling.,,
1452,11/24/2017 0:00,Country_02,Local_05,Warehousing,II,II,Male,Third Party,Transport,A pallet jack bumped the worker's calf; caused a small bruise and minor tenderness.,,
1453,12/1/2017 0:00,Country_01,Local_09,Mining,II,III,Male,Employee,Electrical,"Worker touched a 24V wire and felt a tingle; he pulled away, scraping his hand.",,
1454,12/8/2017 0:00,Country_02,Local_01,Manufacturing,II,II,Male,Contractor,Machinery,"Worker's glove was caught in a belt; he freed it, suffering a minor abrasion on the palm.",,
1455,12/15/2017 0:00,Country_01,Local_07,Construction,II,III,Male,Employee,Fall from Height,Worker slipped on a wet floor and fell from a 0.4 m height; bruised his knee and scraped his hand.,,
1456,12/22/2017 0:00,Country_02,Local_10,Warehousing,II,II,Male,Subcontractor,Falling Object,A 2 kg metal bracket fell from a shelf and hit the worker's foot; minor bruise on the instep.,,
1457,12/29/2017 0:00,Country_01,Local_03,Mining,II,III,Male,Third Party,Explosion,"A small detonation sent a pebble flying; struck the worker's chest, minor red mark.",,
1458,1/5/2018 0:00,Country_02,Local_06,Manufacturing,II,II,Male,Employee,Chemical,"A drop of oil splashed onto the worker's forearm; wiped off, mild skin redness.",,
1459,1/12/2018 0:00,Country_01,Local_08,Construction,II,III,Male,Contractor,Transport,A rolling barrel (15 kg) grazed the worker's shin; minor abrasion and bruise.,,
1460,1/19/2018 0:00,Country_02,Local_02,Warehousing,II,II,Male,Employee,Crushing,Worker's finger was pinched between two plastic crates; minor swelling and redness.,,
1461,1/26/2018 0:00,Country_01,Local_05,Mining,II,III,Male,Third Party,Electrical,Worker received a mild static shock and dropped a tool; no injury except a slight bruise on the toe.,,
1462,2/2/2018 0:00,Country_02,Local_09,Construction,II,II,Male,Subcontractor,Fall from Height,Worker stepped off a low curb (0.3 m) and twisted his ankle; mild sprain.,,
1463,2/9/2018 0:00,Country_01,Local_07,Warehousing,II,III,Male,Employee,Falling Object,A light box (3 kg) fell from a shelf and hit the worker's shoulder; minor contusion.,,
1464,2/16/2018 0:00,Country_02,Local_01,Manufacturing,II,II,Male,Contractor,Machinery,"Worker's sleeve caught on a bolt; he stopped, suffering a minor scratch on the arm.",,
1465,2/23/2018 0:00,Country_01,Local_04,Mining,II,III,Male,Employee,Fire,"A small spark from a grinder caused a flash; worker experienced temporary afterimage, no burn.",,
1466,3/2/2018 0:00,Country_02,Local_10,Construction,II,II,Male,Third Party,Chemical,"A small splash of concrete mix got onto the worker's hand; washed off, mild irritation.",,
1467,3/9/2018 0:00,Country_01,Local_06,Warehousing,II,III,Male,Employee,Transport,A hand truck rolled over the worker's heel; minor bruise and tenderness.,,
1468,3/16/2018 0:00,Country_02,Local_08,Mining,II,II,Male,Subcontractor,Crushing,Worker's fingers were caught between two ore samples; minor bruising and redness.,,
1469,3/23/2018 0:00,Country_01,Local_02,Manufacturing,II,III,Male,Contractor,Electrical,"Worker touched a 12V terminal and felt a tingle; he pulled away, no injury.",,
1470,3/30/2018 0:00,Country_02,Local_05,Construction,II,II,Male,Employee,Fall from Height,Worker slipped on a greasy floor and fell from a 0.4 m height; bruised his hip and scraped his palm.,,
1471,4/6/2018 0:00,Country_01,Local_09,Warehousing,II,III,Male,Third Party,Falling Object,"A small wooden block (1 kg) fell from a rack and hit the worker's head; hard hat protected, mild headache.",,
1472,4/13/2018 0:00,Country_02,Local_03,Mining,II,II,Male,Employee,Explosion,"A small blasting cap produced a loud crack; worker's ears rang briefly, resolved quickly.",,
1473,4/20/2018 0:00,Country_01,Local_07,Manufacturing,II,III,Male,Contractor,Machinery,Worker's hand brushed against a rough surface; caused a minor abrasion on the knuckles.,,
1474,4/27/2018 0:00,Country_02,Local_01,Warehousing,II,II,Male,Subcontractor,Transport,A pallet jack lightly bumped the worker's shin; resulted in a small bruise.,,
1475,5/4/2018 0:00,Country_01,Local_05,Construction,II,III,Male,Employee,Fire,"A small welding spark landed on the worker's boot; extinguished immediately, no injury.",,
1476,5/11/2018 0:00,Country_02,Local_10,Mining,II,II,Male,Third Party,Chemical,"A few drops of coolant splashed onto the worker's arm; washed off, mild redness.",,
1477,5/18/2018 0:00,Country_01,Local_08,Warehousing,II,III,Male,Employee,Crushing,Worker's finger was pinched between two cartons; minor swelling and redness.,,
1478,5/25/2018 0:00,Country_02,Local_06,Construction,II,II,Male,Contractor,Fall from Height,Worker stepped off a low platform (0.5 m) and twisted his ankle; mild sprain.,,
1479,6/1/2018 0:00,Country_01,Local_02,Mining,II,III,Male,Employee,Falling Object,A small rock (1 kg) fell from a pile and struck the worker's foot; minor bruise.,,
1480,6/8/2018 0:00,Country_02,Local_09,Manufacturing,II,II,Male,Subcontractor,Electrical,"Worker felt a static shock from a metal rack; he jerked and bumped his elbow, minor bruise.",,
1481,6/15/2018 0:00,Country_01,Local_04,Warehousing,II,III,Male,Third Party,Transport,A rolling drum (20 kg) gently bumped the worker's knee; minor bruise and tenderness.,,
1482,6/22/2018 0:00,Country_02,Local_07,Construction,II,II,Male,Employee,Crushing,Worker's hand was lightly squeezed between two wooden planks; minor redness and swelling.,,
1483,6/29/2018 0:00,Country_01,Local_01,Mining,II,III,Male,Contractor,Explosion,A small detonation sent a pebble into the worker's leg; minor bruise and scratch.,,
1484,7/6/2018 0:00,Country_02,Local_05,Warehousing,II,II,Male,Employee,Fire,"A small electrical spark caused a brief flash; worker experienced temporary afterimage, no burn.",,
1485,7/13/2018 0:00,Country_01,Local_10,Manufacturing,II,III,Male,Subcontractor,Machinery,"Worker's glove caught in a chain; he freed it, suffering a minor abrasion on the palm.",,
1486,7/20/2018 0:00,Country_02,Local_03,Construction,II,II,Male,Third Party,Fall from Height,Worker slipped on a wet floor and fell from a 0.3 m height; bruised his knee and scraped his hand.,,
1487,7/27/2018 0:00,Country_01,Local_08,Warehousing,II,III,Male,Employee,Transport,A hand truck rolled over the worker's toe; minor bruise and tenderness.,,
1488,8/3/2018 0:00,Country_02,Local_06,Mining,II,II,Male,Contractor,Chemical,"A small amount of grease splashed onto the worker's arm; wiped off, mild redness.",,
1489,8/10/2018 0:00,Country_01,Local_02,Construction,II,III,Male,Employee,Falling Object,A light box (2 kg) fell from a shelf and hit the worker's shoulder; minor contusion.,,
1490,8/17/2018 0:00,Country_02,Local_09,Warehousing,II,II,Male,Subcontractor,Electrical,"Worker touched a 12V wire and felt a tingle; he pulled away, no injury.",,
1491,8/24/2018 0:00,Country_01,Local_04,Mining,II,III,Male,Third Party,Explosion,A small misfire produced a loud bang; worker experienced temporary hearing dullness.,,
1492,8/31/2018 0:00,Country_02,Local_07,Manufacturing,II,II,Male,Employee,Crushing,Worker's finger was pinched between two plastic molds; minor swelling and redness.,,
1493,9/7/2018 0:00,Country_01,Local_10,Warehousing,II,III,Male,Contractor,Transport,A rolling barrel (10 kg) grazed the worker's shin; minor abrasion and bruise.,,
1494,9/14/2018 0:00,Country_02,Local_01,Construction,II,II,Male,Employee,Fall from Height,Worker stepped off a low curb (0.3 m) and twisted his ankle; mild sprain.,,
1495,9/21/2018 0:00,Country_01,Local_05,Mining,II,III,Male,Subcontractor,Fire,A small welding spark singed the worker's sleeve; no skin injury.,,
1496,9/28/2018 0:00,Country_02,Local_08,Warehousing,II,II,Male,Employee,Falling Object,A small metal bracket (1 kg) fell from a shelf and hit the worker's hard hat; mild neck strain.,,
1497,10/5/2018 0:00,Country_01,Local_03,Manufacturing,II,III,Male,Third Party,Machinery,Worker's sleeve brushed against a belt; caused a minor friction burn on the forearm.,,
1498,10/12/2018 0:00,Country_02,Local_06,Construction,II,II,Male,Contractor,Chemical,"A splash of water with detergent got into the worker's eye; flushed, mild redness.",,
1499,10/19/2018 0:00,Country_01,Local_09,Warehousing,II,III,Male,Employee,Crushing,Worker's fingers were caught between two cardboard boxes; minor bruising and redness.,,
1500,10/26/2018 0:00,Country_02,Local_02,Mining,II,II,Male,Subcontractor,Electrical,"Worker felt a static shock from a ladder; he jerked and bumped his head, minor bump.",,
1501,11/2/2018 0:00,Country_01,Local_07,Construction,II,III,Male,Employee,Fall from Height,Worker slipped on a wet floor and fell from a 0.4 m height; bruised his hip and scraped his hand.,,
1502,11/9/2018 0:00,Country_02,Local_10,Warehousing,II,II,Male,Third Party,Transport,A pallet jack bumped the worker's calf; caused a small bruise and minor tenderness.,,
1503,11/16/2018 0:00,Country_01,Local_04,Mining,II,III,Male,Employee,Falling Object,A 2 kg rock fragment fell from a bucket and struck the worker's foot; minor bruise on the instep.,,
1504,11/23/2018 0:00,Country_02,Local_05,Manufacturing,II,II,Male,Contractor,Fire,A small spark from a grinder caused a brief flash; worker experienced temporary afterimage.,,
1505,11/30/2018 0:00,Country_01,Local_08,Warehousing,II,III,Male,Employee,Crushing,Worker's finger was pinched between two steel drums; minor swelling and redness.,,
1506,12/7/2018 0:00,Country_02,Local_03,Construction,II,II,Male,Subcontractor,Electrical,"Worker touched a live 24V terminal and felt a tingle; he pulled back, no injury.",,
1507,12/14/2018 0:00,Country_01,Local_06,Mining,II,III,Male,Third Party,Explosion,"A small blasting cap produced a loud crack; worker's ears rang briefly, resolved.",,
1508,12/21/2018 0:00,Country_02,Local_09,Warehousing,II,II,Male,Employee,Transport,A hand truck rolled over the worker's heel; minor bruise and tenderness.,,
1509,12/28/2018 0:00,Country_01,Local_01,Manufacturing,II,III,Male,Contractor,Machinery,"Worker's glove caught in a belt; he freed it, suffering a minor abrasion on the palm.",,
1510,1/4/2016 0:00,Country_02,Local_07,Construction,II,II,Male,Employee,Fall from Height,Worker stepped off a low platform (0.5 m) and twisted his ankle; mild sprain.,,
1511,1/11/2016 0:00,Country_01,Local_02,Warehousing,II,III,Male,Third Party,Falling Object,A light box (3 kg) fell from a shelf and hit the worker's shoulder; minor contusion.,,
1512,1/18/2016 0:00,Country_02,Local_10,Mining,II,II,Male,Subcontractor,Chemical,"A few drops of coolant splashed onto the worker's forearm; washed off, mild redness.",,
1513,1/25/2016 0:00,Country_01,Local_05,Construction,II,III,Male,Employee,Crushing,Worker's fingers were caught between two boards; minor bruising and swelling.,,
1514,2/1/2016 0:00,Country_02,Local_08,Warehousing,II,II,Male,Contractor,Transport,A rolling drum (15 kg) gently bumped the worker's shin; minor bruise and tenderness.,,
1515,2/8/2016 0:00,Country_01,Local_09,Mining,II,III,Male,Employee,Electrical,Worker received a mild static shock and dropped a tool; no injury except a slight bruise on the toe.,,
1516,2/14/2016 0:00,Country_02,Local_04,Manufacturing,II,II,Male,Third Party,Fire,"A small welding spark landed on the worker's boot; extinguished immediately, no injury.",,
1517,2/21/2016 0:00,Country_01,Local_07,Warehousing,II,III,Male,Subcontractor,Falling Object,A small metal piece (0.5 kg) fell from a shelf and hit the worker's head; hard hat protected.,,
1518,2/28/2016 0:00,Country_02,Local_01,Mining,II,II,Male,Employee,Explosion,A small misfire produced a loud bang; worker experienced temporary hearing dullness.,,
1519,3/6/2016 0:00,Country_01,Local_06,Construction,II,III,Male,Contractor,Chemical,"A small splash of concrete mix got onto the worker's hand; washed off, mild irritation.",,
1520,3/13/2016 0:00,Country_02,Local_03,Warehousing,II,II,Male,Employee,Transport,A pallet jack rolled over the worker's toe; minor bruise and tenderness.,,
1521,3/20/2016 0:00,Country_01,Local_10,Mining,II,III,Male,Third Party,Crushing,Worker's finger was pinched between two ore samples; minor swelling and redness.,,
1522,3/27/2016 0:00,Country_02,Local_07,Manufacturing,II,II,Male,Subcontractor,Machinery,"Worker's sleeve caught on a protruding bolt; he freed it, suffering a minor scratch.",,
1523,4/3/2016 0:00,Country_01,Local_02,Construction,II,III,Male,Employee,Fall from Height,Worker slipped on a greasy floor and fell from a 0.3 m height; bruised his knee and scraped his hand.,,
1524,4/10/2016 0:00,Country_02,Local_09,Warehousing,II,II,Male,Contractor,Electrical,"Worker touched a 12V wire and felt a tingle; he pulled away, no injury.",,
1525,4/17/2016 0:00,Country_01,Local_05,Mining,II,III,Male,Employee,Falling Object,A small stone (1 kg) fell from a conveyor and hit the worker's arm; minor bruise.,,
1526,4/24/2016 0:00,Country_02,Local_08,Construction,II,II,Male,Third Party,Fire,A small spark from welding caused a brief flash; worker experienced temporary afterimage.,,
1527,5/1/2016 0:00,Country_01,Local_01,Warehousing,II,III,Male,Employee,Crushing,Worker's hand was lightly caught between two cartons; minor redness and swelling.,,
1528,5/8/2016 0:00,Country_02,Local_06,Mining,II,II,Male,Subcontractor,Transport,A hand truck rolled over the worker's heel; minor bruise and tenderness.,,
1529,5/15/2016 0:00,Country_01,Local_04,Manufacturing,II,III,Male,Contractor,Machinery,"Worker's glove caught in a belt; he freed it, suffering a minor abrasion on the palm.",,
1530,5/22/2016 0:00,Country_02,Local_10,Construction,II,II,Male,Employee,Fall from Height,Worker stepped off a low platform (0.4 m) and twisted his ankle; mild sprain.,,
1531,5/29/2016 0:00,Country_01,Local_07,Warehousing,II,III,Male,Third Party,Falling Object,A light box (2 kg) fell from a shelf and hit the worker's shoulder; minor contusion.,,
1532,6/5/2016 0:00,Country_02,Local_03,Mining,II,II,Male,Employee,Electrical,"Worker felt a static shock from a metal rack; he jerked and bumped his elbow, minor bruise.",,
1533,6/12/2016 0:00,Country_01,Local_09,Construction,II,III,Male,Contractor,Chemical,"A small amount of grease splashed onto the worker's arm; wiped off, mild redness.",,
1534,6/19/2016 0:00,Country_02,Local_05,Warehousing,II,II,Male,Subcontractor,Explosion,"A small blasting cap produced a loud crack; worker's ears rang briefly, resolved.",,
1535,6/26/2016 0:00,Country_01,Local_02,Mining,II,III,Male,Employee,Crushing,Worker's fingers were caught between two rocks; minor bruising and redness.,,
1536,7/3/2016 0:00,Country_02,Local_08,Manufacturing,II,II,Male,Third Party,Transport,A rolling drum (15 kg) gently bumped the worker's shin; minor abrasion and bruise.,,
1537,7/10/2016 0:00,Country_01,Local_06,Construction,II,III,Male,Employee,Fall from Height,Worker slipped on a wet floor and fell from a 0.3 m height; bruised his hip and scraped his palm.,,
1538,7/17/2016 0:00,Country_02,Local_01,Warehousing,II,II,Male,Contractor,Fire,"A small welding spark landed on the worker's sleeve; extinguished immediately, no injury.",,
1539,7/24/2016 0:00,Country_01,Local_10,Mining,II,III,Male,Employee,Falling Object,A small rock (0.5 kg) fell from a pile and hit the worker's foot; minor bruise.,,
1540,7/31/2016 0:00,Country_02,Local_07,Manufacturing,II,II,Male,Subcontractor,Electrical,"Worker touched a 24V terminal and felt a tingle; he pulled away, no injury.",,
1541,8/7/2016 0:00,Country_01,Local_04,Warehousing,II,III,Male,Third Party,Crushing,Worker's finger was pinched between two plastic bins; minor swelling and redness.,,
1542,8/14/2016 0:00,Country_02,Local_09,Construction,II,II,Male,Employee,Transport,A pallet jack bumped the worker's calf; caused a small bruise and minor tenderness.,,
1543,8/21/2016 0:00,Country_01,Local_03,Mining,II,III,Male,Contractor,Explosion,A small detonation sent a pebble into the worker's leg; minor bruise and scratch.,,
1544,8/28/2016 0:00,Country_02,Local_06,Warehousing,II,II,Male,Employee,Fall from Height,Worker stepped off a low curb (0.3 m) and twisted his ankle; mild sprain.,,
1545,9/4/2016 0:00,Country_01,Local_08,Manufacturing,II,III,Male,Subcontractor,Machinery,"Worker's sleeve caught on a bolt; he freed it, suffering a minor scratch on the arm.",,
1546,9/11/2016 0:00,Country_02,Local_02,Construction,II,II,Male,Third Party,Chemical,"A splash of water with detergent got into the worker's eye; flushed, mild redness.",,
1547,9/18/2016 0:00,Country_01,Local_05,Warehousing,II,III,Male,Employee,Falling Object,A small metal bracket (1 kg) fell from a shelf and hit the worker's hard hat; mild neck strain.,,
1548,9/25/2016 0:00,Country_02,Local_10,Mining,II,II,Male,Contractor,Electrical,"Worker felt a mild shock from a 12V battery; he pulled back, no injury.",,
1549,10/2/2016 0:00,Country_01,Local_07,Construction,II,III,Male,Employee,Crushing,Worker's hand was lightly caught between two boards; minor redness and swelling.,,
1550,10/9/2016 0:00,Country_02,Local_04,Warehousing,II,II,Male,Third Party,Transport,A rolling drum (20 kg) grazed the worker's shin; minor abrasion and bruise.,,
1551,10/16/2016 0:00,Country_01,Local_09,Mining,II,III,Male,Subcontractor,Fire,A small spark from a grinder caused a brief flash; worker experienced temporary afterimage.,,
1552,10/23/2016 0:00,Country_02,Local_01,Manufacturing,II,II,Male,Employee,Fall from Height,Worker slipped on a greasy floor and fell from a 0.4 m height; bruised his knee and scraped his hand.,,
1553,10/30/2016 0:00,Country_01,Local_06,Warehousing,II,III,Male,Contractor,Falling Object,A light box (3 kg) fell from a shelf and hit the worker's shoulder; minor contusion.,,
1554,11/6/2016 0:00,Country_02,Local_08,Mining,II,II,Male,Employee,Explosion,"A small blasting cap produced a loud crack; worker's ears rang briefly, resolved.",,
1555,11/13/2016 0:00,Country_01,Local_03,Construction,II,III,Male,Third Party,Chemical,"A few drops of coolant splashed onto the worker's forearm; washed off, mild redness.",,
1556,11/20/2016 0:00,Country_02,Local_05,Warehousing,II,II,Male,Subcontractor,Crushing,Worker's finger was pinched between two cardboard boxes; minor bruising and redness.,,
1557,11/27/2016 0:00,Country_01,Local_10,Mining,II,III,Male,Employee,Electrical,"Worker felt a static shock from a ladder; he jerked and bumped his head, minor bump.",,
1558,12/4/2016 0:00,Country_02,Local_07,Manufacturing,II,II,Male,Contractor,Machinery,"Worker's glove caught in a chain; he freed it, suffering a minor abrasion on the palm.",,
1559,12/11/2016 0:00,Country_01,Local_02,Warehousing,II,III,Male,Employee,Transport,A hand truck rolled over the worker's heel; minor bruise and tenderness.,,
1560,12/18/2016 0:00,Country_02,Local_09,Construction,II,II,Male,Third Party,Fall from Height,Worker stepped off a low platform (0.5 m) and twisted his ankle; mild sprain.,,
1561,12/25/2016 0:00,Country_01,Local_04,Mining,II,III,Male,Employee,Falling Object,A small rock (1 kg) fell from a bucket and struck the worker's foot; minor bruise.,,
1562,1/1/2017 0:00,Country_02,Local_06,Warehousing,II,II,Male,Subcontractor,Fire,"A small welding spark landed on the worker's boot; extinguished immediately, no injury.",,
1563,1/8/2017 0:00,Country_01,Local_08,Manufacturing,II,III,Male,Contractor,Electrical,"Worker touched a 24V wire and felt a tingle; he pulled away, no injury.",,
1564,1/15/2017 0:00,Country_02,Local_03,Construction,II,II,Male,Employee,Crushing,Worker's fingers were caught between two wooden planks; minor swelling and redness.,,
1565,1/22/2017 0:00,Country_01,Local_05,Warehousing,II,III,Male,Third Party,Transport,A rolling barrel (10 kg) gently bumped the worker's shin; minor bruise and tenderness.,,
1566,1/29/2017 0:00,Country_02,Local_10,Mining,II,II,Male,Employee,Explosion,A small detonation sent a pebble into the worker's leg; minor bruise and scratch.,,
1567,2/5/2017 0:00,Country_01,Local_07,Construction,II,III,Male,Subcontractor,Chemical,"A splash of concrete mix got onto the worker's hand; washed off, mild irritation.",,
1568,2/12/2017 0:00,Country_02,Local_01,Warehousing,II,II,Male,Contractor,Fall from Height,Worker slipped on a wet floor and fell from a 0.3 m height; bruised his knee and scraped his hand.,,
1569,2/19/2017 0:00,Country_01,Local_09,Mining,II,III,Male,Employee,Falling Object,A small stone (0.5 kg) fell from a conveyor and hit the worker's arm; minor bruise.,,
1570,2/26/2017 0:00,Country_02,Local_04,Manufacturing,II,II,Male,Third Party,Machinery,"Worker's sleeve caught on a protruding bolt; he freed it, suffering a minor scratch.",,
1571,3/5/2017 0:00,Country_01,Local_06,Warehousing,II,III,Male,Employee,Electrical,Worker received a static shock and dropped a tool; no injury except a slight bruise on the toe.,,
1572,3/12/2017 0:00,Country_02,Local_08,Construction,II,II,Male,Subcontractor,Crushing,Worker's hand was lightly caught between two cartons; minor redness and swelling.,,
1573,3/19/2017 0:00,Country_01,Local_03,Mining,II,III,Male,Contractor,Transport,A hand truck rolled over the worker's toe; minor bruise and tenderness.,,
1574,3/26/2017 0:00,Country_02,Local_05,Warehousing,II,II,Male,Employee,Fire,A small spark from a grinder caused a brief flash; worker experienced temporary afterimage.,,
1575,4/2/2017 0:00,Country_01,Local_10,Manufacturing,II,III,Male,Third Party,Fall from Height,Worker stepped off a low curb (0.3 m) and twisted his ankle; mild sprain.,,
1576,4/9/2017 0:00,Country_02,Local_07,Construction,II,II,Male,Employee,Falling Object,A light box (2 kg) fell from a shelf and hit the worker's shoulder; minor contusion.,,
1577,4/16/2017 0:00,Country_01,Local_02,Warehousing,II,III,Male,Contractor,Chemical,"A small amount of grease splashed onto the worker's arm; wiped off, mild redness.",,
1578,4/23/2017 0:00,Country_02,Local_09,Mining,II,II,Male,Subcontractor,Explosion,"A small blasting cap produced a loud crack; worker's ears rang briefly, resolved.",,
1579,4/30/2017 0:00,Country_01,Local_04,Construction,II,III,Male,Employee,Electrical,"Worker touched a 12V terminal and felt a tingle; he pulled away, no injury.",,
1580,5/7/2017 0:00,Country_02,Local_06,Warehousing,II,II,Male,Third Party,Crushing,Worker's finger was pinched between two plastic crates; minor swelling and redness.,,
1581,5/14/2017 0:00,Country_01,Local_08,Mining,II,III,Male,Employee,Transport,A rolling drum (15 kg) grazed the worker's shin; minor abrasion and bruise.,,
1582,5/21/2017 0:00,Country_02,Local_01,Manufacturing,II,II,Male,Contractor,Machinery,"Worker's glove caught in a belt; he freed it, suffering a minor abrasion on the palm.",,
1583,5/28/2017 0:00,Country_01,Local_05,Construction,II,III,Male,Employee,Fall from Height,Worker slipped on a greasy floor and fell from a 0.4 m height; bruised his hip and scraped his hand.,,
1584,6/4/2017 0:00,Country_02,Local_10,Warehousing,II,II,Male,Subcontractor,Falling Object,A small metal bracket (1 kg) fell from a shelf and hit the worker's hard hat; mild neck strain.,,
1585,6/11/2017 0:00,Country_01,Local_07,Mining,II,III,Male,Third Party,Fire,"A small welding spark landed on the worker's boot; extinguished immediately, no injury.",,
1586,6/18/2017 0:00,Country_02,Local_03,Construction,II,II,Male,Employee,Chemical,"A splash of water with detergent got into the worker's eye; flushed, mild redness.",,
1587,6/25/2017 0:00,Country_01,Local_09,Warehousing,II,III,Male,Contractor,Electrical,"Worker felt a static shock from a metal rack; he jerked and bumped his elbow, minor bruise.",,
1588,7/2/2017 0:00,Country_02,Local_05,Mining,II,II,Male,Employee,Crushing,Worker's fingers were caught between two rocks; minor bruising and redness.,,
1589,7/9/2017 0:00,Country_01,Local_06,Manufacturing,II,III,Male,Subcontractor,Transport,A pallet jack bumped the worker's calf; caused a small bruise and minor tenderness.,,
1590,7/16/2017 0:00,Country_02,Local_08,Construction,II,II,Male,Third Party,Fall from Height,Worker stepped off a low platform (0.5 m) and twisted his ankle; mild sprain.,,
1591,7/23/2017 0:00,Country_01,Local_02,Warehousing,II,III,Male,Employee,Falling Object,A light box (3 kg) fell from a shelf and hit the worker's shoulder; minor contusion.,,
1592,7/30/2017 0:00,Country_02,Local_04,Mining,II,II,Male,Contractor,Explosion,A small detonation sent a pebble into the worker's leg; minor bruise and scratch.,,
1593,8/6/2017 0:00,Country_01,Local_10,Construction,II,III,Male,Employee,Electrical,"Worker touched a 24V wire and felt a tingle; he pulled away, no injury.",,
1594,8/13/2017 0:00,Country_02,Local_07,Warehousing,II,II,Male,Subcontractor,Crushing,Worker's hand was lightly caught between two cartons; minor redness and swelling.,,
1595,8/20/2017 0:00,Country_01,Local_01,Mining,II,III,Male,Third Party,Transport,A hand truck rolled over the worker's heel; minor bruise and tenderness.,,
1596,8/27/2017 0:00,Country_02,Local_09,Manufacturing,II,II,Male,Employee,Fire,A small spark from a grinder caused a brief flash; worker experienced temporary afterimage.,,
1597,9/3/2017 0:00,Country_01,Local_05,Construction,II,III,Male,Contractor,Fall from Height,Worker slipped on a wet floor and fell from a 0.3 m height; bruised his knee and scraped his hand.,,
1598,9/10/2017 0:00,Country_02,Local_03,Warehousing,II,II,Male,Employee,Falling Object,A small metal bracket (0.5 kg) fell from a shelf and hit the worker's hard hat; mild neck strain.,,
1599,9/17/2017 0:00,Country_01,Local_08,Mining,II,III,Male,Subcontractor,Chemical,"A few drops of coolant splashed onto the worker's forearm; washed off, mild redness.",,
1600,9/24/2017 0:00,Country_02,Local_06,Construction,II,II,Male,Third Party,Crushing,Worker's finger was pinched between two wooden planks; minor swelling and redness.,,
1601,10/1/2017 0:00,Country_01,Local_04,Warehousing,II,III,Male,Employee,Electrical,Worker felt a static shock and dropped a tool; no injury except a slight bruise on the toe.,,
1602,10/8/2017 0:00,Country_02,Local_10,Mining,II,II,Male,Contractor,Transport,A rolling barrel (10 kg) gently bumped the worker's shin; minor abrasion and bruise.,,
1603,10/15/2017 0:00,Country_01,Local_07,Manufacturing,II,III,Male,Employee,Machinery,"Worker's glove caught in a chain; he freed it, suffering a minor abrasion on the palm.",,
1604,10/22/2017 0:00,Country_02,Local_02,Construction,II,II,Male,Subcontractor,Fall from Height,Worker stepped off a low curb (0.3 m) and twisted his ankle; mild sprain.,,
1605,10/29/2017 0:00,Country_01,Local_09,Warehousing,II,III,Male,Third Party,Falling Object,A light box (2 kg) fell from a shelf and hit the worker's shoulder; minor contusion.,,
1606,11/5/2017 0:00,Country_02,Local_05,Mining,II,II,Male,Employee,Explosion,"A small blasting cap produced a loud crack; worker's ears rang briefly, resolved.",,
1607,11/12/2017 0:00,Country_01,Local_03,Construction,II,III,Male,Contractor,Fire,"A small welding spark landed on the worker's boot; extinguished immediately, no injury.",,
1608,11/19/2017 0:00,Country_02,Local_08,Warehousing,II,II,Male,Employee,Chemical,"A splash of concrete mix got onto the worker's hand; washed off, mild irritation.",,
1609,11/26/2017 0:00,Country_01,Local_06,Mining,II,III,Male,Subcontractor,Crushing,Worker's fingers were caught between two rocks; minor bruising and redness.,,
1610,12/3/2017 0:00,Country_02,Local_01,Manufacturing,II,II,Male,Third Party,Electrical,"Worker touched a 12V terminal and felt a tingle; he pulled away, no injury.",,
,,,,,,,,,,,,
,,,,,,,,,,,,
,,,,,,,,,,,,
,,,,,,,,,,,,
,,,,,,,,,,,,
,,,,,,,,,,,,
,,,,,,,,,,,,
,,,,,,,,,,,,
,,,,,,,,,,,,
,,,,,,,,,,,,
,,,,,,,,,,,,
,,,,,,,,,,,,
,,,,,,,,,,,,
,,,,,,,,,,,,
,,,,,,,,,,,,
,,,,,,,,,,,,
,,,,,,,,,,,,
,,,,,,,,,,,,
,,,,,,,,,,,,
,,,,,,,,,,,,
,,,,,,,,,,,,
,,,,,,,,,,,,
,,,,,,,,,,,,
,,,,,,,,,,,,
,,,,,,,,,,,,
,,,,,,,,,,,,
,,,,,,,,,,,,
,,,,,,,,,,,,
,,,,,,,,,,,,
,,,,,,,,,,,,
,,,,,,,,,,,,
,,,,,,,,,,,,
,,,,,,,,,,,,
,,,,,,,,,,,,
,,,,,,,,,,,,
,,,,,,,,,,,,
,,,,,,,,,,,,
,,,,,,,,,,,,
,,,,,,,,,,,,
,,,,,,,,,,,,
,,,,,,,,,,,,
,,,,,,,,,,,,
,,,,,,,,,,,,
,,,,,,,,,,,,
,,,,,,,,,,,,
,,,,,,,,,,,,
,,,,,,,,,,,,
,,,,,,,,,,,,
,,,,,,,,,,,,
,,,,,,,,,,,,
,,,,,,,,,,,,
,,,,,,,,,,,,
,,,,,,,,,,,,
,,,,,,,,,,,,
,,,,,,,,,,,,
,,,,,,,,,,,,
,,,,,,,,,,,,
,,,,,,,,,,,,
,,,,,,,,,,,,
,,,,,,,,,,,,
,,,,,,,,,,,,
,,,,,,,,,,,,
,,,,,,,,,,,,
,,,,,,,,,,,,
,,,,,,,,,,,,
,,,,,,,,,,,,
,,,,,,,,,,,,
,,,,,,,,,,,,
,,,,,,,,,,,,
,,,,,,,,,,,,
,,,,,,,,,,,,
,,,,,,,,,,,,
,,,,,,,,,,,,
,,,,,,,,,,,,
,,,,,,,,,,,,
,,,,,,,,,,,,
,,,,,,,,,,,,
,,,,,,,,,,,,
,,,,,,,,,,,,
,,,,,,,,,,,,
,,,,,,,,,,,,
,,,,,,,,,,,,
,,,,,,,,,,,,
,,,,,,,,,,,,
,,,,,,,,,,,,
,,,,,,,,,,,,
,,,,,,,,,,,,
,,,,,,,,,,,,
,,,,,,,,,,,,
,,,,,,,,,,,,
,,,,,,,,,,,,
,,,,,,,,,,,,
,,,,,,,,,,,,
,,,,,,,,,,,,
,,,,,,,,,,,,
,,,,,,,,,,,,
,,,,,,,,,,,,
,,,,,,,,,,,,
,,,,,,,,,,,,
,,,,,,,,,,,,
,,,,,,,,,,,,
,,,,,,,,,,,,
,,,,,,,,,,,,
,,,,,,,,,,,,
,,,,,,,,,,,,
,,,,,,,,,,,,
,,,,,,,,,,,,
,,,,,,,,,,,,
,,,,,,,,,,,,
,,,,,,,,,,,,
,,,,,,,,,,,,
,,,,,,,,,,,,
,,,,,,,,,,,,
,,,,,,,,,,,,
,,,,,,,,,,,,
,,,,,,,,,,,,
,,,,,,,,,,,,
,,,,,,,,,,,,
,,,,,,,,,,,,
,,,,,,,,,,,,
,,,,,,,,,,,,
,,,,,,,,,,,,
,,,,,,,,,,,,
,,,,,,,,,,,,
,,,,,,,,,,,,
,,,,,,,,,,,,
,,,,,,,,,,,,
,,,,,,,,,,,,
,,,,,,,,,,,,
,,,,,,,,,,,,
,,,,,,,,,,,,
,,,,,,,,,,,,
,,,,,,,,,,,,
,,,,,,,,,,,,
,,,,,,,,,,,,
,,,,,,,,,,,,
,,,,,,,,,,,,
,,,,,,,,,,,,
,,,,,,,,,,,,
,,,,,,,,,,,,
,,,,,,,,,,,,
,,,,,,,,,,,,
,,,,,,,,,,,,
,,,,,,,,,,,,
,,,,,,,,,,,,
,,,,,,,,,,,,
,,,,,,,,,,,,
,,,,,,,,,,,,
,,,,,,,,,,,,
,,,,,,,,,,,,
,,,,,,,,,,,,
,,,,,,,,,,,,
,,,,,,,,,,,,
,,,,,,,,,,,,
,,,,,,,,,,,,
,,,,,,,,,,,,
,,,,,,,,,,,,
,,,,,,,,,,,,
,,,,,,,,,,,,
,,,,,,,,,,,,
,,,,,,,,,,,,
,,,,,,,,,,,,
,,,,,,,,,,,,
,,,,,,,,,,,,
,,,,,,,,,,,,
,,,,,,,,,,,,
,,,,,,,,,,,,
,,,,,,,,,,,,
,,,,,,,,,,,,
,,,,,,,,,,,,
,,,,,,,,,,,,
,,,,,,,,,,,,
,,,,,,,,,,,,
,,,,,,,,,,,,
,,,,,,,,,,,,
,,,,,,,,,,,,
,,,,,,,,,,,,
,,,,,,,,,,,,
,,,,,,,,,,,,
,,,,,,,,,,,,
,,,,,,,,,,,,
,,,,,,,,,,,,
,,,,,,,,,,,,
,,,,,,,,,,,,
,,,,,,,,,,,,
,,,,,,,,,,,,
,,,,,,,,,,,,
,,,,,,,,,,,,
,,,,,,,,,,,,
,,,,,,,,,,,,
,,,,,,,,,,,,
,,,,,,,,,,,,
,,,,,,,,,,,,
,,,,,,,,,,,,
,,,,,,,,,,,,
,,,,,,,,,,,,
,,,,,,,,,,,,
,,,,,,,,,,,,
,,,,,,,,,,,,
,,,,,,,,,,,,
,,,,,,,,,,,,
,,,,,,,,,,,,
,,,,,,,,,,,,
,,,,,,,,,,,,
,,,,,,,,,,,,
,,,,,,,,,,,,
,,,,,,,,,,,,
,,,,,,,,,,,,
,,,,,,,,,,,,
,,,,,,,,,,,,
,,,,,,,,,,,,
,,,,,,,,,,,,
,,,,,,,,,,,,
,,,,,,,,,,,,
,,,,,,,,,,,,
,,,,,,,,,,,,
,,,,,,,,,,,,
,,,,,,,,,,,,
,,,,,,,,,,,,
,,,,,,,,,,,,
,,,,,,,,,,,,
,,,,,,,,,,,,
,,,,,,,,,,,,
,,,,,,,,,,,,
,,,,,,,,,,,,
,,,,,,,,,,,,
,,,,,,,,,,,,
,,,,,,,,,,,,
,,,,,,,,,,,,
,,,,,,,,,,,,
,,,,,,,,,,,,
,,,,,,,,,,,,
,,,,,,,,,,,,
,,,,,,,,,,,,
,,,,,,,,,,,,
,,,,,,,,,,,,
,,,,,,,,,,,,
,,,,,,,,,,,,
,,,,,,,,,,,,
,,,,,,,,,,,,
,,,,,,,,,,,,
,,,,,,,,,,,,
,,,,,,,,,,,,
,,,,,,,,,,,,
,,,,,,,,,,,,
,,,,,,,,,,,,
,,,,,,,,,,,,
,,,,,,,,,,,,
,,,,,,,,,,,,
,,,,,,,,,,,,
,,,,,,,,,,,,
,,,,,,,,,,,,
,,,,,,,,,,,,
,,,,,,,,,,,,
,,,,,,,,,,,,
,,,,,,,,,,,,
,,,,,,,,,,,,
,,,,,,,,,,,,
,,,,,,,,,,,,
,,,,,,,,,,,,
,,,,,,,,,,,,
,,,,,,,,,,,,
,,,,,,,,,,,,
,,,,,,,,,,,,
,,,,,,,,,,,,
,,,,,,,,,,,,
,,,,,,,,,,,,
,,,,,,,,,,,,
,,,,,,,,,,,,
,,,,,,,,,,,,
,,,,,,,,,,,,
,,,,,,,,,,,,
,,,,,,,,,,,,
,,,,,,,,,,,,
,,,,,,,,,,,,
,,,,,,,,,,,,
,,,,,,,,,,,,
,,,,,,,,,,,,
,,,,,,,,,,,,
,,,,,,,,,,,,
,,,,,,,,,,,,
,,,,,,,,,,,,
,,,,,,,,,,,,
,,,,,,,,,,,,
,,,,,,,,,,,,
,,,,,,,,,,,,
,,,,,,,,,,,,
,,,,,,,,,,,,
,,,,,,,,,,,,
,,,,,,,,,,,,
,,,,,,,,,,,,
,,,,,,,,,,,,
,,,,,,,,,,,,
,,,,,,,,,,,,
,,,,,,,,,,,,
,,,,,,,,,,,,
,,,,,,,,,,,,
,,,,,,,,,,,,
,,,,,,,,,,,,
,,,,,,,,,,,,
,,,,,,,,,,,,
,,,,,,,,,,,,
,,,,,,,,,,,,
,,,,,,,,,,,,
,,,,,,,,,,,,
,,,,,,,,,,,,
,,,,,,,,,,,,
,,,,,,,,,,,,
,,,,,,,,,,,,
,,,,,,,,,,,,
,,,,,,,,,,,,
,,,,,,,,,,,,
,,,,,,,,,,,,
,,,,,,,,,,,,
,,,,,,,,,,,,
,,,,,,,,,,,,
,,,,,,,,,,,,
,,,,,,,,,,,,
,,,,,,,,,,,,
,,,,,,,,,,,,
,,,,,,,,,,,,
,,,,,,,,,,,,
,,,,,,,,,,,,
,,,,,,,,,,,,
,,,,,,,,,,,,
,,,,,,,,,,,,
,,,,,,,,,,,,
,,,,,,,,,,,,
,,,,,,,,,,,,
,,,,,,,,,,,,
,,,,,,,,,,,,
,,,,,,,,,,,,
,,,,,,,,,,,,
,,,,,,,,,,,,
,,,,,,,,,,,,
,,,,,,,,,,,,
,,,,,,,,,,,,
,,,,,,,,,,,,
,,,,,,,,,,,,
,,,,,,,,,,,,
,,,,,,,,,,,,
,,,,,,,,,,,,
,,,,,,,,,,,,
,,,,,,,,,,,,
,,,,,,,,,,,,
,,,,,,,,,,,,
,,,,,,,,,,,,
,,,,,,,,,,,,
,,,,,,,,,,,,
,,,,,,,,,,,,
,,,,,,,,,,,,
,,,,,,,,,,,,
,,,,,,,,,,,,
,,,,,,,,,,,,
,,,,,,,,,,,,
,,,,,,,,,,,,
,,,,,,,,,,,,
,,,,,,,,,,,,
,,,,,,,,,,,,
,,,,,,,,,,,,
,,,,,,,,,,,,
,,,,,,,,,,,,
,,,,,,,,,,,,
,,,,,,,,,,,,
,,,,,,,,,,,,
,,,,,,,,,,,,
,,,,,,,,,,,,
,,,,,,,,,,,,
,,,,,,,,,,,,
,,,,,,,,,,,,
,,,,,,,,,,,,
,,,,,,,,,,,,
,,,,,,,,,,,,
,,,,,,,,,,,,
,,,,,,,,,,,,
,,,,,,,,,,,,
,,,,,,,,,,,,
,,,,,,,,,,,,
,,,,,,,,,,,,
,,,,,,,,,,,,
,,,,,,,,,,,,
,,,,,,,,,,,,
,,,,,,,,,,,,
,,,,,,,,,,,,
,,,,,,,,,,,,
,,,,,,,,,,,,
,,,,,,,,,,,,
,,,,,,,,,,,,
,,,,,,,,,,,,
,,,,,,,,,,,,
,,,,,,,,,,,,
,,,,,,,,,,,,
,,,,,,,,,,,,
,,,,,,,,,,,,
,,,,,,,,,,,,
,,,,,,,,,,,,
,,,,,,,,,,,,
,,,,,,,,,,,,
,,,,,,,,,,,,
,,,,,,,,,,,,
,,,,,,,,,,,,
,,,,,,,,,,,,
,,,,,,,,,,,,
,,,,,,,,,,,,
,,,,,,,,,,,,
,,,,,,,,,,,,
,,,,,,,,,,,,
,,,,,,,,,,,,
,,,,,,,,,,,,
,,,,,,,,,,,,
,,,,,,,,,,,,
,,,,,,,,,,,,
,,,,,,,,,,,,
,,,,,,,,,,,,
,,,,,,,,,,,,
,,,,,,,,,,,,
,,,,,,,,,,,,
,,,,,,,,,,,,
,,,,,,,,,,,,
,,,,,,,,,,,,
,,,,,,,,,,,,
,,,,,,,,,,,,
,,,,,,,,,,,,
,,,,,,,,,,,,
,,,,,,,,,,,,
,,,,,,,,,,,,
,,,,,,,,,,,,
,,,,,,,,,,,,
,,,,,,,,,,,,
,,,,,,,,,,,,
,,,,,,,,,,,,
,,,,,,,,,,,,
,,,,,,,,,,,,
,,,,,,,,,,,,
,,,,,,,,,,,,
,,,,,,,,,,,,
,,,,,,,,,,,,
,,,,,,,,,,,,
,,,,,,,,,,,,
,,,,,,,,,,,,
,,,,,,,,,,,,
,,,,,,,,,,,,
,,,,,,,,,,,,
,,,,,,,,,,,,
,,,,,,,,,,,,
,,,,,,,,,,,,
,,,,,,,,,,,,
,,,,,,,,,,,,
,,,,,,,,,,,,
,,,,,,,,,,,,
,,,,,,,,,,,,
,,,,,,,,,,,,
,,,,,,,,,,,,
,,,,,,,,,,,,
,,,,,,,,,,,,
,,,,,,,,,,,,
,,,,,,,,,,,,
,,,,,,,,,,,,
,,,,,,,,,,,,
,,,,,,,,,,,,
,,,,,,,,,,,,
,,,,,,,,,,,,
,,,,,,,,,,,,
,,,,,,,,,,,,
,,,,,,,,,,,,
,,,,,,,,,,,,
,,,,,,,,,,,,
,,,,,,,,,,,,
,,,,,,,,,,,,
,,,,,,,,,,,,
,,,,,,,,,,,,
,,,,,,,,,,,,
,,,,,,,,,,,,
,,,,,,,,,,,,
,,,,,,,,,,,,
,,,,,,,,,,,,
,,,,,,,,,,,,
,,,,,,,,,,,,
,,,,,,,,,,,,
,,,,,,,,,,,,
,,,,,,,,,,,,
,,,,,,,,,,,,
,,,,,,,,,,,,
,,,,,,,,,,,,
,,,,,,,,,,,,
,,,,,,,,,,,,
,,,,,,,,,,,,
,,,,,,,,,,,,
,,,,,,,,,,,,
,,,,,,,,,,,,
,,,,,,,,,,,,
,,,,,,,,,,,,
,,,,,,,,,,,,
,,,,,,,,,,,,
,,,,,,,,,,,,
,,,,,,,,,,,,
,,,,,,,,,,,,
,,,,,,,,,,,,
,,,,,,,,,,,,
,,,,,,,,,,,,
,,,,,,,,,,,,
,,,,,,,,,,,,
,,,,,,,,,,,,
,,,,,,,,,,,,
,,,,,,,,,,,,
,,,,,,,,,,,,
,,,,,,,,,,,,
,,,,,,,,,,,,
,,,,,,,,,,,,
,,,,,,,,,,,,
,,,,,,,,,,,,
,,,,,,,,,,,,
,,,,,,,,,,,,
,,,,,,,,,,,,
,,,,,,,,,,,,
,,,,,,,,,,,,
,,,,,,,,,,,,
,,,,,,,,,,,,
,,,,,,,,,,,,
,,,,,,,,,,,,
,,,,,,,,,,,,
,,,,,,,,,,,,
,,,,,,,,,,,,
,,,,,,,,,,,,
,,,,,,,,,,,,
,,,,,,,,,,,,
,,,,,,,,,,,,
,,,,,,,,,,,,
,,,,,,,,,,,,
,,,,,,,,,,,,
,,,,,,,,,,,,
,,,,,,,,,,,,
,,,,,,,,,,,,
,,,,,,,,,,,,
,,,,,,,,,,,,
,,,,,,,,,,,,
,,,,,,,,,,,,
,,,,,,,,,,,,
,,,,,,,,,,,,
,,,,,,,,,,,,
,,,,,,,,,,,,
,,,,,,,,,,,,
,,,,,,,,,,,,
,,,,,,,,,,,,
,,,,,,,,,,,,
,,,,,,,,,,,,
,,,,,,,,,,,,
,,,,,,,,,,,,
,,,,,,,,,,,,
,,,,,,,,,,,,
,,,,,,,,,,,,
,,,,,,,,,,,,
,,,,,,,,,,,,
,,,,,,,,,,,,
,,,,,,,,,,,,
,,,,,,,,,,,,
,,,,,,,,,,,,
,,,,,,,,,,,,
,,,,,,,,,,,,
,,,,,,,,,,,,
,,,,,,,,,,,,
,,,,,,,,,,,,
,,,,,,,,,,,,
,,,,,,,,,,,,
,,,,,,,,,,,,
,,,,,,,,,,,,
,,,,,,,,,,,,
,,,,,,,,,,,,
,,,,,,,,,,,,
,,,,,,,,,,,,
,,,,,,,,,,,,
,,,,,,,,,,,,
,,,,,,,,,,,,
,,,,,,,,,,,,
,,,,,,,,,,,,
,,,,,,,,,,,,
,,,,,,,,,,,,
,,,,,,,,,,,,
,,,,,,,,,,,,
,,,,,,,,,,,,
,,,,,,,,,,,,
,,,,,,,,,,,,
,,,,,,,,,,,,
,,,,,,,,,,,,
,,,,,,,,,,,,
,,,,,,,,,,,,
,,,,,,,,,,,,
,,,,,,,,,,,,
,,,,,,,,,,,,
,,,,,,,,,,,,
,,,,,,,,,,,,
,,,,,,,,,,,,
,,,,,,,,,,,,
,,,,,,,,,,,,
,,,,,,,,,,,,
,,,,,,,,,,,,
,,,,,,,,,,,,
,,,,,,,,,,,,
,,,,,,,,,,,,
,,,,,,,,,,,,
,,,,,,,,,,,,
,,,,,,,,,,,,
,,,,,,,,,,,,
,,,,,,,,,,,,
,,,,,,,,,,,,
,,,,,,,,,,,,
,,,,,,,,,,,,
,,,,,,,,,,,,
,,,,,,,,,,,,
,,,,,,,,,,,,
,,,,,,,,,,,,
,,,,,,,,,,,,
,,,,,,,,,,,,
,,,,,,,,,,,,
,,,,,,,,,,,,
,,,,,,,,,,,,
,,,,,,,,,,,,
,,,,,,,,,,,,
,,,,,,,,,,,,
,,,,,,,,,,,,
,,,,,,,,,,,,
,,,,,,,,,,,,
,,,,,,,,,,,,
,,,,,,,,,,,,
,,,,,,,,,,,,
,,,,,,,,,,,,
,,,,,,,,,,,,
,,,,,,,,,,,,
,,,,,,,,,,,,
,,,,,,,,,,,,
,,,,,,,,,,,,
,,,,,,,,,,,,
,,,,,,,,,,,,
,,,,,,,,,,,,
,,,,,,,,,,,,
,,,,,,,,,,,,
,,,,,,,,,,,,
,,,,,,,,,,,,
,,,,,,,,,,,,
,,,,,,,,,,,,
,,,,,,,,,,,,
,,,,,,,,,,,,
,,,,,,,,,,,,
,,,,,,,,,,,,
,,,,,,,,,,,,
,,,,,,,,,,,,
,,,,,,,,,,,,
,,,,,,,,,,,,
,,,,,,,,,,,,
,,,,,,,,,,,,
,,,,,,,,,,,,
,,,,,,,,,,,,
,,,,,,,,,,,,
,,,,,,,,,,,,
,,,,,,,,,,,,
,,,,,,,,,,,,
,,,,,,,,,,,,
,,,,,,,,,,,,
,,,,,,,,,,,,
,,,,,,,,,,,,
,,,,,,,,,,,,
,,,,,,,,,,,,
,,,,,,,,,,,,
,,,,,,,,,,,,
,,,,,,,,,,,,
,,,,,,,,,,,,
,,,,,,,,,,,,
,,,,,,,,,,,,
,,,,,,,,,,,,
,,,,,,,,,,,,
,,,,,,,,,,,,
,,,,,,,,,,,,
,,,,,,,,,,,,
,,,,,,,,,,,,
,,,,,,,,,,,,
,,,,,,,,,,,,
,,,,,,,,,,,,
,,,,,,,,,,,,
,,,,,,,,,,,,
,,,,,,,,,,,,
,,,,,,,,,,,,
,,,,,,,,,,,,
,,,,,,,,,,,,
,,,,,,,,,,,,
,,,,,,,,,,,,
,,,,,,,,,,,,
,,,,,,,,,,,,
,,,,,,,,,,,,
,,,,,,,,,,,,
,,,,,,,,,,,,
,,,,,,,,,,,,
,,,,,,,,,,,,
,,,,,,,,,,,,
,,,,,,,,,,,,
,,,,,,,,,,,,
,,,,,,,,,,,,
,,,,,,,,,,,,
,,,,,,,,,,,,
,,,,,,,,,,,,
,,,,,,,,,,,,
,,,,,,,,,,,,
,,,,,,,,,,,,
,,,,,,,,,,,,
,,,,,,,,,,,,
,,,,,,,,,,,,
,,,,,,,,,,,,
,,,,,,,,,,,,
,,,,,,,,,,,,
,,,,,,,,,,,,
,,,,,,,,,,,,
,,,,,,,,,,,,
,,,,,,,,,,,,
,,,,,,,,,,,,
,,,,,,,,,,,,
,,,,,,,,,,,,
,,,,,,,,,,,,
,,,,,,,,,,,,
,,,,,,,,,,,,
,,,,,,,,,,,,
,,,,,,,,,,,,
,,,,,,,,,,,,
,,,,,,,,,,,,
,,,,,,,,,,,,
,,,,,,,,,,,,
,,,,,,,,,,,,
,,,,,,,,,,,,
,,,,,,,,,,,,
,,,,,,,,,,,,
,,,,,,,,,,,,
,,,,,,,,,,,,
,,,,,,,,,,,,
,,,,,,,,,,,,
,,,,,,,,,,,,
,,,,,,,,,,,,
,,,,,,,,,,,,
,,,,,,,,,,,,
,,,,,,,,,,,,
,,,,,,,,,,,,
,,,,,,,,,,,,
,,,,,,,,,,,,
,,,,,,,,,,,,
,,,,,,,,,,,,
,,,,,,,,,,,,
,,,,,,,,,,,,
,,,,,,,,,,,,
,,,,,,,,,,,,
,,,,,,,,,,,,
,,,,,,,,,,,,
,,,,,,,,,,,,
,,,,,,,,,,,,
,,,,,,,,,,,,
,,,,,,,,,,,,
,,,,,,,,,,,,
,,,,,,,,,,,,
,,,,,,,,,,,,
,,,,,,,,,,,,
,,,,,,,,,,,,
,,,,,,,,,,,,
,,,,,,,,,,,,
,,,,,,,,,,,,
,,,,,,,,,,,,
,,,,,,,,,,,,
,,,,,,,,,,,,
,,,,,,,,,,,,
,,,,,,,,,,,,
,,,,,,,,,,,,
,,,,,,,,,,,,
,,,,,,,,,,,,
,,,,,,,,,,,,
,,,,,,,,,,,,
,,,,,,,,,,,,
,,,,,,,,,,,,
,,,,,,,,,,,,
,,,,,,,,,,,,
,,,,,,,,,,,,
,,,,,,,,,,,,
,,,,,,,,,,,,
,,,,,,,,,,,,
,,,,,,,,,,,,
,,,,,,,,,,,,
,,,,,,,,,,,,
,,,,,,,,,,,,
,,,,,,,,,,,,
,,,,,,,,,,,,
,,,,,,,,,,,,
,,,,,,,,,,,,
,,,,,,,,,,,,
,,,,,,,,,,,,
,,,,,,,,,,,,
,,,,,,,,,,,,
,,,,,,,,,,,,
,,,,,,,,,,,,
,,,,,,,,,,,,
,,,,,,,,,,,,
,,,,,,,,,,,,
,,,,,,,,,,,,
,,,,,,,,,,,,
,,,,,,,,,,,,
,,,,,,,,,,,,
,,,,,,,,,,,,
,,,,,,,,,,,,
,,,,,,,,,,,,
,,,,,,,,,,,,
,,,,,,,,,,,,
,,,,,,,,,,,,
,,,,,,,,,,,,
,,,,,,,,,,,,
,,,,,,,,,,,,
,,,,,,,,,,,,
,,,,,,,,,,,,
,,,,,,,,,,,,
,,,,,,,,,,,,
,,,,,,,,,,,,
,,,,,,,,,,,,
,,,,,,,,,,,,
,,,,,,,,,,,,
,,,,,,,,,,,,
,,,,,,,,,,,,
,,,,,,,,,,,,
,,,,,,,,,,,,
,,,,,,,,,,,,
,,,,,,,,,,,,
,,,,,,,,,,,,
,,,,,,,,,,,,
,,,,,,,,,,,,
,,,,,,,,,,,,
,,,,,,,,,,,,
,,,,,,,,,,,,
,,,,,,,,,,,,
,,,,,,,,,,,,
,,,,,,,,,,,,
,,,,,,,,,,,,
,,,,,,,,,,,,
,,,,,,,,,,,,
,,,,,,,,,,,,
,,,,,,,,,,,,
,,,,,,,,,,,,
,,,,,,,,,,,,
,,,,,,,,,,,,
,,,,,,,,,,,,
,,,,,,,,,,,,
,,,,,,,,,,,,
,,,,,,,,,,,,
,,,,,,,,,,,,
,,,,,,,,,,,,
,,,,,,,,,,,,
,,,,,,,,,,,,
,,,,,,,,,,,,
,,,,,,,,,,,,
,,,,,,,,,,,,
,,,,,,,,,,,,
,,,,,,,,,,,,
,,,,,,,,,,,,
,,,,,,,,,,,,
,,,,,,,,,,,,
,,,,,,,,,,,,
,,,,,,,,,,,,
,,,,,,,,,,,,
,,,,,,,,,,,,
,,,,,,,,,,,,
,,,,,,,,,,,,
,,,,,,,,,,,,
,,,,,,,,,,,,
,,,,,,,,,,,,
,,,,,,,,,,,,
,,,,,,,,,,,,
,,,,,,,,,,,,
,,,,,,,,,,,,
,,,,,,,,,,,,
,,,,,,,,,,,,
,,,,,,,,,,,,
,,,,,,,,,,,,
,,,,,,,,,,,,
,,,,,,,,,,,,
,,,,,,,,,,,,
,,,,,,,,,,,,
,,,,,,,,,,,,
,,,,,,,,,,,,
,,,,,,,,,,,,
,,,,,,,,,,,,
,,,,,,,,,,,,
,,,,,,,,,,,,
,,,,,,,,,,,,
,,,,,,,,,,,,
,,,,,,,,,,,,
,,,,,,,,,,,,
,,,,,,,,,,,,
,,,,,,,,,,,,
,,,,,,,,,,,,
,,,,,,,,,,,,
,,,,,,,,,,,,
,,,,,,,,,,,,
,,,,,,,,,,,,
,,,,,,,,,,,,
,,,,,,,,,,,,
,,,,,,,,,,,,
,,,,,,,,,,,,
,,,,,,,,,,,,
,,,,,,,,,,,,
,,,,,,,,,,,,
,,,,,,,,,,,,
,,,,,,,,,,,,
,,,,,,,,,,,,
,,,,,,,,,,,,
,,,,,,,,,,,,
,,,,,,,,,,,,
,,,,,,,,,,,,
,,,,,,,,,,,,
,,,,,,,,,,,,
,,,,,,,,,,,,
,,,,,,,,,,,,
,,,,,,,,,,,,
,,,,,,,,,,,,
,,,,,,,,,,,,
,,,,,,,,,,,,
,,,,,,,,,,,,
,,,,,,,,,,,,
,,,,,,,,,,,,
,,,,,,,,,,,,
,,,,,,,,,,,,
,,,,,,,,,,,,
,,,,,,,,,,,,
,,,,,,,,,,,,
,,,,,,,,,,,,
,,,,,,,,,,,,
,,,,,,,,,,,,
,,,,,,,,,,,,
,,,,,,,,,,,,
,,,,,,,,,,,,
,,,,,,,,,,,,
,,,,,,,,,,,,
,,,,,,,,,,,,
,,,,,,,,,,,,
,,,,,,,,,,,,
,,,,,,,,,,,,
,,,,,,,,,,,,
,,,,,,,,,,,,
,,,,,,,,,,,,
,,,,,,,,,,,,
,,,,,,,,,,,,
,,,,,,,,,,,,
,,,,,,,,,,,,
,,,,,,,,,,,,
,,,,,,,,,,,,
,,,,,,,,,,,,
,,,,,,,,,,,,
,,,,,,,,,,,,
,,,,,,,,,,,,
,,,,,,,,,,,,
,,,,,,,,,,,,
,,,,,,,,,,,,
,,,,,,,,,,,,
,,,,,,,,,,,,
,,,,,,,,,,,,
,,,,,,,,,,,,
,,,,,,,,,,,,
,,,,,,,,,,,,
,,,,,,,,,,,,
,,,,,,,,,,,,
,,,,,,,,,,,,
,,,,,,,,,,,,
,,,,,,,,,,,,
,,,,,,,,,,,,
,,,,,,,,,,,,
,,,,,,,,,,,,
,,,,,,,,,,,,
,,,,,,,,,,,,
,,,,,,,,,,,,
,,,,,,,,,,,,
,,,,,,,,,,,,
,,,,,,,,,,,,
,,,,,,,,,,,,
,,,,,,,,,,,,
,,,,,,,,,,,,
,,,,,,,,,,,,
,,,,,,,,,,,,
,,,,,,,,,,,,
,,,,,,,,,,,,
,,,,,,,,,,,,
,,,,,,,,,,,,
,,,,,,,,,,,,
,,,,,,,,,,,,
,,,,,,,,,,,,
,,,,,,,,,,,,
,,,,,,,,,,,,
,,,,,,,,,,,,
,,,,,,,,,,,,
,,,,,,,,,,,,
,,,,,,,,,,,,
,,,,,,,,,,,,
,,,,,,,,,,,,
,,,,,,,,,,,,
,,,,,,,,,,,,
,,,,,,,,,,,,
,,,,,,,,,,,,
,,,,,,,,,,,,
,,,,,,,,,,,,
,,,,,,,,,,,,
,,,,,,,,,,,,
,,,,,,,,,,,,
,,,,,,,,,,,,
,,,,,,,,,,,,
,,,,,,,,,,,,
,,,,,,,,,,,,
,,,,,,,,,,,,
,,,,,,,,,,,,
,,,,,,,,,,,,
,,,,,,,,,,,,
,,,,,,,,,,,,
,,,,,,,,,,,,
,,,,,,,,,,,,
,,,,,,,,,,,,
,,,,,,,,,,,,
,,,,,,,,,,,,
,,,,,,,,,,,,
,,,,,,,,,,,,
,,,,,,,,,,,,
,,,,,,,,,,,,
,,,,,,,,,,,,
,,,,,,,,,,,,
,,,,,,,,,,,,
,,,,,,,,,,,,
,,,,,,,,,,,,
,,,,,,,,,,,,
,,,,,,,,,,,,
,,,,,,,,,,,,
,,,,,,,,,,,,
,,,,,,,,,,,,
,,,,,,,,,,,,
,,,,,,,,,,,,
,,,,,,,,,,,,
,,,,,,,,,,,,
,,,,,,,,,,,,
,,,,,,,,,,,,
,,,,,,,,,,,,
,,,,,,,,,,,,
,,,,,,,,,,,,
,,,,,,,,,,,,
,,,,,,,,,,,,
,,,,,,,,,,,,
,,,,,,,,,,,,
,,,,,,,,,,,,
,,,,,,,,,,,,
,,,,,,,,,,,,
,,,,,,,,,,,,
,,,,,,,,,,,,
,,,,,,,,,,,,
,,,,,,,,,,,,
,,,,,,,,,,,,
,,,,,,,,,,,,
,,,,,,,,,,,,
,,,,,,,,,,,,
,,,,,,,,,,,,
,,,,,,,,,,,,
,,,,,,,,,,,,
,,,,,,,,,,,,
,,,,,,,,,,,,
,,,,,,,,,,,,
,,,,,,,,,,,,
,,,,,,,,,,,,
,,,,,,,,,,,,
,,,,,,,,,,,,
,,,,,,,,,,,,
,,,,,,,,,,,,
,,,,,,,,,,,,
,,,,,,,,,,,,
,,,,,,,,,,,,
,,,,,,,,,,,,
,,,,,,,,,,,,
,,,,,,,,,,,,
,,,,,,,,,,,,
,,,,,,,,,,,,
,,,,,,,,,,,,
,,,,,,,,,,,,
,,,,,,,,,,,,
,,,,,,,,,,,,
,,,,,,,,,,,,
,,,,,,,,,,,,
,,,,,,,,,,,,
,,,,,,,,,,,,
,,,,,,,,,,,,
,,,,,,,,,,,,
,,,,,,,,,,,,
,,,,,,,,,,,,
,,,,,,,,,,,,
,,,,,,,,,,,,
,,,,,,,,,,,,
,,,,,,,,,,,,
,,,,,,,,,,,,
,,,,,,,,,,,,
,,,,,,,,,,,,
,,,,,,,,,,,,
,,,,,,,,,,,,
,,,,,,,,,,,,
,,,,,,,,,,,,
,,,,,,,,,,,,
,,,,,,,,,,,,
,,,,,,,,,,,,
,,,,,,,,,,,,
,,,,,,,,,,,,
,,,,,,,,,,,,
,,,,,,,,,,,,
,,,,,,,,,,,,
,,,,,,,,,,,,
,,,,,,,,,,,,
,,,,,,,,,,,,
,,,,,,,,,,,,
,,,,,,,,,,,,
,,,,,,,,,,,,
,,,,,,,,,,,,
,,,,,,,,,,,,
,,,,,,,,,,,,
,,,,,,,,,,,,
,,,,,,,,,,,,
,,,,,,,,,,,,
,,,,,,,,,,,,
,,,,,,,,,,,,
,,,,,,,,,,,,
,,,,,,,,,,,,
,,,,,,,,,,,,
,,,,,,,,,,,,
,,,,,,,,,,,,
,,,,,,,,,,,,
,,,,,,,,,,,,
,,,,,,,,,,,,
,,,,,,,,,,,,
,,,,,,,,,,,,
,,,,,,,,,,,,
,,,,,,,,,,,,
,,,,,,,,,,,,
,,,,,,,,,,,,
,,,,,,,,,,,,
,,,,,,,,,,,,
,,,,,,,,,,,,
,,,,,,,,,,,,
,,,,,,,,,,,,
,,,,,,,,,,,,
,,,,,,,,,,,,
,,,,,,,,,,,,
,,,,,,,,,,,,
,,,,,,,,,,,,
,,,,,,,,,,,,
,,,,,,,,,,,,
,,,,,,,,,,,,
,,,,,,,,,,,,
,,,,,,,,,,,,
,,,,,,,,,,,,
,,,,,,,,,,,,
,,,,,,,,,,,,
,,,,,,,,,,,,
,,,,,,,,,,,,
,,,,,,,,,,,,
,,,,,,,,,,,,
,,,,,,,,,,,,
,,,,,,,,,,,,
,,,,,,,,,,,,
,,,,,,,,,,,,
,,,,,,,,,,,,
,,,,,,,,,,,,
,,,,,,,,,,,,
,,,,,,,,,,,,
,,,,,,,,,,,,
,,,,,,,,,,,,
,,,,,,,,,,,,
,,,,,,,,,,,,
,,,,,,,,,,,,
,,,,,,,,,,,,
,,,,,,,,,,,,
,,,,,,,,,,,,
,,,,,,,,,,,,
,,,,,,,,,,,,
,,,,,,,,,,,,
,,,,,,,,,,,,
,,,,,,,,,,,,
,,,,,,,,,,,,
,,,,,,,,,,,,
,,,,,,,,,,,,
,,,,,,,,,,,,
,,,,,,,,,,,,
,,,,,,,,,,,,
,,,,,,,,,,,,
,,,,,,,,,,,,
,,,,,,,,,,,,
,,,,,,,,,,,,
,,,,,,,,,,,,
,,,,,,,,,,,,
,,,,,,,,,,,,
,,,,,,,,,,,,
,,,,,,,,,,,,
,,,,,,,,,,,,
,,,,,,,,,,,,
,,,,,,,,,,,,
,,,,,,,,,,,,
,,,,,,,,,,,,
,,,,,,,,,,,,
,,,,,,,,,,,,
,,,,,,,,,,,,
,,,,,,,,,,,,
,,,,,,,,,,,,
,,,,,,,,,,,,
,,,,,,,,,,,,
,,,,,,,,,,,,
,,,,,,,,,,,,
,,,,,,,,,,,,
,,,,,,,,,,,,
,,,,,,,,,,,,
,,,,,,,,,,,,
,,,,,,,,,,,,
,,,,,,,,,,,,
,,,,,,,,,,,,
,,,,,,,,,,,,
,,,,,,,,,,,,
,,,,,,,,,,,,
,,,,,,,,,,,,
,,,,,,,,,,,,
,,,,,,,,,,,,
,,,,,,,,,,,,
,,,,,,,,,,,,
,,,,,,,,,,,,
,,,,,,,,,,,,
,,,,,,,,,,,,
,,,,,,,,,,,,
,,,,,,,,,,,,
,,,,,,,,,,,,
,,,,,,,,,,,,
,,,,,,,,,,,,
,,,,,,,,,,,,
,,,,,,,,,,,,
,,,,,,,,,,,,
,,,,,,,,,,,,
,,,,,,,,,,,,
,,,,,,,,,,,,
,,,,,,,,,,,,
,,,,,,,,,,,,
,,,,,,,,,,,,
,,,,,,,,,,,,
,,,,,,,,,,,,
,,,,,,,,,,,,
,,,,,,,,,,,,
,,,,,,,,,,,,
,,,,,,,,,,,,
,,,,,,,,,,,,
,,,,,,,,,,,,
,,,,,,,,,,,,
,,,,,,,,,,,,
,,,,,,,,,,,,
,,,,,,,,,,,,
,,,,,,,,,,,,
,,,,,,,,,,,,
,,,,,,,,,,,,
,,,,,,,,,,,,
,,,,,,,,,,,,
,,,,,,,,,,,,
,,,,,,,,,,,,
,,,,,,,,,,,,
,,,,,,,,,,,,
,,,,,,,,,,,,
,,,,,,,,,,,,
,,,,,,,,,,,,
,,,,,,,,,,,,
,,,,,,,,,,,,
,,,,,,,,,,,,
,,,,,,,,,,,,
,,,,,,,,,,,,
,,,,,,,,,,,,
,,,,,,,,,,,,
,,,,,,,,,,,,
,,,,,,,,,,,,
,,,,,,,,,,,,
,,,,,,,,,,,,
,,,,,,,,,,,,
,,,,,,,,,,,,
,,,,,,,,,,,,
,,,,,,,,,,,,
,,,,,,,,,,,,
,,,,,,,,,,,,
,,,,,,,,,,,,
,,,,,,,,,,,,
,,,,,,,,,,,,
,,,,,,,,,,,,
,,,,,,,,,,,,
,,,,,,,,,,,,
,,,,,,,,,,,,
,,,,,,,,,,,,
,,,,,,,,,,,,
,,,,,,,,,,,,
,,,,,,,,,,,,
,,,,,,,,,,,,
,,,,,,,,,,,,
,,,,,,,,,,,,
,,,,,,,,,,,,
,,,,,,,,,,,,
,,,,,,,,,,,,
,,,,,,,,,,,,
,,,,,,,,,,,,
,,,,,,,,,,,,
,,,,,,,,,,,,
,,,,,,,,,,,,
,,,,,,,,,,,,
,,,,,,,,,,,,
,,,,,,,,,,,,
,,,,,,,,,,,,
,,,,,,,,,,,,
,,,,,,,,,,,,
,,,,,,,,,,,,
,,,,,,,,,,,,
,,,,,,,,,,,,
,,,,,,,,,,,,
,,,,,,,,,,,,
,,,,,,,,,,,,
,,,,,,,,,,,,
,,,,,,,,,,,,
,,,,,,,,,,,,
,,,,,,,,,,,,
,,,,,,,,,,,,
,,,,,,,,,,,,
,,,,,,,,,,,,
,,,,,,,,,,,,
,,,,,,,,,,,,
,,,,,,,,,,,,
,,,,,,,,,,,,
,,,,,,,,,,,,
,,,,,,,,,,,,
,,,,,,,,,,,,
,,,,,,,,,,,,
,,,,,,,,,,,,
,,,,,,,,,,,,
,,,,,,,,,,,,
,,,,,,,,,,,,
,,,,,,,,,,,,
,,,,,,,,,,,,
,,,,,,,,,,,,
,,,,,,,,,,,,
,,,,,,,,,,,,
,,,,,,,,,,,,
,,,,,,,,,,,,
,,,,,,,,,,,,
,,,,,,,,,,,,
,,,,,,,,,,,,
,,,,,,,,,,,,
,,,,,,,,,,,,
,,,,,,,,,,,,
,,,,,,,,,,,,
,,,,,,,,,,,,
,,,,,,,,,,,,
,,,,,,,,,,,,
,,,,,,,,,,,,
,,,,,,,,,,,,
,,,,,,,,,,,,
,,,,,,,,,,,,
,,,,,,,,,,,,
,,,,,,,,,,,,
,,,,,,,,,,,,
,,,,,,,,,,,,
,,,,,,,,,,,,
,,,,,,,,,,,,
,,,,,,,,,,,,
,,,,,,,,,,,,
,,,,,,,,,,,,
,,,,,,,,,,,,
,,,,,,,,,,,,
,,,,,,,,,,,,
,,,,,,,,,,,,
,,,,,,,,,,,,
,,,,,,,,,,,,
,,,,,,,,,,,,
,,,,,,,,,,,,
,,,,,,,,,,,,
,,,,,,,,,,,,
,,,,,,,,,,,,
,,,,,,,,,,,,
,,,,,,,,,,,,
,,,,,,,,,,,,
,,,,,,,,,,,,
,,,,,,,,,,,,
,,,,,,,,,,,,
,,,,,,,,,,,,
,,,,,,,,,,,,
,,,,,,,,,,,,
,,,,,,,,,,,,
,,,,,,,,,,,,
,,,,,,,,,,,,
,,,,,,,,,,,,
,,,,,,,,,,,,
,,,,,,,,,,,,
,,,,,,,,,,,,
,,,,,,,,,,,,
,,,,,,,,,,,,
,,,,,,,,,,,,
,,,,,,,,,,,,
,,,,,,,,,,,,
,,,,,,,,,,,,
,,,,,,,,,,,,
,,,,,,,,,,,,
,,,,,,,,,,,,
,,,,,,,,,,,,
,,,,,,,,,,,,
,,,,,,,,,,,,
,,,,,,,,,,,,
,,,,,,,,,,,,
,,,,,,,,,,,,
,,,,,,,,,,,,
,,,,,,,,,,,,
,,,,,,,,,,,,
,,,,,,,,,,,,
,,,,,,,,,,,,
,,,,,,,,,,,,
,,,,,,,,,,,,
,,,,,,,,,,,,
,,,,,,,,,,,,
,,,,,,,,,,,,
,,,,,,,,,,,,
,,,,,,,,,,,,
,,,,,,,,,,,,
,,,,,,,,,,,,
,,,,,,,,,,,,
,,,,,,,,,,,,
,,,,,,,,,,,,
,,,,,,,,,,,,
,,,,,,,,,,,,
,,,,,,,,,,,,
,,,,,,,,,,,,
,,,,,,,,,,,,
,,,,,,,,,,,,
,,,,,,,,,,,,
,,,,,,,,,,,,
,,,,,,,,,,,,
,,,,,,,,,,,,
,,,,,,,,,,,,
,,,,,,,,,,,,
,,,,,,,,,,,,
,,,,,,,,,,,,
,,,,,,,,,,,,
,,,,,,,,,,,,
,,,,,,,,,,,,
,,,,,,,,,,,,
,,,,,,,,,,,,
,,,,,,,,,,,,
,,,,,,,,,,,,
,,,,,,,,,,,,
,,,,,,,,,,,,
,,,,,,,,,,,,
,,,,,,,,,,,,
,,,,,,,,,,,,
,,,,,,,,,,,,
,,,,,,,,,,,,
,,,,,,,,,,,,
,,,,,,,,,,,,
,,,,,,,,,,,,
,,,,,,,,,,,,
,,,,,,,,,,,,
,,,,,,,,,,,,
,,,,,,,,,,,,
,,,,,,,,,,,,
,,,,,,,,,,,,
,,,,,,,,,,,,
,,,,,,,,,,,,
,,,,,,,,,,,,
,,,,,,,,,,,,
,,,,,,,,,,,,
,,,,,,,,,,,,
,,,,,,,,,,,,
,,,,,,,,,,,,
,,,,,,,,,,,,
,,,,,,,,,,,,
,,,,,,,,,,,,
,,,,,,,,,,,,
,,,,,,,,,,,,
,,,,,,,,,,,,
,,,,,,,,,,,,
,,,,,,,,,,,,
,,,,,,,,,,,,
,,,,,,,,,,,,
,,,,,,,,,,,,
,,,,,,,,,,,,
,,,,,,,,,,,,
,,,,,,,,,,,,
,,,,,,,,,,,,
,,,,,,,,,,,,
,,,,,,,,,,,,
,,,,,,,,,,,,
,,,,,,,,,,,,
,,,,,,,,,,,,
,,,,,,,,,,,,
,,,,,,,,,,,,
,,,,,,,,,,,,
,,,,,,,,,,,,
,,,,,,,,,,,,
,,,,,,,,,,,,
,,,,,,,,,,,,
,,,,,,,,,,,,
,,,,,,,,,,,,
,,,,,,,,,,,,
,,,,,,,,,,,,
,,,,,,,,,,,,
,,,,,,,,,,,,
,,,,,,,,,,,,
,,,,,,,,,,,,
,,,,,,,,,,,,
,,,,,,,,,,,,
,,,,,,,,,,,,
,,,,,,,,,,,,
,,,,,,,,,,,,
,,,,,,,,,,,,
,,,,,,,,,,,,
,,,,,,,,,,,,
,,,,,,,,,,,,
,,,,,,,,,,,,
,,,,,,,,,,,,
,,,,,,,,,,,,
,,,,,,,,,,,,
,,,,,,,,,,,,
,,,,,,,,,,,,
,,,,,,,,,,,,
,,,,,,,,,,,,
,,,,,,,,,,,,
,,,,,,,,,,,,
,,,,,,,,,,,,
,,,,,,,,,,,,
,,,,,,,,,,,,
,,,,,,,,,,,,
,,,,,,,,,,,,
,,,,,,,,,,,,
,,,,,,,,,,,,
,,,,,,,,,,,,
,,,,,,,,,,,,
,,,,,,,,,,,,
,,,,,,,,,,,,
,,,,,,,,,,,,
,,,,,,,,,,,,
,,,,,,,,,,,,
,,,,,,,,,,,,
,,,,,,,,,,,,
,,,,,,,,,,,,
,,,,,,,,,,,,
,,,,,,,,,,,,
,,,,,,,,,,,,
,,,,,,,,,,,,
,,,,,,,,,,,,
,,,,,,,,,,,,
,,,,,,,,,,,,
,,,,,,,,,,,,
,,,,,,,,,,,,
,,,,,,,,,,,,
,,,,,,,,,,,,
,,,,,,,,,,,,
,,,,,,,,,,,,
,,,,,,,,,,,,
,,,,,,,,,,,,
,,,,,,,,,,,,
,,,,,,,,,,,,
,,,,,,,,,,,,
,,,,,,,,,,,,
,,,,,,,,,,,,
,,,,,,,,,,,,
,,,,,,,,,,,,
,,,,,,,,,,,,
,,,,,,,,,,,,
,,,,,,,,,,,,
,,,,,,,,,,,,
,,,,,,,,,,,,
,,,,,,,,,,,,
,,,,,,,,,,,,
,,,,,,,,,,,,
,,,,,,,,,,,,
,,,,,,,,,,,,
,,,,,,,,,,,,
,,,,,,,,,,,,
,,,,,,,,,,,,
,,,,,,,,,,,,
,,,,,,,,,,,,
,,,,,,,,,,,,
,,,,,,,,,,,,
,,,,,,,,,,,,
,,,,,,,,,,,,
,,,,,,,,,,,,
,,,,,,,,,,,,
,,,,,,,,,,,,
,,,,,,,,,,,,
,,,,,,,,,,,,
,,,,,,,,,,,,
,,,,,,,,,,,,
,,,,,,,,,,,,
,,,,,,,,,,,,
,,,,,,,,,,,,
,,,,,,,,,,,,
,,,,,,,,,,,,
,,,,,,,,,,,,
,,,,,,,,,,,,
,,,,,,,,,,,,
,,,,,,,,,,,,
,,,,,,,,,,,,
,,,,,,,,,,,,
,,,,,,,,,,,,
,,,,,,,,,,,,
,,,,,,,,,,,,
,,,,,,,,,,,,
,,,,,,,,,,,,
,,,,,,,,,,,,
,,,,,,,,,,,,
,,,,,,,,,,,,
,,,,,,,,,,,,
,,,,,,,,,,,,
,,,,,,,,,,,,
,,,,,,,,,,,,
,,,,,,,,,,,,
,,,,,,,,,,,,
,,,,,,,,,,,,
,,,,,,,,,,,,
,,,,,,,,,,,,
,,,,,,,,,,,,
,,,,,,,,,,,,
,,,,,,,,,,,,
,,,,,,,,,,,,
,,,,,,,,,,,,
,,,,,,,,,,,,
,,,,,,,,,,,,
,,,,,,,,,,,,
,,,,,,,,,,,,
,,,,,,,,,,,,
,,,,,,,,,,,,
,,,,,,,,,,,,
,,,,,,,,,,,,
,,,,,,,,,,,,
,,,,,,,,,,,,
,,,,,,,,,,,,
,,,,,,,,,,,,
,,,,,,,,,,,,
,,,,,,,,,,,,
,,,,,,,,,,,,
,,,,,,,,,,,,
,,,,,,,,,,,,
,,,,,,,,,,,,
,,,,,,,,,,,,
,,,,,,,,,,,,
,,,,,,,,,,,,
,,,,,,,,,,,,
,,,,,,,,,,,,
,,,,,,,,,,,,
,,,,,,,,,,,,
,,,,,,,,,,,,
,,,,,,,,,,,,
,,,,,,,,,,,,
,,,,,,,,,,,,
,,,,,,,,,,,,
,,,,,,,,,,,,
,,,,,,,,,,,,
,,,,,,,,,,,,
,,,,,,,,,,,,
,,,,,,,,,,,,
,,,,,,,,,,,,
,,,,,,,,,,,,
,,,,,,,,,,,,
,,,,,,,,,,,,
,,,,,,,,,,,,
,,,,,,,,,,,,
,,,,,,,,,,,,
,,,,,,,,,,,,
,,,,,,,,,,,,
,,,,,,,,,,,,
,,,,,,,,,,,,
,,,,,,,,,,,,
,,,,,,,,,,,,
,,,,,,,,,,,,
,,,,,,,,,,,,
,,,,,,,,,,,,
,,,,,,,,,,,,
,,,,,,,,,,,,
,,,,,,,,,,,,
,,,,,,,,,,,,
,,,,,,,,,,,,
,,,,,,,,,,,,
,,,,,,,,,,,,
,,,,,,,,,,,,
,,,,,,,,,,,,
,,,,,,,,,,,,
,,,,,,,,,,,,
,,,,,,,,,,,,
,,,,,,,,,,,,
,,,,,,,,,,,,
,,,,,,,,,,,,
,,,,,,,,,,,,
,,,,,,,,,,,,
,,,,,,,,,,,,
,,,,,,,,,,,,
,,,,,,,,,,,,
,,,,,,,,,,,,
,,,,,,,,,,,,
,,,,,,,,,,,,
,,,,,,,,,,,,
,,,,,,,,,,,,
,,,,,,,,,,,,
,,,,,,,,,,,,
,,,,,,,,,,,,
,,,,,,,,,,,,
,,,,,,,,,,,,
,,,,,,,,,,,,
,,,,,,,,,,,,
,,,,,,,,,,,,
,,,,,,,,,,,,
,,,,,,,,,,,,
,,,,,,,,,,,,
,,,,,,,,,,,,
,,,,,,,,,,,,
,,,,,,,,,,,,
,,,,,,,,,,,,
,,,,,,,,,,,,
,,,,,,,,,,,,
,,,,,,,,,,,,
,,,,,,,,,,,,
,,,,,,,,,,,,
,,,,,,,,,,,,
,,,,,,,,,,,,
,,,,,,,,,,,,
,,,,,,,,,,,,
,,,,,,,,,,,,
,,,,,,,,,,,,
,,,,,,,,,,,,
,,,,,,,,,,,,
,,,,,,,,,,,,
,,,,,,,,,,,,
,,,,,,,,,,,,
,,,,,,,,,,,,
,,,,,,,,,,,,
,,,,,,,,,,,,
,,,,,,,,,,,,
,,,,,,,,,,,,
,,,,,,,,,,,,
,,,,,,,,,,,,
,,,,,,,,,,,,
,,,,,,,,,,,,
,,,,,,,,,,,,
,,,,,,,,,,,,
,,,,,,,,,,,,
,,,,,,,,,,,,
,,,,,,,,,,,,
,,,,,,,,,,,,
,,,,,,,,,,,,
,,,,,,,,,,,,
,,,,,,,,,,,,
,,,,,,,,,,,,
,,,,,,,,,,,,
,,,,,,,,,,,,
,,,,,,,,,,,,
,,,,,,,,,,,,
,,,,,,,,,,,,
,,,,,,,,,,,,
,,,,,,,,,,,,
,,,,,,,,,,,,
,,,,,,,,,,,,
,,,,,,,,,,,,
,,,,,,,,,,,,
,,,,,,,,,,,,
,,,,,,,,,,,,
,,,,,,,,,,,,
,,,,,,,,,,,,
,,,,,,,,,,,,
,,,,,,,,,,,,
,,,,,,,,,,,,
,,,,,,,,,,,,
,,,,,,,,,,,,
,,,,,,,,,,,,
,,,,,,,,,,,,
,,,,,,,,,,,,
,,,,,,,,,,,,
,,,,,,,,,,,,
,,,,,,,,,,,,
,,,,,,,,,,,,
,,,,,,,,,,,,
,,,,,,,,,,,,
,,,,,,,,,,,,
,,,,,,,,,,,,
,,,,,,,,,,,,
,,,,,,,,,,,,
,,,,,,,,,,,,
,,,,,,,,,,,,
,,,,,,,,,,,,
,,,,,,,,,,,,
,,,,,,,,,,,,
,,,,,,,,,,,,
,,,,,,,,,,,,
,,,,,,,,,,,,
,,,,,,,,,,,,
,,,,,,,,,,,,
,,,,,,,,,,,,
,,,,,,,,,,,,
,,,,,,,,,,,,
,,,,,,,,,,,,
,,,,,,,,,,,,
,,,,,,,,,,,,
,,,,,,,,,,,,
,,,,,,,,,,,,
,,,,,,,,,,,,
,,,,,,,,,,,,
,,,,,,,,,,,,
,,,,,,,,,,,,
,,,,,,,,,,,,
,,,,,,,,,,,,
,,,,,,,,,,,,
,,,,,,,,,,,,
,,,,,,,,,,,,
,,,,,,,,,,,,
,,,,,,,,,,,,
,,,,,,,,,,,,
,,,,,,,,,,,,
,,,,,,,,,,,,
,,,,,,,,,,,,
,,,,,,,,,,,,
,,,,,,,,,,,,
,,,,,,,,,,,,
,,,,,,,,,,,,
,,,,,,,,,,,,
,,,,,,,,,,,,
,,,,,,,,,,,,
,,,,,,,,,,,,
,,,,,,,,,,,,
,,,,,,,,,,,,
,,,,,,,,,,,,
,,,,,,,,,,,,
,,,,,,,,,,,,
,,,,,,,,,,,,
,,,,,,,,,,,,
,,,,,,,,,,,,
,,,,,,,,,,,,
,,,,,,,,,,,,
,,,,,,,,,,,,
,,,,,,,,,,,,
,,,,,,,,,,,,
,,,,,,,,,,,,
,,,,,,,,,,,,
,,,,,,,,,,,,
,,,,,,,,,,,,
,,,,,,,,,,,,
,,,,,,,,,,,,
,,,,,,,,,,,,
,,,,,,,,,,,,
,,,,,,,,,,,,
,,,,,,,,,,,,
,,,,,,,,,,,,
,,,,,,,,,,,,
,,,,,,,,,,,,
,,,,,,,,,,,,
,,,,,,,,,,,,
,,,,,,,,,,,,
,,,,,,,,,,,,
,,,,,,,,,,,,
,,,,,,,,,,,,
,,,,,,,,,,,,
,,,,,,,,,,,,
,,,,,,,,,,,,
,,,,,,,,,,,,
,,,,,,,,,,,,
,,,,,,,,,,,,
,,,,,,,,,,,,
,,,,,,,,,,,,
,,,,,,,,,,,,
,,,,,,,,,,,,
,,,,,,,,,,,,
,,,,,,,,,,,,
,,,,,,,,,,,,
,,,,,,,,,,,,
,,,,,,,,,,,,
,,,,,,,,,,,,
,,,,,,,,,,,,
,,,,,,,,,,,,
,,,,,,,,,,,,
,,,,,,,,,,,,
,,,,,,,,,,,,
,,,,,,,,,,,,
,,,,,,,,,,,,
,,,,,,,,,,,,
,,,,,,,,,,,,
,,,,,,,,,,,,
,,,,,,,,,,,,
,,,,,,,,,,,,
,,,,,,,,,,,,
,,,,,,,,,,,,
,,,,,,,,,,,,
,,,,,,,,,,,,
,,,,,,,,,,,,
,,,,,,,,,,,,
,,,,,,,,,,,,
,,,,,,,,,,,,
,,,,,,,,,,,,
,,,,,,,,,,,,
,,,,,,,,,,,,
,,,,,,,,,,,,
,,,,,,,,,,,,
,,,,,,,,,,,,
,,,,,,,,,,,,
,,,,,,,,,,,,
,,,,,,,,,,,,
,,,,,,,,,,,,
,,,,,,,,,,,,
,,,,,,,,,,,,
,,,,,,,,,,,,
,,,,,,,,,,,,
,,,,,,,,,,,,
,,,,,,,,,,,,
,,,,,,,,,,,,
,,,,,,,,,,,,
,,,,,,,,,,,,
,,,,,,,,,,,,
,,,,,,,,,,,,
,,,,,,,,,,,,
,,,,,,,,,,,,
,,,,,,,,,,,,
,,,,,,,,,,,,
,,,,,,,,,,,,
,,,,,,,,,,,,
,,,,,,,,,,,,
,,,,,,,,,,,,
,,,,,,,,,,,,
,,,,,,,,,,,,
,,,,,,,,,,,,
,,,,,,,,,,,,
,,,,,,,,,,,,
,,,,,,,,,,,,
,,,,,,,,,,,,
,,,,,,,,,,,,
,,,,,,,,,,,,
,,,,,,,,,,,,
,,,,,,,,,,,,
,,,,,,,,,,,,
,,,,,,,,,,,,
,,,,,,,,,,,,
,,,,,,,,,,,,
,,,,,,,,,,,,
,,,,,,,,,,,,
,,,,,,,,,,,,
,,,,,,,,,,,,
,,,,,,,,,,,,
,,,,,,,,,,,,
,,,,,,,,,,,,
,,,,,,,,,,,,
,,,,,,,,,,,,
,,,,,,,,,,,,
,,,,,,,,,,,,
,,,,,,,,,,,,
,,,,,,,,,,,,
,,,,,,,,,,,,
,,,,,,,,,,,,
,,,,,,,,,,,,
,,,,,,,,,,,,
,,,,,,,,,,,,
,,,,,,,,,,,,
,,,,,,,,,,,,
,,,,,,,,,,,,
,,,,,,,,,,,,
,,,,,,,,,,,,
,,,,,,,,,,,,
,,,,,,,,,,,,
,,,,,,,,,,,,
,,,,,,,,,,,,
,,,,,,,,,,,,
,,,,,,,,,,,,
,,,,,,,,,,,,
,,,,,,,,,,,,
,,,,,,,,,,,,
,,,,,,,,,,,,
,,,,,,,,,,,,
,,,,,,,,,,,,
,,,,,,,,,,,,
,,,,,,,,,,,,
,,,,,,,,,,,,
,,,,,,,,,,,,
,,,,,,,,,,,,
,,,,,,,,,,,,
,,,,,,,,,,,,
,,,,,,,,,,,,
,,,,,,,,,,,,
,,,,,,,,,,,,
,,,,,,,,,,,,
,,,,,,,,,,,,
,,,,,,,,,,,,
,,,,,,,,,,,,
,,,,,,,,,,,,
,,,,,,,,,,,,
,,,,,,,,,,,,
,,,,,,,,,,,,
,,,,,,,,,,,,
,,,,,,,,,,,,
,,,,,,,,,,,,
,,,,,,,,,,,,
,,,,,,,,,,,,
,,,,,,,,,,,,
,,,,,,,,,,,,
,,,,,,,,,,,,
,,,,,,,,,,,,
,,,,,,,,,,,,
,,,,,,,,,,,,
,,,,,,,,,,,,
,,,,,,,,,,,,
,,,,,,,,,,,,
,,,,,,,,,,,,
,,,,,,,,,,,,
,,,,,,,,,,,,
,,,,,,,,,,,,
,,,,,,,,,,,,
,,,,,,,,,,,,
,,,,,,,,,,,,
,,,,,,,,,,,,
,,,,,,,,,,,,
,,,,,,,,,,,,
,,,,,,,,,,,,
,,,,,,,,,,,,
,,,,,,,,,,,,
,,,,,,,,,,,,
,,,,,,,,,,,,
,,,,,,,,,,,,
,,,,,,,,,,,,
,,,,,,,,,,,,
,,,,,,,,,,,,
,,,,,,,,,,,,
,,,,,,,,,,,,
,,,,,,,,,,,,
,,,,,,,,,,,,
,,,,,,,,,,,,
,,,,,,,,,,,,
,,,,,,,,,,,,
,,,,,,,,,,,,
,,,,,,,,,,,,
,,,,,,,,,,,,
,,,,,,,,,,,,
,,,,,,,,,,,,
,,,,,,,,,,,,
,,,,,,,,,,,,
,,,,,,,,,,,,
,,,,,,,,,,,,
,,,,,,,,,,,,
,,,,,,,,,,,,
,,,,,,,,,,,,
,,,,,,,,,,,,
,,,,,,,,,,,,
,,,,,,,,,,,,
,,,,,,,,,,,,
,,,,,,,,,,,,
,,,,,,,,,,,,
,,,,,,,,,,,,
,,,,,,,,,,,,
,,,,,,,,,,,,
,,,,,,,,,,,,
,,,,,,,,,,,,
,,,,,,,,,,,,
,,,,,,,,,,,,
,,,,,,,,,,,,
,,,,,,,,,,,,
,,,,,,,,,,,,
,,,,,,,,,,,,
,,,,,,,,,,,,
,,,,,,,,,,,,
,,,,,,,,,,,,
,,,,,,,,,,,,
,,,,,,,,,,,,
,,,,,,,,,,,,
,,,,,,,,,,,,
,,,,,,,,,,,,
,,,,,,,,,,,,
,,,,,,,,,,,,
,,,,,,,,,,,,
,,,,,,,,,,,,
,,,,,,,,,,,,
,,,,,,,,,,,,
,,,,,,,,,,,,
,,,,,,,,,,,,
,,,,,,,,,,,,
,,,,,,,,,,,,
,,,,,,,,,,,,
,,,,,,,,,,,,
,,,,,,,,,,,,
,,,,,,,,,,,,
,,,,,,,,,,,,
,,,,,,,,,,,,
,,,,,,,,,,,,
,,,,,,,,,,,,
,,,,,,,,,,,,
,,,,,,,,,,,,
,,,,,,,,,,,,
,,,,,,,,,,,,
,,,,,,,,,,,,
,,,,,,,,,,,,
,,,,,,,,,,,,
,,,,,,,,,,,,
,,,,,,,,,,,,
,,,,,,,,,,,,
,,,,,,,,,,,,
,,,,,,,,,,,,
,,,,,,,,,,,,
,,,,,,,,,,,,
,,,,,,,,,,,,
,,,,,,,,,,,,
,,,,,,,,,,,,
,,,,,,,,,,,,
,,,,,,,,,,,,
,,,,,,,,,,,,
,,,,,,,,,,,,
,,,,,,,,,,,,
,,,,,,,,,,,,
,,,,,,,,,,,,
,,,,,,,,,,,,
,,,,,,,,,,,,
,,,,,,,,,,,,
,,,,,,,,,,,,
,,,,,,,,,,,,
,,,,,,,,,,,,
,,,,,,,,,,,,
,,,,,,,,,,,,
,,,,,,,,,,,,
,,,,,,,,,,,,
,,,,,,,,,,,,
,,,,,,,,,,,,
,,,,,,,,,,,,
,,,,,,,,,,,,
,,,,,,,,,,,,
,,,,,,,,,,,,
,,,,,,,,,,,,
,,,,,,,,,,,,
,,,,,,,,,,,,
,,,,,,,,,,,,
,,,,,,,,,,,,
,,,,,,,,,,,,
,,,,,,,,,,,,
,,,,,,,,,,,,
,,,,,,,,,,,,
,,,,,,,,,,,,
,,,,,,,,,,,,
,,,,,,,,,,,,
,,,,,,,,,,,,
,,,,,,,,,,,,
,,,,,,,,,,,,
,,,,,,,,,,,,
,,,,,,,,,,,,
,,,,,,,,,,,,
,,,,,,,,,,,,
,,,,,,,,,,,,
,,,,,,,,,,,,
,,,,,,,,,,,,
,,,,,,,,,,,,
,,,,,,,,,,,,
,,,,,,,,,,,,
,,,,,,,,,,,,
,,,,,,,,,,,,
,,,,,,,,,,,,
,,,,,,,,,,,,
,,,,,,,,,,,,
,,,,,,,,,,,,
,,,,,,,,,,,,
,,,,,,,,,,,,
,,,,,,,,,,,,
,,,,,,,,,,,,
,,,,,,,,,,,,
,,,,,,,,,,,,
,,,,,,,,,,,,
,,,,,,,,,,,,
,,,,,,,,,,,,
,,,,,,,,,,,,
,,,,,,,,,,,,
,,,,,,,,,,,,
,,,,,,,,,,,,
,,,,,,,,,,,,
,,,,,,,,,,,,
,,,,,,,,,,,,
,,,,,,,,,,,,
,,,,,,,,,,,,
,,,,,,,,,,,,
,,,,,,,,,,,,
,,,,,,,,,,,,
,,,,,,,,,,,,
,,,,,,,,,,,,
,,,,,,,,,,,,
,,,,,,,,,,,,
,,,,,,,,,,,,
,,,,,,,,,,,,
,,,,,,,,,,,,
,,,,,,,,,,,,
,,,,,,,,,,,,
,,,,,,,,,,,,
,,,,,,,,,,,,
,,,,,,,,,,,,
,,,,,,,,,,,,
,,,,,,,,,,,,
,,,,,,,,,,,,
,,,,,,,,,,,,
,,,,,,,,,,,,
,,,,,,,,,,,,
,,,,,,,,,,,,
,,,,,,,,,,,,
,,,,,,,,,,,,
,,,,,,,,,,,,
,,,,,,,,,,,,
,,,,,,,,,,,,
,,,,,,,,,,,,
,,,,,,,,,,,,
,,,,,,,,,,,,
,,,,,,,,,,,,
,,,,,,,,,,,,
,,,,,,,,,,,,
,,,,,,,,,,,,
,,,,,,,,,,,,
,,,,,,,,,,,,
,,,,,,,,,,,,
,,,,,,,,,,,,
,,,,,,,,,,,,
,,,,,,,,,,,,
,,,,,,,,,,,,
,,,,,,,,,,,,
,,,,,,,,,,,,
,,,,,,,,,,,,
,,,,,,,,,,,,
,,,,,,,,,,,,
,,,,,,,,,,,,
,,,,,,,,,,,,
,,,,,,,,,,,,
,,,,,,,,,,,,
,,,,,,,,,,,,
,,,,,,,,,,,,
,,,,,,,,,,,,
,,,,,,,,,,,,
,,,,,,,,,,,,
,,,,,,,,,,,,
,,,,,,,,,,,,
,,,,,,,,,,,,
,,,,,,,,,,,,
,,,,,,,,,,,,
,,,,,,,,,,,,
,,,,,,,,,,,,
,,,,,,,,,,,,
,,,,,,,,,,,,
,,,,,,,,,,,,
,,,,,,,,,,,,
,,,,,,,,,,,,
,,,,,,,,,,,,
,,,,,,,,,,,,
,,,,,,,,,,,,
,,,,,,,,,,,,
,,,,,,,,,,,,
,,,,,,,,,,,,
,,,,,,,,,,,,
,,,,,,,,,,,,
,,,,,,,,,,,,
,,,,,,,,,,,,
,,,,,,,,,,,,
,,,,,,,,,,,,
,,,,,,,,,,,,
,,,,,,,,,,,,
,,,,,,,,,,,,
,,,,,,,,,,,,
,,,,,,,,,,,,
,,,,,,,,,,,,
,,,,,,,,,,,,
,,,,,,,,,,,,
,,,,,,,,,,,,
,,,,,,,,,,,,
,,,,,,,,,,,,
,,,,,,,,,,,,
,,,,,,,,,,,,
,,,,,,,,,,,,
,,,,,,,,,,,,
,,,,,,,,,,,,
,,,,,,,,,,,,
,,,,,,,,,,,,
,,,,,,,,,,,,
,,,,,,,,,,,,
,,,,,,,,,,,,
,,,,,,,,,,,,
,,,,,,,,,,,,
,,,,,,,,,,,,
,,,,,,,,,,,,
,,,,,,,,,,,,
,,,,,,,,,,,,
,,,,,,,,,,,,
,,,,,,,,,,,,
,,,,,,,,,,,,
,,,,,,,,,,,,
,,,,,,,,,,,,
,,,,,,,,,,,,
,,,,,,,,,,,,
,,,,,,,,,,,,
,,,,,,,,,,,,
,,,,,,,,,,,,
,,,,,,,,,,,,
,,,,,,,,,,,,
,,,,,,,,,,,,
,,,,,,,,,,,,
,,,,,,,,,,,,
,,,,,,,,,,,,
,,,,,,,,,,,,
,,,,,,,,,,,,
,,,,,,,,,,,,
,,,,,,,,,,,,
,,,,,,,,,,,,
,,,,,,,,,,,,
,,,,,,,,,,,,
,,,,,,,,,,,,
,,,,,,,,,,,,
,,,,,,,,,,,,
,,,,,,,,,,,,
,,,,,,,,,,,,
,,,,,,,,,,,,
,,,,,,,,,,,,
,,,,,,,,,,,,
,,,,,,,,,,,,
,,,,,,,,,,,,
,,,,,,,,,,,,
,,,,,,,,,,,,
,,,,,,,,,,,,
,,,,,,,,,,,,
,,,,,,,,,,,,
,,,,,,,,,,,,
,,,,,,,,,,,,
,,,,,,,,,,,,
,,,,,,,,,,,,
,,,,,,,,,,,,
,,,,,,,,,,,,
,,,,,,,,,,,,
,,,,,,,,,,,,
,,,,,,,,,,,,
,,,,,,,,,,,,
,,,,,,,,,,,,
,,,,,,,,,,,,
,,,,,,,,,,,,
,,,,,,,,,,,,
,,,,,,,,,,,,
,,,,,,,,,,,,
,,,,,,,,,,,,
,,,,,,,,,,,,
,,,,,,,,,,,,
,,,,,,,,,,,,
,,,,,,,,,,,,
,,,,,,,,,,,,
,,,,,,,,,,,,
,,,,,,,,,,,,
,,,,,,,,,,,,
,,,,,,,,,,,,
,,,,,,,,,,,,
,,,,,,,,,,,,
,,,,,,,,,,,,
,,,,,,,,,,,,
,,,,,,,,,,,,
,,,,,,,,,,,,
,,,,,,,,,,,,
,,,,,,,,,,,,
,,,,,,,,,,,,
,,,,,,,,,,,,
,,,,,,,,,,,,
,,,,,,,,,,,,
,,,,,,,,,,,,
,,,,,,,,,,,,
,,,,,,,,,,,,
,,,,,,,,,,,,
,,,,,,,,,,,,
,,,,,,,,,,,,
,,,,,,,,,,,,
,,,,,,,,,,,,
,,,,,,,,,,,,
,,,,,,,,,,,,
,,,,,,,,,,,,
,,,,,,,,,,,,
,,,,,,,,,,,,
,,,,,,,,,,,,
,,,,,,,,,,,,
,,,,,,,,,,,,
,,,,,,,,,,,,
,,,,,,,,,,,,
,,,,,,,,,,,,
,,,,,,,,,,,,
,,,,,,,,,,,,
,,,,,,,,,,,,
,,,,,,,,,,,,
,,,,,,,,,,,,
,,,,,,,,,,,,
,,,,,,,,,,,,
,,,,,,,,,,,,
,,,,,,,,,,,,
,,,,,,,,,,,,
,,,,,,,,,,,,
,,,,,,,,,,,,
,,,,,,,,,,,,
,,,,,,,,,,,,
,,,,,,,,,,,,
,,,,,,,,,,,,
,,,,,,,,,,,,
,,,,,,,,,,,,
,,,,,,,,,,,,
,,,,,,,,,,,,
,,,,,,,,,,,,
,,,,,,,,,,,,
,,,,,,,,,,,,
,,,,,,,,,,,,
,,,,,,,,,,,,
,,,,,,,,,,,,
,,,,,,,,,,,,
,,,,,,,,,,,,
,,,,,,,,,,,,
,,,,,,,,,,,,
,,,,,,,,,,,,
,,,,,,,,,,,,
,,,,,,,,,,,,
,,,,,,,,,,,,
,,,,,,,,,,,,
,,,,,,,,,,,,
,,,,,,,,,,,,
,,,,,,,,,,,,
,,,,,,,,,,,,
,,,,,,,,,,,,
,,,,,,,,,,,,
,,,,,,,,,,,,
,,,,,,,,,,,,
,,,,,,,,,,,,
,,,,,,,,,,,,
,,,,,,,,,,,,
,,,,,,,,,,,,
,,,,,,,,,,,,
,,,,,,,,,,,,
,,,,,,,,,,,,
,,,,,,,,,,,,
,,,,,,,,,,,,
,,,,,,,,,,,,
,,,,,,,,,,,,
,,,,,,,,,,,,
,,,,,,,,,,,,
,,,,,,,,,,,,
,,,,,,,,,,,,
,,,,,,,,,,,,
,,,,,,,,,,,,
,,,,,,,,,,,,
,,,,,,,,,,,,
,,,,,,,,,,,,
,,,,,,,,,,,,
,,,,,,,,,,,,
,,,,,,,,,,,,
,,,,,,,,,,,,
,,,,,,,,,,,,
,,,,,,,,,,,,
,,,,,,,,,,,,
,,,,,,,,,,,,
,,,,,,,,,,,,
,,,,,,,,,,,,
,,,,,,,,,,,,
,,,,,,,,,,,,
,,,,,,,,,,,,
,,,,,,,,,,,,
,,,,,,,,,,,,
,,,,,,,,,,,,
,,,,,,,,,,,,
,,,,,,,,,,,,
,,,,,,,,,,,,
,,,,,,,,,,,,
,,,,,,,,,,,,
,,,,,,,,,,,,
,,,,,,,,,,,,
,,,,,,,,,,,,
,,,,,,,,,,,,
,,,,,,,,,,,,
,,,,,,,,,,,,
,,,,,,,,,,,,
,,,,,,,,,,,,
,,,,,,,,,,,,
,,,,,,,,,,,,
,,,,,,,,,,,,
,,,,,,,,,,,,
,,,,,,,,,,,,
,,,,,,,,,,,,
,,,,,,,,,,,,
,,,,,,,,,,,,
,,,,,,,,,,,,
,,,,,,,,,,,,
,,,,,,,,,,,,
,,,,,,,,,,,,
,,,,,,,,,,,,
,,,,,,,,,,,,
,,,,,,,,,,,,
,,,,,,,,,,,,
,,,,,,,,,,,,
,,,,,,,,,,,,
,,,,,,,,,,,,
,,,,,,,,,,,,
,,,,,,,,,,,,
,,,,,,,,,,,,
,,,,,,,,,,,,
,,,,,,,,,,,,
,,,,,,,,,,,,
,,,,,,,,,,,,
,,,,,,,,,,,,
,,,,,,,,,,,,
,,,,,,,,,,,,
,,,,,,,,,,,,
,,,,,,,,,,,,
,,,,,,,,,,,,
,,,,,,,,,,,,
,,,,,,,,,,,,
,,,,,,,,,,,,
,,,,,,,,,,,,
,,,,,,,,,,,,
,,,,,,,,,,,,
,,,,,,,,,,,,
,,,,,,,,,,,,
,,,,,,,,,,,,
,,,,,,,,,,,,
,,,,,,,,,,,,
,,,,,,,,,,,,
,,,,,,,,,,,,
,,,,,,,,,,,,
,,,,,,,,,,,,
,,,,,,,,,,,,
,,,,,,,,,,,,
,,,,,,,,,,,,
,,,,,,,,,,,,
,,,,,,,,,,,,
,,,,,,,,,,,,
,,,,,,,,,,,,
,,,,,,,,,,,,
,,,,,,,,,,,,
,,,,,,,,,,,,
,,,,,,,,,,,,
,,,,,,,,,,,,
,,,,,,,,,,,,
,,,,,,,,,,,,
,,,,,,,,,,,,
,,,,,,,,,,,,
,,,,,,,,,,,,
,,,,,,,,,,,,
,,,,,,,,,,,,
,,,,,,,,,,,,
,,,,,,,,,,,,
,,,,,,,,,,,,
,,,,,,,,,,,,
,,,,,,,,,,,,
,,,,,,,,,,,,
,,,,,,,,,,,,
,,,,,,,,,,,,
,,,,,,,,,,,,
,,,,,,,,,,,,
,,,,,,,,,,,,
,,,,,,,,,,,,
,,,,,,,,,,,,
,,,,,,,,,,,,
,,,,,,,,,,,,
,,,,,,,,,,,,
,,,,,,,,,,,,
,,,,,,,,,,,,
,,,,,,,,,,,,
,,,,,,,,,,,,
,,,,,,,,,,,,
,,,,,,,,,,,,
,,,,,,,,,,,,
,,,,,,,,,,,,
,,,,,,,,,,,,
,,,,,,,,,,,,
,,,,,,,,,,,,
,,,,,,,,,,,,
,,,,,,,,,,,,
,,,,,,,,,,,,
,,,,,,,,,,,,
,,,,,,,,,,,,
,,,,,,,,,,,,
,,,,,,,,,,,,
,,,,,,,,,,,,
,,,,,,,,,,,,
,,,,,,,,,,,,
,,,,,,,,,,,,
,,,,,,,,,,,,
,,,,,,,,,,,,
,,,,,,,,,,,,
,,,,,,,,,,,,
,,,,,,,,,,,,
,,,,,,,,,,,,
,,,,,,,,,,,,
,,,,,,,,,,,,
,,,,,,,,,,,,
,,,,,,,,,,,,
,,,,,,,,,,,,
,,,,,,,,,,,,
,,,,,,,,,,,,
,,,,,,,,,,,,
,,,,,,,,,,,,
,,,,,,,,,,,,
,,,,,,,,,,,,
,,,,,,,,,,,,
,,,,,,,,,,,,
,,,,,,,,,,,,
,,,,,,,,,,,,
,,,,,,,,,,,,
,,,,,,,,,,,,
,,,,,,,,,,,,
,,,,,,,,,,,,
,,,,,,,,,,,,
,,,,,,,,,,,,
,,,,,,,,,,,,
,,,,,,,,,,,,
,,,,,,,,,,,,
,,,,,,,,,,,,
,,,,,,,,,,,,
,,,,,,,,,,,,
,,,,,,,,,,,,
,,,,,,,,,,,,
,,,,,,,,,,,,
,,,,,,,,,,,,
,,,,,,,,,,,,
,,,,,,,,,,,,
,,,,,,,,,,,,
,,,,,,,,,,,,
,,,,,,,,,,,,
,,,,,,,,,,,,
,,,,,,,,,,,,
,,,,,,,,,,,,
,,,,,,,,,,,,
,,,,,,,,,,,,
,,,,,,,,,,,,
,,,,,,,,,,,,
,,,,,,,,,,,,
,,,,,,,,,,,,
,,,,,,,,,,,,
,,,,,,,,,,,,
,,,,,,,,,,,,
,,,,,,,,,,,,
,,,,,,,,,,,,
,,,,,,,,,,,,
,,,,,,,,,,,,
,,,,,,,,,,,,
,,,,,,,,,,,,
,,,,,,,,,,,,
,,,,,,,,,,,,
,,,,,,,,,,,,
,,,,,,,,,,,,
,,,,,,,,,,,,
,,,,,,,,,,,,
,,,,,,,,,,,,
,,,,,,,,,,,,
,,,,,,,,,,,,
,,,,,,,,,,,,
,,,,,,,,,,,,
,,,,,,,,,,,,
,,,,,,,,,,,,
,,,,,,,,,,,,
,,,,,,,,,,,,
,,,,,,,,,,,,
,,,,,,,,,,,,
,,,,,,,,,,,,
,,,,,,,,,,,,
,,,,,,,,,,,,
,,,,,,,,,,,,
,,,,,,,,,,,,
,,,,,,,,,,,,
,,,,,,,,,,,,
,,,,,,,,,,,,
,,,,,,,,,,,,
,,,,,,,,,,,,
,,,,,,,,,,,,
,,,,,,,,,,,,
,,,,,,,,,,,,
,,,,,,,,,,,,
,,,,,,,,,,,,
,,,,,,,,,,,,
,,,,,,,,,,,,
,,,,,,,,,,,,
,,,,,,,,,,,,
,,,,,,,,,,,,
,,,,,,,,,,,,
,,,,,,,,,,,,
,,,,,,,,,,,,
,,,,,,,,,,,,
,,,,,,,,,,,,
,,,,,,,,,,,,
,,,,,,,,,,,,
,,,,,,,,,,,,
,,,,,,,,,,,,
,,,,,,,,,,,,
,,,,,,,,,,,,
,,,,,,,,,,,,
,,,,,,,,,,,,
,,,,,,,,,,,,
,,,,,,,,,,,,
,,,,,,,,,,,,
,,,,,,,,,,,,
,,,,,,,,,,,,
,,,,,,,,,,,,
,,,,,,,,,,,,
,,,,,,,,,,,,
,,,,,,,,,,,,
,,,,,,,,,,,,
,,,,,,,,,,,,
,,,,,,,,,,,,
,,,,,,,,,,,,
,,,,,,,,,,,,
,,,,,,,,,,,,
,,,,,,,,,,,,
,,,,,,,,,,,,
,,,,,,,,,,,,
,,,,,,,,,,,,
,,,,,,,,,,,,
,,,,,,,,,,,,
,,,,,,,,,,,,
,,,,,,,,,,,,
,,,,,,,,,,,,
,,,,,,,,,,,,
,,,,,,,,,,,,
,,,,,,,,,,,,
,,,,,,,,,,,,
,,,,,,,,,,,,
,,,,,,,,,,,,
,,,,,,,,,,,,
,,,,,,,,,,,,
,,,,,,,,,,,,
,,,,,,,,,,,,
,,,,,,,,,,,,
,,,,,,,,,,,,
,,,,,,,,,,,,
,,,,,,,,,,,,
,,,,,,,,,,,,
,,,,,,,,,,,,
,,,,,,,,,,,,
,,,,,,,,,,,,
,,,,,,,,,,,,
,,,,,,,,,,,,
,,,,,,,,,,,,
,,,,,,,,,,,,
,,,,,,,,,,,,
,,,,,,,,,,,,
,,,,,,,,,,,,
,,,,,,,,,,,,
,,,,,,,,,,,,
,,,,,,,,,,,,
,,,,,,,,,,,,
,,,,,,,,,,,,
,,,,,,,,,,,,
,,,,,,,,,,,,
,,,,,,,,,,,,
,,,,,,,,,,,,
,,,,,,,,,,,,
,,,,,,,,,,,,
,,,,,,,,,,,,
,,,,,,,,,,,,
,,,,,,,,,,,,
,,,,,,,,,,,,
,,,,,,,,,,,,
,,,,,,,,,,,,
,,,,,,,,,,,,
,,,,,,,,,,,,
,,,,,,,,,,,,
,,,,,,,,,,,,
,,,,,,,,,,,,
,,,,,,,,,,,,
,,,,,,,,,,,,
,,,,,,,,,,,,
,,,,,,,,,,,,
,,,,,,,,,,,,
,,,,,,,,,,,,
,,,,,,,,,,,,
,,,,,,,,,,,,
,,,,,,,,,,,,
,,,,,,,,,,,,
,,,,,,,,,,,,
,,,,,,,,,,,,
,,,,,,,,,,,,
,,,,,,,,,,,,
,,,,,,,,,,,,
,,,,,,,,,,,,
,,,,,,,,,,,,
,,,,,,,,,,,,
,,,,,,,,,,,,
,,,,,,,,,,,,
,,,,,,,,,,,,
,,,,,,,,,,,,
,,,,,,,,,,,,
,,,,,,,,,,,,
,,,,,,,,,,,,
,,,,,,,,,,,,
,,,,,,,,,,,,
,,,,,,,,,,,,
,,,,,,,,,,,,
,,,,,,,,,,,,
,,,,,,,,,,,,
,,,,,,,,,,,,
,,,,,,,,,,,,
,,,,,,,,,,,,
,,,,,,,,,,,,
,,,,,,,,,,,,
,,,,,,,,,,,,
,,,,,,,,,,,,
,,,,,,,,,,,,
,,,,,,,,,,,,
,,,,,,,,,,,,
,,,,,,,,,,,,
,,,,,,,,,,,,
,,,,,,,,,,,,
,,,,,,,,,,,,
,,,,,,,,,,,,
,,,,,,,,,,,,
,,,,,,,,,,,,
,,,,,,,,,,,,
,,,,,,,,,,,,
,,,,,,,,,,,,
,,,,,,,,,,,,
,,,,,,,,,,,,
,,,,,,,,,,,,
,,,,,,,,,,,,
,,,,,,,,,,,,
,,,,,,,,,,,,
,,,,,,,,,,,,
,,,,,,,,,,,,
,,,,,,,,,,,,
,,,,,,,,,,,,
,,,,,,,,,,,,
,,,,,,,,,,,,
,,,,,,,,,,,,
,,,,,,,,,,,,
,,,,,,,,,,,,
,,,,,,,,,,,,
,,,,,,,,,,,,
,,,,,,,,,,,,
,,,,,,,,,,,,
,,,,,,,,,,,,
,,,,,,,,,,,,
,,,,,,,,,,,,
,,,,,,,,,,,,
,,,,,,,,,,,,
,,,,,,,,,,,,
,,,,,,,,,,,,
,,,,,,,,,,,,
,,,,,,,,,,,,
,,,,,,,,,,,,
,,,,,,,,,,,,
,,,,,,,,,,,,
,,,,,,,,,,,,
,,,,,,,,,,,,
,,,,,,,,,,,,
,,,,,,,,,,,,
,,,,,,,,,,,,
,,,,,,,,,,,,
,,,,,,,,,,,,
,,,,,,,,,,,,
,,,,,,,,,,,,
,,,,,,,,,,,,
,,,,,,,,,,,,
,,,,,,,,,,,,
,,,,,,,,,,,,
,,,,,,,,,,,,
,,,,,,,,,,,,
,,,,,,,,,,,,
,,,,,,,,,,,,
,,,,,,,,,,,,
,,,,,,,,,,,,
,,,,,,,,,,,,
,,,,,,,,,,,,
,,,,,,,,,,,,
,,,,,,,,,,,,
,,,,,,,,,,,,
,,,,,,,,,,,,
,,,,,,,,,,,,
,,,,,,,,,,,,
,,,,,,,,,,,,
,,,,,,,,,,,,
,,,,,,,,,,,,
,,,,,,,,,,,,
,,,,,,,,,,,,
,,,,,,,,,,,,
,,,,,,,,,,,,
,,,,,,,,,,,,
,,,,,,,,,,,,
,,,,,,,,,,,,
,,,,,,,,,,,,
,,,,,,,,,,,,
,,,,,,,,,,,,
,,,,,,,,,,,,
,,,,,,,,,,,,
,,,,,,,,,,,,
,,,,,,,,,,,,
,,,,,,,,,,,,
,,,,,,,,,,,,
,,,,,,,,,,,,
,,,,,,,,,,,,
,,,,,,,,,,,,
,,,,,,,,,,,,
,,,,,,,,,,,,
,,,,,,,,,,,,
,,,,,,,,,,,,
,,,,,,,,,,,,
,,,,,,,,,,,,
,,,,,,,,,,,,
,,,,,,,,,,,,
,,,,,,,,,,,,
,,,,,,,,,,,,
,,,,,,,,,,,,
,,,,,,,,,,,,
,,,,,,,,,,,,
,,,,,,,,,,,,
,,,,,,,,,,,,
,,,,,,,,,,,,
,,,,,,,,,,,,
,,,,,,,,,,,,
,,,,,,,,,,,,
,,,,,,,,,,,,
,,,,,,,,,,,,
,,,,,,,,,,,,
,,,,,,,,,,,,
,,,,,,,,,,,,
,,,,,,,,,,,,
,,,,,,,,,,,,
,,,,,,,,,,,,
,,,,,,,,,,,,
,,,,,,,,,,,,
,,,,,,,,,,,,
,,,,,,,,,,,,
,,,,,,,,,,,,
,,,,,,,,,,,,
,,,,,,,,,,,,
,,,,,,,,,,,,
,,,,,,,,,,,,
,,,,,,,,,,,,
,,,,,,,,,,,,
,,,,,,,,,,,,
,,,,,,,,,,,,
,,,,,,,,,,,,
,,,,,,,,,,,,
,,,,,,,,,,,,
,,,,,,,,,,,,
,,,,,,,,,,,,
,,,,,,,,,,,,
,,,,,,,,,,,,
,,,,,,,,,,,,
,,,,,,,,,,,,
,,,,,,,,,,,,
,,,,,,,,,,,,
,,,,,,,,,,,,
,,,,,,,,,,,,
,,,,,,,,,,,,
,,,,,,,,,,,,
,,,,,,,,,,,,
,,,,,,,,,,,,
,,,,,,,,,,,,
,,,,,,,,,,,,
,,,,,,,,,,,,
,,,,,,,,,,,,
,,,,,,,,,,,,
,,,,,,,,,,,,
,,,,,,,,,,,,
,,,,,,,,,,,,
,,,,,,,,,,,,
,,,,,,,,,,,,
,,,,,,,,,,,,
,,,,,,,,,,,,
,,,,,,,,,,,,
,,,,,,,,,,,,
,,,,,,,,,,,,
,,,,,,,,,,,,
,,,,,,,,,,,,
,,,,,,,,,,,,
,,,,,,,,,,,,
,,,,,,,,,,,,
,,,,,,,,,,,,
,,,,,,,,,,,,
,,,,,,,,,,,,
,,,,,,,,,,,,
,,,,,,,,,,,,
,,,,,,,,,,,,
,,,,,,,,,,,,
,,,,,,,,,,,,
,,,,,,,,,,,,
,,,,,,,,,,,,
,,,,,,,,,,,,
,,,,,,,,,,,,
,,,,,,,,,,,,
,,,,,,,,,,,,
,,,,,,,,,,,,
,,,,,,,,,,,,
,,,,,,,,,,,,
,,,,,,,,,,,,
,,,,,,,,,,,,
,,,,,,,,,,,,
,,,,,,,,,,,,
,,,,,,,,,,,,
,,,,,,,,,,,,
,,,,,,,,,,,,
,,,,,,,,,,,,
,,,,,,,,,,,,
,,,,,,,,,,,,
,,,,,,,,,,,,
,,,,,,,,,,,,
,,,,,,,,,,,,
,,,,,,,,,,,,
,,,,,,,,,,,,
,,,,,,,,,,,,
,,,,,,,,,,,,
,,,,,,,,,,,,
,,,,,,,,,,,,
,,,,,,,,,,,,
,,,,,,,,,,,,
,,,,,,,,,,,,
,,,,,,,,,,,,
,,,,,,,,,,,,
,,,,,,,,,,,,
,,,,,,,,,,,,
,,,,,,,,,,,,
,,,,,,,,,,,,
,,,,,,,,,,,,
,,,,,,,,,,,,
,,,,,,,,,,,,
,,,,,,,,,,,,
,,,,,,,,,,,,
,,,,,,,,,,,,
,,,,,,,,,,,,
,,,,,,,,,,,,
,,,,,,,,,,,,
,,,,,,,,,,,,
,,,,,,,,,,,,
,,,,,,,,,,,,
,,,,,,,,,,,,
,,,,,,,,,,,,
,,,,,,,,,,,,
,,,,,,,,,,,,
,,,,,,,,,,,,
,,,,,,,,,,,,
,,,,,,,,,,,,
,,,,,,,,,,,,
,,,,,,,,,,,,
,,,,,,,,,,,,
,,,,,,,,,,,,
,,,,,,,,,,,,
,,,,,,,,,,,,
,,,,,,,,,,,,
,,,,,,,,,,,,
,,,,,,,,,,,,
,,,,,,,,,,,,
,,,,,,,,,,,,
,,,,,,,,,,,,
,,,,,,,,,,,,
,,,,,,,,,,,,
,,,,,,,,,,,,
,,,,,,,,,,,,
,,,,,,,,,,,,
,,,,,,,,,,,,
,,,,,,,,,,,,
,,,,,,,,,,,,
,,,,,,,,,,,,
,,,,,,,,,,,,
,,,,,,,,,,,,
,,,,,,,,,,,,
,,,,,,,,,,,,
,,,,,,,,,,,,
,,,,,,,,,,,,
,,,,,,,,,,,,
,,,,,,,,,,,,
,,,,,,,,,,,,
,,,,,,,,,,,,
,,,,,,,,,,,,
,,,,,,,,,,,,
,,,,,,,,,,,,
,,,,,,,,,,,,
,,,,,,,,,,,,
,,,,,,,,,,,,
,,,,,,,,,,,,
,,,,,,,,,,,,
,,,,,,,,,,,,
,,,,,,,,,,,,
,,,,,,,,,,,,
,,,,,,,,,,,,
,,,,,,,,,,,,
,,,,,,,,,,,,
,,,,,,,,,,,,
,,,,,,,,,,,,
,,,,,,,,,,,,
,,,,,,,,,,,,
,,,,,,,,,,,,
,,,,,,,,,,,,
,,,,,,,,,,,,
,,,,,,,,,,,,
,,,,,,,,,,,,
,,,,,,,,,,,,
,,,,,,,,,,,,
,,,,,,,,,,,,
,,,,,,,,,,,,
,,,,,,,,,,,,
,,,,,,,,,,,,
,,,,,,,,,,,,
,,,,,,,,,,,,
,,,,,,,,,,,,
,,,,,,,,,,,,
,,,,,,,,,,,,
,,,,,,,,,,,,
,,,,,,,,,,,,
,,,,,,,,,,,,
,,,,,,,,,,,,
,,,,,,,,,,,,
,,,,,,,,,,,,
,,,,,,,,,,,,
,,,,,,,,,,,,
,,,,,,,,,,,,
,,,,,,,,,,,,
,,,,,,,,,,,,
,,,,,,,,,,,,
,,,,,,,,,,,,
,,,,,,,,,,,,
,,,,,,,,,,,,
,,,,,,,,,,,,
,,,,,,,,,,,,
,,,,,,,,,,,,
,,,,,,,,,,,,
,,,,,,,,,,,,
,,,,,,,,,,,,
,,,,,,,,,,,,
,,,,,,,,,,,,
,,,,,,,,,,,,
,,,,,,,,,,,,
,,,,,,,,,,,,
,,,,,,,,,,,,
,,,,,,,,,,,,
,,,,,,,,,,,,
,,,,,,,,,,,,
,,,,,,,,,,,,
,,,,,,,,,,,,
,,,,,,,,,,,,
,,,,,,,,,,,,
,,,,,,,,,,,,
,,,,,,,,,,,,
,,,,,,,,,,,,
,,,,,,,,,,,,
,,,,,,,,,,,,
,,,,,,,,,,,,
,,,,,,,,,,,,
,,,,,,,,,,,,
,,,,,,,,,,,,
,,,,,,,,,,,,
,,,,,,,,,,,,
,,,,,,,,,,,,
,,,,,,,,,,,,
,,,,,,,,,,,,
,,,,,,,,,,,,
,,,,,,,,,,,,
,,,,,,,,,,,,
,,,,,,,,,,,,
,,,,,,,,,,,,
,,,,,,,,,,,,
,,,,,,,,,,,,
,,,,,,,,,,,,
,,,,,,,,,,,,
,,,,,,,,,,,,
,,,,,,,,,,,,
,,,,,,,,,,,,
,,,,,,,,,,,,
,,,,,,,,,,,,
,,,,,,,,,,,,
,,,,,,,,,,,,
,,,,,,,,,,,,
,,,,,,,,,,,,
,,,,,,,,,,,,
,,,,,,,,,,,,
,,,,,,,,,,,,
,,,,,,,,,,,,
,,,,,,,,,,,,
,,,,,,,,,,,,
,,,,,,,,,,,,
,,,,,,,,,,,,
,,,,,,,,,,,,
,,,,,,,,,,,,
,,,,,,,,,,,,
,,,,,,,,,,,,
,,,,,,,,,,,,
,,,,,,,,,,,,
,,,,,,,,,,,,
,,,,,,,,,,,,
,,,,,,,,,,,,
,,,,,,,,,,,,
,,,,,,,,,,,,
,,,,,,,,,,,,
,,,,,,,,,,,,
,,,,,,,,,,,,
,,,,,,,,,,,,
,,,,,,,,,,,,
,,,,,,,,,,,,
,,,,,,,,,,,,
,,,,,,,,,,,,
,,,,,,,,,,,,
,,,,,,,,,,,,
,,,,,,,,,,,,
,,,,,,,,,,,,
,,,,,,,,,,,,
,,,,,,,,,,,,
,,,,,,,,,,,,
,,,,,,,,,,,,
,,,,,,,,,,,,
,,,,,,,,,,,,
,,,,,,,,,,,,
,,,,,,,,,,,,
,,,,,,,,,,,,
,,,,,,,,,,,,
,,,,,,,,,,,,
,,,,,,,,,,,,
,,,,,,,,,,,,
,,,,,,,,,,,,
,,,,,,,,,,,,
,,,,,,,,,,,,
,,,,,,,,,,,,
,,,,,,,,,,,,
,,,,,,,,,,,,
,,,,,,,,,,,,
,,,,,,,,,,,,
,,,,,,,,,,,,
,,,,,,,,,,,,
,,,,,,,,,,,,
,,,,,,,,,,,,
,,,,,,,,,,,,
,,,,,,,,,,,,
,,,,,,,,,,,,
,,,,,,,,,,,,
,,,,,,,,,,,,
,,,,,,,,,,,,
,,,,,,,,,,,,
,,,,,,,,,,,,
,,,,,,,,,,,,
,,,,,,,,,,,,
,,,,,,,,,,,,
,,,,,,,,,,,,
,,,,,,,,,,,,
,,,,,,,,,,,,
,,,,,,,,,,,,
,,,,,,,,,,,,
,,,,,,,,,,,,
,,,,,,,,,,,,
,,,,,,,,,,,,
,,,,,,,,,,,,
,,,,,,,,,,,,
,,,,,,,,,,,,
,,,,,,,,,,,,
,,,,,,,,,,,,
,,,,,,,,,,,,
,,,,,,,,,,,,
,,,,,,,,,,,,
,,,,,,,,,,,,
,,,,,,,,,,,,
,,,,,,,,,,,,
,,,,,,,,,,,,
,,,,,,,,,,,,
,,,,,,,,,,,,
,,,,,,,,,,,,
,,,,,,,,,,,,
,,,,,,,,,,,,
,,,,,,,,,,,,
,,,,,,,,,,,,
,,,,,,,,,,,,
,,,,,,,,,,,,
,,,,,,,,,,,,
,,,,,,,,,,,,
,,,,,,,,,,,,
,,,,,,,,,,,,
,,,,,,,,,,,,
,,,,,,,,,,,,
,,,,,,,,,,,,
,,,,,,,,,,,,
,,,,,,,,,,,,
,,,,,,,,,,,,
,,,,,,,,,,,,
,,,,,,,,,,,,
,,,,,,,,,,,,
,,,,,,,,,,,,
,,,,,,,,,,,,
,,,,,,,,,,,,
,,,,,,,,,,,,
,,,,,,,,,,,,
,,,,,,,,,,,,
,,,,,,,,,,,,
,,,,,,,,,,,,
,,,,,,,,,,,,
,,,,,,,,,,,,
,,,,,,,,,,,,
,,,,,,,,,,,,
,,,,,,,,,,,,
,,,,,,,,,,,,
,,,,,,,,,,,,
,,,,,,,,,,,,
,,,,,,,,,,,,
,,,,,,,,,,,,
,,,,,,,,,,,,
,,,,,,,,,,,,
,,,,,,,,,,,,
,,,,,,,,,,,,
,,,,,,,,,,,,
,,,,,,,,,,,,
,,,,,,,,,,,,
,,,,,,,,,,,,
,,,,,,,,,,,,
,,,,,,,,,,,,
,,,,,,,,,,,,
,,,,,,,,,,,,
,,,,,,,,,,,,
,,,,,,,,,,,,
,,,,,,,,,,,,
,,,,,,,,,,,,
,,,,,,,,,,,,
,,,,,,,,,,,,
,,,,,,,,,,,,
,,,,,,,,,,,,
,,,,,,,,,,,,
,,,,,,,,,,,,
,,,,,,,,,,,,
,,,,,,,,,,,,
,,,,,,,,,,,,
,,,,,,,,,,,,
,,,,,,,,,,,,
,,,,,,,,,,,,
,,,,,,,,,,,,
,,,,,,,,,,,,
,,,,,,,,,,,,
,,,,,,,,,,,,
,,,,,,,,,,,,
,,,,,,,,,,,,
,,,,,,,,,,,,
,,,,,,,,,,,,
,,,,,,,,,,,,
,,,,,,,,,,,,
,,,,,,,,,,,,
,,,,,,,,,,,,
,,,,,,,,,,,,
,,,,,,,,,,,,
,,,,,,,,,,,,
,,,,,,,,,,,,
,,,,,,,,,,,,
,,,,,,,,,,,,
,,,,,,,,,,,,
,,,,,,,,,,,,
,,,,,,,,,,,,
,,,,,,,,,,,,
,,,,,,,,,,,,
,,,,,,,,,,,,
,,,,,,,,,,,,
,,,,,,,,,,,,
,,,,,,,,,,,,
,,,,,,,,,,,,
,,,,,,,,,,,,
,,,,,,,,,,,,
,,,,,,,,,,,,
,,,,,,,,,,,,
,,,,,,,,,,,,
,,,,,,,,,,,,
,,,,,,,,,,,,
,,,,,,,,,,,,
,,,,,,,,,,,,
,,,,,,,,,,,,
,,,,,,,,,,,,
,,,,,,,,,,,,
,,,,,,,,,,,,
,,,,,,,,,,,,
,,,,,,,,,,,,
,,,,,,,,,,,,
,,,,,,,,,,,,
,,,,,,,,,,,,
,,,,,,,,,,,,
,,,,,,,,,,,,
,,,,,,,,,,,,
,,,,,,,,,,,,
,,,,,,,,,,,,
,,,,,,,,,,,,
,,,,,,,,,,,,
,,,,,,,,,,,,
,,,,,,,,,,,,
,,,,,,,,,,,,
,,,,,,,,,,,,
,,,,,,,,,,,,
,,,,,,,,,,,,
,,,,,,,,,,,,
,,,,,,,,,,,,
,,,,,,,,,,,,
,,,,,,,,,,,,
,,,,,,,,,,,,
,,,,,,,,,,,,
,,,,,,,,,,,,
,,,,,,,,,,,,
,,,,,,,,,,,,
,,,,,,,,,,,,
,,,,,,,,,,,,
,,,,,,,,,,,,
,,,,,,,,,,,,
,,,,,,,,,,,,
,,,,,,,,,,,,
,,,,,,,,,,,,
,,,,,,,,,,,,
,,,,,,,,,,,,
,,,,,,,,,,,,
,,,,,,,,,,,,
,,,,,,,,,,,,
,,,,,,,,,,,,
,,,,,,,,,,,,
,,,,,,,,,,,,
,,,,,,,,,,,,
,,,,,,,,,,,,
,,,,,,,,,,,,
,,,,,,,,,,,,
,,,,,,,,,,,,
,,,,,,,,,,,,
,,,,,,,,,,,,
,,,,,,,,,,,,
,,,,,,,,,,,,
,,,,,,,,,,,,
,,,,,,,,,,,,
,,,,,,,,,,,,
,,,,,,,,,,,,
,,,,,,,,,,,,
,,,,,,,,,,,,
,,,,,,,,,,,,
,,,,,,,,,,,,
,,,,,,,,,,,,
,,,,,,,,,,,,
,,,,,,,,,,,,
,,,,,,,,,,,,
,,,,,,,,,,,,
,,,,,,,,,,,,
,,,,,,,,,,,,
,,,,,,,,,,,,
,,,,,,,,,,,,
,,,,,,,,,,,,
,,,,,,,,,,,,
,,,,,,,,,,,,
,,,,,,,,,,,,
,,,,,,,,,,,,
,,,,,,,,,,,,
,,,,,,,,,,,,
,,,,,,,,,,,,
,,,,,,,,,,,,
,,,,,,,,,,,,
,,,,,,,,,,,,
,,,,,,,,,,,,
,,,,,,,,,,,,
,,,,,,,,,,,,
,,,,,,,,,,,,
,,,,,,,,,,,,
,,,,,,,,,,,,
,,,,,,,,,,,,
,,,,,,,,,,,,
,,,,,,,,,,,,
,,,,,,,,,,,,
,,,,,,,,,,,,
,,,,,,,,,,,,
,,,,,,,,,,,,
,,,,,,,,,,,,
,,,,,,,,,,,,
,,,,,,,,,,,,
,,,,,,,,,,,,
,,,,,,,,,,,,
,,,,,,,,,,,,
,,,,,,,,,,,,
,,,,,,,,,,,,
,,,,,,,,,,,,
,,,,,,,,,,,,
,,,,,,,,,,,,
,,,,,,,,,,,,
,,,,,,,,,,,,
,,,,,,,,,,,,
,,,,,,,,,,,,
,,,,,,,,,,,,
,,,,,,,,,,,,
,,,,,,,,,,,,
,,,,,,,,,,,,
,,,,,,,,,,,,
,,,,,,,,,,,,
,,,,,,,,,,,,
,,,,,,,,,,,,
,,,,,,,,,,,,
,,,,,,,,,,,,
,,,,,,,,,,,,
,,,,,,,,,,,,
,,,,,,,,,,,,
,,,,,,,,,,,,
,,,,,,,,,,,,
,,,,,,,,,,,,
,,,,,,,,,,,,
,,,,,,,,,,,,
,,,,,,,,,,,,
,,,,,,,,,,,,
,,,,,,,,,,,,
,,,,,,,,,,,,
,,,,,,,,,,,,
,,,,,,,,,,,,
,,,,,,,,,,,,
,,,,,,,,,,,,
,,,,,,,,,,,,
,,,,,,,,,,,,
,,,,,,,,,,,,
,,,,,,,,,,,,
,,,,,,,,,,,,
,,,,,,,,,,,,
,,,,,,,,,,,,
,,,,,,,,,,,,
,,,,,,,,,,,,
,,,,,,,,,,,,
,,,,,,,,,,,,
,,,,,,,,,,,,
,,,,,,,,,,,,
,,,,,,,,,,,,
,,,,,,,,,,,,
,,,,,,,,,,,,
,,,,,,,,,,,,
,,,,,,,,,,,,
,,,,,,,,,,,,
,,,,,,,,,,,,
,,,,,,,,,,,,
,,,,,,,,,,,,
,,,,,,,,,,,,
,,,,,,,,,,,,
,,,,,,,,,,,,
,,,,,,,,,,,,
,,,,,,,,,,,,
,,,,,,,,,,,,
,,,,,,,,,,,,
,,,,,,,,,,,,
,,,,,,,,,,,,
,,,,,,,,,,,,
,,,,,,,,,,,,
,,,,,,,,,,,,
,,,,,,,,,,,,
,,,,,,,,,,,,
,,,,,,,,,,,,
,,,,,,,,,,,,
,,,,,,,,,,,,
,,,,,,,,,,,,
,,,,,,,,,,,,
,,,,,,,,,,,,
,,,,,,,,,,,,
,,,,,,,,,,,,
,,,,,,,,,,,,
,,,,,,,,,,,,
,,,,,,,,,,,,
,,,,,,,,,,,,
,,,,,,,,,,,,
,,,,,,,,,,,,
,,,,,,,,,,,,
,,,,,,,,,,,,
,,,,,,,,,,,,
,,,,,,,,,,,,
,,,,,,,,,,,,
,,,,,,,,,,,,
,,,,,,,,,,,,
,,,,,,,,,,,,
,,,,,,,,,,,,
,,,,,,,,,,,,
,,,,,,,,,,,,
,,,,,,,,,,,,
,,,,,,,,,,,,
,,,,,,,,,,,,
,,,,,,,,,,,,
,,,,,,,,,,,,
,,,,,,,,,,,,
,,,,,,,,,,,,
,,,,,,,,,,,,
,,,,,,,,,,,,
,,,,,,,,,,,,
,,,,,,,,,,,,
,,,,,,,,,,,,
,,,,,,,,,,,,
,,,,,,,,,,,,
,,,,,,,,,,,,
,,,,,,,,,,,,
,,,,,,,,,,,,
,,,,,,,,,,,,
,,,,,,,,,,,,
,,,,,,,,,,,,
,,,,,,,,,,,,
,,,,,,,,,,,,
,,,,,,,,,,,,
,,,,,,,,,,,,
,,,,,,,,,,,,
,,,,,,,,,,,,
,,,,,,,,,,,,
,,,,,,,,,,,,
,,,,,,,,,,,,
,,,,,,,,,,,,
,,,,,,,,,,,,
,,,,,,,,,,,,
,,,,,,,,,,,,
,,,,,,,,,,,,
,,,,,,,,,,,,
,,,,,,,,,,,,
,,,,,,,,,,,,
,,,,,,,,,,,,
,,,,,,,,,,,,
,,,,,,,,,,,,
,,,,,,,,,,,,
,,,,,,,,,,,,
,,,,,,,,,,,,
,,,,,,,,,,,,
,,,,,,,,,,,,
,,,,,,,,,,,,
,,,,,,,,,,,,
,,,,,,,,,,,,
,,,,,,,,,,,,
,,,,,,,,,,,,
,,,,,,,,,,,,
,,,,,,,,,,,,
,,,,,,,,,,,,
,,,,,,,,,,,,
,,,,,,,,,,,,
,,,,,,,,,,,,
,,,,,,,,,,,,
,,,,,,,,,,,,
,,,,,,,,,,,,
,,,,,,,,,,,,
,,,,,,,,,,,,
,,,,,,,,,,,,
,,,,,,,,,,,,
,,,,,,,,,,,,
,,,,,,,,,,,,
,,,,,,,,,,,,
,,,,,,,,,,,,
,,,,,,,,,,,,
,,,,,,,,,,,,
,,,,,,,,,,,,
,,,,,,,,,,,,
,,,,,,,,,,,,
,,,,,,,,,,,,
,,,,,,,,,,,,
,,,,,,,,,,,,
,,,,,,,,,,,,
,,,,,,,,,,,,
,,,,,,,,,,,,
,,,,,,,,,,,,
,,,,,,,,,,,,
,,,,,,,,,,,,
,,,,,,,,,,,,
,,,,,,,,,,,,
,,,,,,,,,,,,
,,,,,,,,,,,,
,,,,,,,,,,,,
,,,,,,,,,,,,
,,,,,,,,,,,,
,,,,,,,,,,,,
,,,,,,,,,,,,
,,,,,,,,,,,,
,,,,,,,,,,,,
,,,,,,,,,,,,
,,,,,,,,,,,,
,,,,,,,,,,,,
,,,,,,,,,,,,
,,,,,,,,,,,,
,,,,,,,,,,,,
,,,,,,,,,,,,
,,,,,,,,,,,,
,,,,,,,,,,,,
,,,,,,,,,,,,
,,,,,,,,,,,,
,,,,,,,,,,,,
,,,,,,,,,,,,
,,,,,,,,,,,,
,,,,,,,,,,,,
,,,,,,,,,,,,
,,,,,,,,,,,,
,,,,,,,,,,,,
,,,,,,,,,,,,
,,,,,,,,,,,,
,,,,,,,,,,,,
,,,,,,,,,,,,
,,,,,,,,,,,,
,,,,,,,,,,,,
,,,,,,,,,,,,
,,,,,,,,,,,,
,,,,,,,,,,,,
,,,,,,,,,,,,
,,,,,,,,,,,,
,,,,,,,,,,,,
,,,,,,,,,,,,
,,,,,,,,,,,,
,,,,,,,,,,,,
,,,,,,,,,,,,
,,,,,,,,,,,,
,,,,,,,,,,,,
,,,,,,,,,,,,
,,,,,,,,,,,,
,,,,,,,,,,,,
,,,,,,,,,,,,
,,,,,,,,,,,,
,,,,,,,,,,,,
,,,,,,,,,,,,
,,,,,,,,,,,,
,,,,,,,,,,,,
